batchbuilder,ErrorType,DeletedBy,FK_BatchBuilder_ErrorType_DeletedBy_Users_EntityID,dbo,Users,EntityID
batchbuilder,FormElementMap,FormElementTypeID,FK_FormElementMap_FormElementType,dbo,FormElementType,ElementTypeID
batchbuilder,UploadedTemplate,CreatedBy,FK_BatchBuilder_UploadedTemplate_CreatedBy_Users_EntityID,dbo,Users,EntityID
batchbuilder,UploadedTemplate,DeletedBy,FK_BatchBuilder_UploadedTemplate_DeletedBy_Users_EntityID,dbo,Users,EntityID
batchbuilder,UploadedTemplate,LastModifiedBy,FK_BatchBuilder_UploadedTemplate_LastModifiedBy_Users_EntityID,dbo,Users,EntityID
batchbuilder,UploadedTemplateError,UploadedTemplateID,FK_BatchBuilder_UploadedTemplateError_UploadedTemplateID_UploadedTemplate_UploadedTemplateID,batchbuilder,UploadedTemplate,UploadedTemplateID
batchbuilder,UploadedTemplateError,ErrorTypeID,FK_BatchBuilder_UploadedTemplateError_ErrorTypeID_ErrorType_ErrorTypeID,batchbuilder,ErrorType,ErrorTypeID
batchbuilder,UploadedTemplateError,ErrorTypeID,FK_BatchBuilder_UploadedTemplateError_ValidationErrorTypeID_ValidationErrorType_ValidationErrorTypeID,batchbuilder,ValidationErrorType,ValidationErrorTypeID
batchbuilder,UploadedTemplateError,CreatedBy,FK_BatchBuilder_UploadedTemplateError_CreatedBy_Users_EntityID,dbo,Users,EntityID
batchbuilder,UploadedTemplateError,DeletedBy,FK_BatchBuilder_UploadedTemplateError_DeletedBy_Users_EntityID,dbo,Users,EntityID
batchbuilder,ValidationErrorType,DeletedBy,FK_BatchBuilder_ValidationErrorType_DeletedBy_Users_EntityID,dbo,Users,EntityID
cars,Report,ReportFolderID,FK_Report_ReportFolder,cars,ReportFolder,ReportFolderID
cars,Report,ReportTypeID,FK_Report_ReportType,cars,ReportType,ReportTypeID
cars,Report,QuerySourceID,FK_Report_QuerySource,cars,QuerySource,QuerySourceID
cars,Report,QueryID,FK_Report_Query,dbo,Query,QueryID
cars,Report,CreatedBy,FK_Report_Users_CreatedBy,dbo,Users,EntityID
cars,Report,LastModifiedBy,FK_Report_Users_LastModifiedBy,dbo,Users,EntityID
cars,Report,DeletedBy,FK_Report_Users_DeletedBy,dbo,Users,EntityID
cars,Report,OwnedByOrgID,FK_Report_Organization,dbo,Organization,EntityID
cars,ReportFolder,CreatedBy,FK_ReportFolder_Users_CreatedBy,dbo,Users,EntityID
cars,ReportFolder,LastModifiedBy,FK_ReportFolder_Users_LastModifiedBy,dbo,Users,EntityID
cars,ReportFolder,DeletedBy,FK_ReportFolder_Users_DeletedBy,dbo,Users,EntityID
cars,ReportFolder,OwnedByOrgID,FK_ReportFolder_Organization,dbo,Organization,EntityID
cars,Template,CreatedBy,FK_Template_Users_CreatedBy,dbo,Users,EntityID
cars,Template,LastModifiedBy,FK_Template_Users_LastModifiedBy,dbo,Users,EntityID
cars,Template,DeletedBy,FK_Template_Users_DeletedBy,dbo,Users,EntityID
cars,Template,OwnedByOrgID,FK_Template_Organization,dbo,Organization,EntityID
cars,Theme,ThemeTypeID,FK_Theme_ThemeType,cars,ThemeType,ThemeTypeID
cars,Theme,CreatedBy,FK_Theme_Users_CreatedBy,dbo,Users,EntityID
cars,Theme,LastModifiedBy,FK_Theme_Users_LastModifiedBy,dbo,Users,EntityID
cars,Theme,DeletedBy,FK_Theme_Users_DeletedBy,dbo,Users,EntityID
cars,Theme,OwnedByOrgID,FK_Theme_Organization,dbo,Organization,EntityID
claimsexchange,Download837,CreatedBy,FK_Download837_CreatedBy_Users_EntityID,dbo,Users,EntityID
claimsexchange,Download837,DeletedBy,FK_Download837_DeletedBy_Users_EntityID,dbo,Users,EntityID
claimsexchange,Download837,LastModifiedBy,FK_Download837_LastModifiedBy_Users_EntityID,dbo,Users,EntityID
claimsexchange,Download837,OwnedByOrgID,FK_Download837_OwnedByOrgID_Organization_EntityID,dbo,Organization,EntityID
commhub,Room,RoomAudienceID,FK_Room_RoomAudienceID_RoomAudience_RoomAudienceID,commhub,RoomAudience,RoomAudienceID
commhub,Room,CreatedBy,FK_Room_CreatedBy_Users_EntityID,dbo,Users,EntityID
commhub,Room,DeletedBy,FK_Room_DeletedBy_Users_EntityID,dbo,Users,EntityID
commhub,Room,LastModifiedBy,FK_Room_LastModifiedBy_Users_EntityID,dbo,Users,EntityID
commhub,RoomActivity,RoomID,FK_RoomActivity_RoomID_Room_RoomID,commhub,Room,RoomID
commhub,RoomActivity,EntityID,FK_RoomActivity_EntityID_Users_EntityID,dbo,Users,EntityID
commhub,RoomActivity,RoomActivitySourceID,FK_RoomActivity_RoomActivitySourceID_RoomActivitySource_RoomActivitySourceID,commhub,RoomActivitySource,RoomActivitySourceID
commhub,RoomActivity,RoomActivityTypeID,FK_RoomActivity_RoomActivityTypeID_RoomActivityType_RoomActivityTypeID,commhub,RoomActivityType,RoomActivityTypeID
commhub,RoomActivity,RoomActivityAttachmentID,FK_RoomActivity_RoomActivityAttachmentID_RoomActivityAttachment_RoomActivityAttachmentID,commhub,RoomActivityAttachment,RoomActivityAttachmentID
commhub,RoomActivity,CreatedBy,FK_RoomActivity_CreatedBy_Users_EntityID,dbo,Users,EntityID
commhub,RoomActivity,DeletedBy,FK_RoomActivity_DeletedBy_Users_EntityID,dbo,Users,EntityID
commhub,RoomActivity,LastModifiedBy,FK_RoomActivity_LastModifiedBy_Users_EntityID,dbo,Users,EntityID
commhub,RoomActivity,AppointmentID,FK_RoomActivity_AppointmentID_Appointment_AppointmentID,dbo,Appointment,AppointmentID
commhub,RoomActivityAttachment,CreatedBy,FK_RoomActivityAttachment_CreatedBy_Users_EntityID,dbo,Users,EntityID
commhub,RoomActivityAttachment,DeletedBy,FK_RoomActivityAttachment_DeletedBy_Users_EntityID,dbo,Users,EntityID
commhub,RoomActivityAttachment,LastModifiedBy,FK_RoomActivityAttachment_LastModifiedBy_Users_EntityID,dbo,Users,EntityID
commhub,RoomActivityRoute,RoomActivityRouteID,FK_RoomActivity_RoomActivityRouteID_RoomActivityRoute_RoomActivityRouteID,commhub,RoomActivityRoute,RoomActivityRouteID
commhub,RoomAppointment,RoomID,FK_RoomAppointment_RoomID_Room_RoomID,commhub,Room,RoomID
commhub,RoomAppointment,AppointmentID,FK_RoomAppointment_AppointmentID_Appointment_AppointmentID,dbo,Appointment,AppointmentID
commhub,RoomAppointment,CreatedBy,FK_RoomAppointment_CreatedBy_Users_EntityID,dbo,Users,EntityID
commhub,RoomAppointment,DeletedBy,FK_RoomAppointment_DeletedBy_Users_EntityID,dbo,Users,EntityID
commhub,RoomAppointment,LastModifiedBy,FK_RoomAppointment_LastModifiedBy_Users_EntityID,dbo,Users,EntityID
commhub,RoomAudience,CreatedBy,FK_RoomAudience_CreatedBy_Users_EntityID,dbo,Users,EntityID
commhub,RoomAudience,DeletedBy,FK_RoomAudience_DeletedBy_Users_EntityID,dbo,Users,EntityID
commhub,RoomAudience,LastModifiedBy,FK_RoomAudience_LastModifiedBy_Users_EntityID,dbo,Users,EntityID
commhub,RoomCall,CreatedBy,FK_RoomCall_CreatedBy_Users_EntityID,dbo,Users,EntityID
commhub,RoomCall,DeletedBy,FK_RoomCall_DeletedBy_Users_EntityID,dbo,Users,EntityID
commhub,RoomCall,LastModifiedBy,FK_RoomCall_LastModifiedBy_Users_EntityID,dbo,Users,EntityID
commhub,RoomParticipant,RoomID,FK_RoomParticipant_RoomID_Room_RoomID,commhub,Room,RoomID
commhub,RoomParticipant,EntityID,FK_RoomParticipant_EntityID_Users_EntityID,dbo,Users,EntityID
commhub,RoomParticipant,LastRoomActivityID,FK_RoomParticipant_LastRoomActivityID_RoomActivity_RoomActivityID,commhub,RoomActivity,RoomActivityID
commhub,RoomParticipant,CreatedBy,FK_RoomParticipant_CreatedBy_Users_EntityID,dbo,Users,EntityID
commhub,RoomParticipant,DeletedBy,FK_RoomParticipant_DeletedBy_Users_EntityID,dbo,Users,EntityID
commhub,RoomParticipant,LastModifiedBy,FK_RoomParticipant_LastModifiedBy_Users_EntityID,dbo,Users,EntityID
commhub,RoomPostedData,RoomID,FK_RoomPostedData_RoomID_Room_RoomID,commhub,Room,RoomID
commhub,RoomPostedData,AppointmentID,FK_RoomPostedData_AppointmentID_Appointment_AppointmentID,dbo,Appointment,AppointmentID
commhub,RoomPostedData,RoomCallID,FK_RoomPostedData_RoomCallID_RoomCall_RoomCallID,commhub,RoomCall,RoomCallID
commhub,RoomPostedData,DeletedBy,FK_RoomPostedData_DeletedBy_Users_EntityID,dbo,Users,EntityID
commhub,RoomPostedDataMessage,RoomPostedDataID,FK_RoomPostedDataMessage_RoomPostedDataID_RoomPostedData_RoomPostedDataID,commhub,RoomPostedData,RoomPostedDataID
commhub,RoomPostedDataParticipant,RoomPostedDataID,FK_RoomPostedDataParticipant_RoomPostedDataID_RoomPostedData_RoomPostedDataID,commhub,RoomPostedData,RoomPostedDataID
commhub,RoomTeam,RoomID,FK_RoomTeam_RoomID_Room_RoomID,commhub,Room,RoomID
commhub,RoomTeam,ApprovalGroupID,FK_RoomTeam_ApprovalGroupID_ApprovalGroup_ApprovalGroupID,dbo,ApprovalGroup,ApprovalGroupID
commhub,TokenLog,RoomCallID,FK_TokenLog_RoomCallID_RoomCall_RoomCallID,commhub,RoomCall,RoomCallID
commhub,TokenLog,CreatedBy,FK_TokenLog_CreatedBy_Users_EntityID,dbo,Users,EntityID
commhub,TokenLog,DeletedBy,FK_TokenLog_DeletedBy_Users_EntityID,dbo,Users,EntityID
commhub,TokenLog,LastModifiedBy,FK_TokenLog_LastModifiedBy_Users_EntityID,dbo,Users,EntityID
commhub,UserStatus,EntityID,FK_UserStatus_EntityID_Users_EntityID,dbo,Users,EntityID
commhub,UserStatus,DeletedBy,FK_UserStatus_DeletedBy_Users_EntityID,dbo,Users,EntityID
commlink,Link,LinkRecipientID,FK_Link_LinkRecipientID_LinkRecipient_LinkRecipientID,commlink,LinkRecipient,LinkRecipientID
commlink,Link,LinkLifespanOptionID,FK_Link_LinkLifespanOptionID_LinkLifespanOption_LinkLifespanOptionID,commlink,LinkLifespanOption,LinkLifespanOptionID
commlink,Link,CreatedBy,FK_Link_CreatedBy_Users_EntityID,dbo,Users,EntityID
commlink,Link,DeletedBy,FK_Link_DeletedBy_Users_EntityID,dbo,Users,EntityID
commlink,Link,LastModifiedBy,FK_Link_LastModifiedBy_Users_EntityID,dbo,Users,EntityID
commlink,LinkDeliveryMethod,DeletedBy,FK_LinkDeliveryMethod_DeletedBy_Users_EntityID,dbo,Users,EntityID
commlink,LinkLifespanOption,DeletedBy,FK_LinkLifespanOption_DeletedBy_Users_EntityID,dbo,Users,EntityID
commlink,LinkMapParameter,LinkSettingID,FK_LinkMapParameter_LinkSettingID_LinkSetting_LinkSettingID,commlink,LinkSetting,LinkSettingID
commlink,LinkMapParameter,CreatedBy,FK_LinkMapParameter_CreatedBy_Users_EntityID,dbo,Users,EntityID
commlink,LinkMapParameter,DeletedBy,FK_LinkMapParameter_DeletedBy_Users_EntityID,dbo,Users,EntityID
commlink,LinkMapParameter,LastModifiedBy,FK_LinkMapParameter_LastModifiedBy_Users_EntityID,dbo,Users,EntityID
commlink,LinkRecipient,LinkSettingID,FK_LinkRecipient_LinkSettingID_LinkSetting_LinkSettingID,commlink,LinkSetting,LinkSettingID
commlink,LinkRecipient,EntityID,FK_LinkRecipient_EntityID_Entity_EntityID,dbo,Entity,EntityID
commlink,LinkRecipient,CreatedBy,FK_LinkRecipient_CreatedBy_Users_EntityID,dbo,Users,EntityID
commlink,LinkRecipient,DeletedBy,FK_LinkRecipient_DeletedBy_Users_EntityID,dbo,Users,EntityID
commlink,LinkSetting,CreatedBy,FK_LinkSetting_CreatedBy_Users_EntityID,dbo,Users,EntityID
commlink,LinkSetting,DeletedBy,FK_LinkSetting_DeletedBy_Users_EntityID,dbo,Users,EntityID
commlink,LinkSetting,LastModifiedBy,FK_LinkSetting_LastModifiedBy_Users_EntityID,dbo,Users,EntityID
commlink,LinkSetting,OwnedByOrgID,FK_LinkSetting_OwnedByOrgID_Orgranization_EntityID,dbo,Organization,EntityID
commlink,ObjectOpenedLog,LinkID,FK_ObjectOpenedLog_LinkID_Link_LinkID,commlink,Link,LinkID
commlink,SentLinkLog,LinkID,FK_SentLinkLog_LinkID_Link_LinkID,commlink,Link,LinkID
commlink,SentLinkLog,LinkDeliveryMethodID,FK_SentLinkLog_LinkDeliveryMethodID_LinkDeliveryMethod_LinkDeliveryMethodID,commlink,LinkDeliveryMethod,LinkDeliveryMethodID
commlink,SentLinkLog,IndividualDeliveryMethodID,FK_SentLinkLog_IndividualDeliveryMethodID_LinkDeliveryMethod_LinkDeliveryMethodID,commlink,LinkDeliveryMethod,LinkDeliveryMethodID
commlink,SentLinkLog,SentLinkTypeID,FK_SentLinkLog_SentLinkTypeID_SentLinkType_SentLinkTypeID,commlink,SentLinkType,SentLinkTypeID
commlink,SentLinkLog,CreatedBy,FK_SentLinkLog_CreatedBy_Users_EntityID,dbo,Users,EntityID
commlink,SentLinkType,DeletedBy,FK_SentLinkType_DeletedBy_Users_EntityID,dbo,Users,EntityID
dbo,AbsenceExtension,AbsenceID,FK_AbsenceExtension_AbsenceID,dbo,ResourceAbsence,AbsenceID
dbo,AbsenceExtension,ProgramstaffID,FK_AbsenceExtension_ProgramstaffID,dbo,Users,EntityID
dbo,AbsenceExtension,SchedulerID,FK_AbsenceExtension_SchedulerID,dbo,Users,EntityID
dbo,AbsenceExtension,SupervisorID,FK_AbsenceExtension_SupervisorID,dbo,Users,EntityID
dbo,AbsenceExtension,ResourceID,FK_AbsenceExtension_Resource,dbo,Resource,ResourceID
dbo,AbsenceExtension,ProviderID,FK_AbsenceExtension_Provider,dbo,Provider,EntityID
dbo,Account,ObligationProcessID,FK_Account_ApprovalObligationProcess,dbo,ApprovalObligationProcess,ObligationProcessID
dbo,Account,DefaultProviderID,FK_Account_Provider,dbo,Provider,EntityID
dbo,Account,OnlyPayOtherID,FK_Account_ProviderReferralOther,dbo,ProviderReferralOther,ReferralOtherID
dbo,Account,BankID,FK_Account_AccountBank,dbo,AccountBank,BankID
dbo,Account,OrgGroupID,FK_Account_OrgGroup,dbo,OrgGroup,OrgGroupID
dbo,Account,CreatedBy,FK_Account_Users,dbo,Users,EntityID
dbo,Account,FiscalCalendarID,FK_Account_FiscalCalendar,dbo,FiscalCalendar,FiscalCalendarID
dbo,AccountBudget,AccountID,FK_AccountBudget_Account,dbo,Account,AccountID
dbo,AccountCalendarSummary,AccountID,FK_AccountCalendarSummary_Account,dbo,Account,AccountID
dbo,AccountCalendarSummaryExt,AccountSummaryID,FK_AccountCalendarSummaryExt_AccountCalendarSummary,dbo,AccountCalendarSummary,AccountSummaryID
dbo,AccountEligibilityResults,EntityID,FK_AccountEligibilityResults_Client,dbo,Client,EntityID
dbo,AccountEligibilityResults,OrgGroupID,FK_AccountEligibilityResults_OrgGroup,dbo,OrgGroup,OrgGroupID
dbo,AccountEligibilityResults,CreatedBy,FK_AccountEligibilityResults_Users,dbo,Users,EntityID
dbo,AccountEligibilityRule,AccountID,FK_AccountEligibilityRule_Account,dbo,Account,AccountID
dbo,AccountEligibilityRule,EligibilityRuleChainID,FK_AccountEligibilityRule_AccountEligibilityRuleChain,dbo,AccountEligibilityRuleChain,EligibilityRuleChainID
dbo,AccountEligibilityRule,RuleID,FK_AccountEligibilityRule_Rule,dbo,Rule,RuleID
dbo,AccountEligibilityRuleChain,AccountID,FK_AccountEligibilityRuleChain_Account,dbo,Account,AccountID
dbo,AccountMaster,OrgGroupID,FK_AccountMaster_OrgGroup,dbo,OrgGroup,OrgGroupID
dbo,AccountMaster,BucketFundTypeID,FK_AccountMaster_BucketFundType,dbo,BucketFundType,BucketFundTypeID
dbo,AccountMaster,AccountMasterGrandID,FK_AccountMaster_AccountMasterGrand,dbo,AccountMasterGrand,AccountMasterGrandID
dbo,AccountMasterAccount,MasterID,FK_AccountMasterAccount_AccountMaster,dbo,AccountMaster,MasterID
dbo,AccountMasterAccount,AccountID,FK_AccountMasterAccount_Account,dbo,Account,AccountID
dbo,AccountMasterGrand,FundSourceTypeID,FK_AccountMasterGrand_FundSourceTypeID,dbo,FundSourceType,FundSourceTypeID
dbo,AccountMasterGrand,CreatedBy,FK_AccountMasterGrand_CreatedBy_Users_EntityID,dbo,Users,EntityID
dbo,AccountMasterGrand,DeletedBy,FK_AccountMasterGrand_DeletedBy_Users_EntityID,dbo,Users,EntityID
dbo,AccountMasterGrand,LastModifiedBy,FK_AccountMasterGrand_LastModifiedBy_Users_EntityID,dbo,Users,EntityID
dbo,AccountMasterGrand,OrganizationID,FK_AccountMasterGrand_OrganizationID_Organization_EntityID,dbo,Organization,EntityID
dbo,AccountMasterGrandTransaction,AccountMasterGrandID,FK_AccountMasterGrandTransaction_AccountMasterGrand,dbo,AccountMasterGrand,AccountMasterGrandID
dbo,AccountMasterGrandTransaction,CreatedBy,FK_AccountMasterGrandTransaction_CreatedBy_Users_EntityID,dbo,Users,EntityID
dbo,AccountMasterGrandTransaction,DeletedBy,FK_AccountMasterGrandTransaction_DeletedBy_Users_EntityID,dbo,Users,EntityID
dbo,AccountMasterGrandTransaction,LastModifiedBy,FK_AccountMasterGrandTransaction_LastModifiedBy_Users_EntityID,dbo,Users,EntityID
dbo,AccountMasterTransaction,AccountMasterID,FK_AccountMasterTransaction_AccountMaster,dbo,AccountMaster,MasterID
dbo,AccountMasterTransaction,CreatedBy,FK_AccountMasterTransaction_CreatedBy_Users_EntityID,dbo,Users,EntityID
dbo,AccountMasterTransaction,DeletedBy,FK_AccountMasterTransaction_DeletedBy_Users_EntityID,dbo,Users,EntityID
dbo,AccountMasterTransaction,LastModifiedBy,FK_AccountMasterTransaction_LastModifiedBy_Users_EntityID,dbo,Users,EntityID
dbo,AccountObligation,AccountID,FK_AccountObligation_Account,dbo,Account,AccountID
dbo,AccountObligation,EnrollmentID,FK_AccountObligation_Enrollment,dbo,Enrollment,EnrollmentID
dbo,AccountObligation,ObligationStepID,FK_AccountObligation_ApprovalObligationStep,dbo,ApprovalObligationStep,ObligationStepID
dbo,AccountObligation,CreatedBy,FK_AccountObligation_Users,dbo,Users,EntityID
dbo,AccountService,AccountID,FK_AccountService_Account,dbo,Account,AccountID
dbo,AccountService,ServiceTypeID,FK_AccountService_ServiceType,dbo,ServiceType,ServiceTypeID
dbo,AccountService,CreatedBy,FK_AccountService_Users,dbo,Users,EntityID
dbo,AccountTransaction,AccountID,FK_AccountTransaction_Account,dbo,Account,AccountID
dbo,AccountTransaction,RefObligationID,FK_AccountTransaction_AccountObligation,dbo,AccountObligation,ObligationID
dbo,AccountTransaction,CreatedBy,FK_AccountTransaction_Users,dbo,Users,EntityID
dbo,AccountTransactionExt,TransactionID,FK_AccountTransactionExt_AccountTransaction,dbo,AccountTransaction,TransactionID
dbo,AccountTransactionGrandFund,BucketFundTypeID,FK_AccountTransactionGrandFund_BucketFundType,dbo,BucketFundType,BucketFundTypeID
dbo,AccountTransactionGrandFund,AccountMasterID,FK_AccountTransactionGrandFund_AccountMaster,dbo,AccountMaster,MasterID
dbo,AccountTransactionGrandFund,AccountMasterGrandID,FK_AccountTransactionGrandFund_AccountMasterGrand,dbo,AccountMasterGrand,AccountMasterGrandID
dbo,AccountTransactionGrandFund,FundSourceTypeID,FK_AccountTransactionGrandFund_FundSourceType,dbo,FundSourceType,FundSourceTypeID
dbo,AccountTransactionGrandFund,TransactionTypeID,FK_AccountTransactionGrandFund_TransactionType,dbo,TransactionType,TransactionTypeID
dbo,AccountTransactionGrandFund,OrganizationID,FK_AccountTransactionGrandFund_Organization,dbo,Organization,EntityID
dbo,AccountTransactionGrandFund,CreatedBy,FK_AccountTransactionGrandFund_CreatedBy_Users_EntityID,dbo,Users,EntityID
dbo,AccountTransactionGrandFund,DeletedBy,FK_AccountTransactionGrandFund_DeletedBy_Users_EntityID,dbo,Users,EntityID
dbo,AccountTransactionGrandFund,LastModifiedBy,FK_AccountTransactionGrandFund_LastModifiedBy_Users_EntityID,dbo,Users,EntityID
dbo,AccountTransactionList,CreatedBy,FK_AccountTransactionList_Users,dbo,Users,EntityID
dbo,AccountTransactionLogicExt,TransactionID,FK_AccountTransactionLogicExt_AccountTransactionLogic,dbo,AccountTransactionLogic,TransactionID
dbo,AccountTransListAccount,AccountTransactionListID,FK_AccountTransListAccount_AccountTransactionList,dbo,AccountTransactionList,AccountTransactionListID
dbo,AccountTransListAccount,AccountID,FK_AccountTransListAccount_Account,dbo,Account,AccountID
dbo,AccountTransListAccount,CreatedBy,FK_AccountTransListAccount_Users,dbo,Users,EntityID
dbo,AccountType,AccountID,FK_Account_AccountType,dbo,Account,AccountID
dbo,AccountWaitList,AccountID,FK_AccountWaitList_Account,dbo,Account,AccountID
dbo,AccountWaitList,ClientID,FK_AccountWaitList_Client,dbo,Client,EntityID
dbo,AccountWaitList,CreatedBy,FK_AccountWaitList_CreatedBy,dbo,Users,EntityID
dbo,AccountWaitList,ServiceTypeID,FK_AccountWaitList_ServiceType,dbo,ServiceType,ServiceTypeID
dbo,AccountWaitList,EligibilityResultsID,FK_AccountWaitList_EligibilityResultsID,dbo,AccountEligibilityResults,EligibilityResultsID
dbo,AccountWaitList,OrganizationID,FK_AccountWaitList_Organization,dbo,Organization,EntityID
dbo,AccountWaitList,EntityID,FK_AccountWaitList_Entity,dbo,Entity,EntityID
dbo,Action,EntityID,FK_Action_Entity,dbo,Entity,EntityID
dbo,Action,CaseNoteID,FK_Action_CaseNoteID,dbo,CaseNotes,CaseNoteID
dbo,Action,OwnedByOrgID,FK_Action_Organization,dbo,Organization,EntityID
dbo,Action,CreatedBy,FK_Action_Users,dbo,Users,EntityID
dbo,ActionResolution,EntityID,FK_ActionResolution_EntityID,dbo,Entity,EntityID
dbo,ActionResolution,CreatedBy,FK_ActionResolution_Users,dbo,Users,EntityID
dbo,ActionResolution,AssignedToID,FK_ActionResolution_AssignedToID,dbo,Users,EntityID
dbo,ActionResolution,TeamID,FK_ActionResolution_TeamID,dbo,ApprovalGroup,ApprovalGroupID
dbo,ActionResolutionOtherInfo,ActionResolutionID,FK_ActionResolutionOtherInfo_ActionResolutionID,dbo,ActionResolution,ActionResolutionID
dbo,ActionResolutionSchool,ActionResolutionID,FK_ActionResolutionSchool_ActionResolutionID,dbo,ActionResolution,ActionResolutionID
dbo,ActionResolutionUsage,ActionResolutionID,FK_ActionResolutionUsage_ActionResolution,dbo,ActionResolution,ActionResolutionID
dbo,ActionTakenSchool,ActionResolutionID,FK_ActionTakenSchool_ActionResolution,dbo,ActionResolution,ActionResolutionID
dbo,Activity,P_ActivityTypeID,FK_Activity_P_ActivityType,dbo,P_ActivityType,P_ActivityTypeID
dbo,Activity,EntityID,FK_Activity_Entity,dbo,Entity,EntityID
dbo,Activity,CreatedBy,FK_Activity_Users,dbo,Users,EntityID
dbo,ActivityLocationCategory,ActivityLocationID,FK_ActivityLocationCategory_ActivityLocation,dbo,ActivityLocationType,ActivityLocationTypeID
dbo,ActivityLocationType,OrgGroupID,FK_ActivityLocationType_OrgGroup,dbo,OrgGroup,OrgGroupID
dbo,ActivityLocationType,CreatedBy,FK_ActivityLocationType_CreatedBy,dbo,Users,EntityID
dbo,Address,ZipCode,FK_Address_ZipCode,dbo,ZipCode,ZipCode
dbo,Address,CreatedBy,FK_Address_Users,dbo,Users,EntityID
dbo,AddressExt,AddressID,FK_AddressExt_AddressID,dbo,Address,AddressID
dbo,AdHocReport,CreatedBy,FK_AdHocReport_Users,dbo,Users,EntityID
dbo,AdulthoodUpdate,AssessmentID,FK_AdulthoodUpdate _AssessmentID,dbo,Assessment,AssessmentID
dbo,AffordabilityCalc,EntityID,FK_AffordabilityCalc_Entity,dbo,Entity,EntityID
dbo,AffordabilityCalc,CreatedBy,FK_AffordabilityCalc_Users,dbo,Users,EntityID
dbo,AharDataEntry,OrgGroupID,FK_AharDataEntry_OrgGroupID,dbo,OrgGroup,OrgGroupID
dbo,AharDataEntry,CreatedBy,FK_AharDataEntry_Users,dbo,Users,EntityID
dbo,AharDataEntry,CurrentOrganizationID,FK_AharDataEntry_Organization,dbo,Organization,EntityID
dbo,AharJurisidictionCodes,AharReportID,FK_AharJurisidictionCodes_AharDataEntry,dbo,AharDataEntry,AharReportID
dbo,AharOrganizationEntry,AharReportID,FK_AharOrganizationEntry_AharDataEntry,dbo,AharDataEntry,AharReportID
dbo,AharProgramEntry,AharReportID,FK_AharProgramEntry_AharDataEntry,dbo,AharDataEntry,AharReportID
dbo,AHARPrograms,ProgramID,FK_AHARPrograms_Program,dbo,Program,ProgramID
dbo,AHARPrograms,ReportMappingID,FK_AHARPrograms_ServiceReportingMap,dbo,ServiceReportingMap,ReportingMapID
dbo,AlcoholDrugScreen,ClientID,FK_AlcoholDrugScreen_Client,dbo,Client,EntityID
dbo,AlcoholDrugScreen,CaseNoteID,FK_AlcoholDrugScreen_CaseNotes,dbo,CaseNotes,CaseNoteID
dbo,AlcoholDrugScreen,CreatedBy,FK_AlcoholDrugScreen_Users,dbo,Users,EntityID
dbo,AlcoholDrugScreenAnyOf,AlcoholDrugScreenID,FK_AlcoholDrugScreenAnyOf_AlcoholDrugScreen,dbo,AlcoholDrugScreen,AlcoholDrugScreenID
dbo,AlcoholDrugScreenSymptom,AlcoholDrugScreenID,FK_AlcoholDrugScreenSymptom_AlcoholDrugScreen,dbo,AlcoholDrugScreen,AlcoholDrugScreenID
dbo,AlertConfiguration,AlertActionTypeID,FK_AlertConfiguration_AlertActionType,dbo,AlertActionType,AlertActionTypeID
dbo,AlertConfiguration,AlertTypeID,FK_AlertConfiguration_AlertType,dbo,AlertType,AlertTypeID
dbo,AlertConfiguration,CreatedBy,FK_AlertConfiguration_Entity,dbo,Entity,EntityID
dbo,AlertType,ContextQueryID,FK_AlertType_ContextQuery,dbo,Query,QueryID
dbo,AlertType,RuleQueryID,FK_AlertType_RuleQuery,dbo,Query,QueryID
dbo,Allergies,ClientID,FK_Allergies_Client,dbo,Client,EntityID
dbo,Allergies,AllergyTypeID,FK_Allergies_AllergyType,dbo,AllergyType,AllergyTypeID
dbo,Allergies,CaseNoteID,FK_Allergies_CaseNotes,dbo,CaseNotes,CaseNoteID
dbo,Allergies,CreatedBy,FK_Allergies_Users,dbo,Users,EntityID
dbo,AllergiesOtherInfo,AllergyID,FK_AllergiesOtherInfo_AllergyID,dbo,Allergies,AllergyID
dbo,AllergyReactions,AllergyID,FK_AllergyReactions_AllergyID,dbo,Allergies,AllergyID
dbo,AllergyTypeCategoryType,AllergyTypeID,FK_AllergyTypeCategoryType_Issue,dbo,AllergyType,AllergyTypeID
dbo,AmortizationSchedCalc,EntityID,FK_AmortizationSchedCalc_Entity,dbo,Entity,EntityID
dbo,AmortizationSchedCalc,CreatedBy,FK_AmortizationSchedCalc_Users,dbo,Users,EntityID
dbo,Annotation,FileID,FK_Annotation_Files,dbo,Files,FileID
dbo,Annotation,EntityID,FK_Annotation_Entity,dbo,Entity,EntityID
dbo,AnswerType,AnswerCategoryID,FK_AnswerType_AnswerTypeCategory,dbo,AnswerTypeCategory,AnswerCategoryID
dbo,AnswerType,OrgGroupID,FK_AnswerType_OrgGroup,dbo,OrgGroup,OrgGroupID
dbo,APIForm,FormID,FK_APIForm_FormID_Form_FormID,dbo,Form,FormID
dbo,APIForm,CreatedBy,FK_APIForm_CreatedBy_Users_EntityID,dbo,Users,EntityID
dbo,APIForm,DeletedBy,FK_APIForm_DeletedBy_Users_EntityID,dbo,Users,EntityID
dbo,APIForm,LastModifiedBy,FK_APIForm_LastModifiedBy_Users_EntityID,dbo,Users,EntityID
dbo,APIFormRole,FormID,FK_APIFormRole_FormID_Form_FormID,dbo,Form,FormID
dbo,APIFormRole,RoleID,FK_APIFormRole_RoleID_RoleDefinition_RoleID,dbo,RoleDefinition,RoleID
dbo,APIFormRole,CreatedBy,FK_APIFormRole_CreatedBy_Users_EntityID,dbo,Users,EntityID
dbo,APIFormRole,DeletedBy,FK_APIFormRole_DeletedBy_Users_EntityID,dbo,Users,EntityID
dbo,APIFormRole,LastModifiedBy,FK_APIFormRole_LastModifiedBy_Users_EntityID,dbo,Users,EntityID
dbo,ApplicationSetting,ApplicationSettingGroupID,FK_ApplicationSetting_ApplicationSettingGroupID_ApplicationSettingGroup_ApplicationSettingGroupID,dbo,ApplicationSettingGroup,ApplicationSettingGroupID
dbo,Appointment,CreatedBy,FK_Appointment_Users,dbo,Users,EntityID
dbo,Appointment,AppointmentRandomizerID,FK_Appointment_AppointmentRandomizer,dbo,AppointmentRandomizer,AppointmentRandomizerID
dbo,Appointment,TestTypeID,FK_Appointment_TestType,dbo,TestType,TestTypeID
dbo,Appointment,ServiceTypeID,FK_Appointment_ServiceTypeID,dbo,ServiceType,ServiceTypeID
dbo,AppointmentAttendee,AppointmentID,FK_AppointmentAttendee_Appointment,dbo,Appointment,AppointmentID
dbo,AppointmentAttendee,EntityID,FK_AppointmentAttendee_Entity,dbo,Entity,EntityID
dbo,AppointmentAttendeeHistory,EntityID,FK_AppointmentAttendeeHistory_Entity,dbo,Entity,EntityID
dbo,AppointmentAttendeeHistory,AppointmentID,FK_AppointmentAttendeeHistory_Appointment,dbo,Appointment,AppointmentID
dbo,AppointmentAttendeeHistory,ApptAttendeeID,FK_AppointmentAttendeeHistory_AppointmentAttendee,dbo,AppointmentAttendee,ApptAttendeeID
dbo,AppointmentAttendeeHistory,ServiceID,FK_AppointmentAttendeeHistory_Service,dbo,Service,ServiceID
dbo,AppointmentAttendeeHistory,TimeID,FK_AppointmentAttendeeHistory_Time,dbo,Time,TimeID
dbo,AppointmentAttendeeHistory,CreatedBy,FK_AppointmentAttendeeHistory_Users,dbo,Users,EntityID
dbo,AppointmentDOW,AppointmentID,FK_AppointmentDOW_Appointment,dbo,Appointment,AppointmentID
dbo,AppointmentHistory,OldAppointmentID,FK_AppointmentHistory_OldAppointment,dbo,Appointment,AppointmentID
dbo,AppointmentHistory,NewAppointmentID,FK_AppointmentHistory_NewAppointment,dbo,Appointment,AppointmentID
dbo,AppointmentHistory,CreatedBy,FK_AppointmentHistory_Users,dbo,Users,EntityID
dbo,AppointmentRandomizer,EnrollmentID,FK_AppointmentRandomizer_Enrollment,dbo,Enrollment,EnrollmentID
dbo,AppointmentRandomizer,ServiceTypeID,FK_AppointmentRandomizer_ServiceType,dbo,ServiceType,ServiceTypeID
dbo,AppointmentRandomizer,CreatedBy,FK_AppointmentRandomizer_CreatedBy,dbo,Users,EntityID
dbo,AppointmentRandomizer,RandomizerRequirementsID,FK_AppointmentRandomizer_RandomizerRequirements,dbo,RandomizerRequirements,RandomizerRequirementsID
dbo,AppointmentRandomizerItem,AppointmentRandomizerID,FK_AppointmentRandomizerItem_AppointmentRandomizer,dbo,AppointmentRandomizer,AppointmentRandomizerID
dbo,AppointmentRandomizerItem,TestTypeID,FK_AppointmentRandomizerItem_TestType,dbo,TestType,TestTypeID
dbo,AppointmentRandomizerItem,CreatedBy,FK_AppointmentRandomizerItem_CreatedBy,dbo,Users,EntityID
dbo,AppointmentRandomizerRandomed,AppointmentRandomizerID,FK_AppointmentRandomizerRandomed_AppointmentRandomizer,dbo,AppointmentRandomizer,AppointmentRandomizerID
dbo,AppointmentRandomizerRandomed,AppointmentID,FK_AppointmentRandomizerRandomed_AppointmentID,dbo,Appointment,AppointmentID
dbo,AppointmentRandomizerRandomed,CreatedBy,FK_AppointmentRandomizerRandomed_Users,dbo,Users,EntityID
dbo,Approval,CreatedBy,FK_Approval_Users,dbo,Users,EntityID
dbo,Approval,OrganizationID,FK_Approval_Organization,dbo,Organization,EntityID
dbo,ApprovalGroup,CreatedBy,FK_ApprovalGroup_Users,dbo,Users,EntityID
dbo,ApprovalGroupMember,ApprovalGroupID,FK_ApprovalGroupMember_ApprovalGroup,dbo,ApprovalGroup,ApprovalGroupID
dbo,ApprovalGroupMember,UserID,FK_ApprovalGroupMember_Users,dbo,Entity,EntityID
dbo,ApprovalGroupMember,CreatedBy,FK_ApprovalGroupMember_Users1,dbo,Users,EntityID
dbo,ApprovalGroupTypeCategoryType,ApprovalGroupID,FK_ApprovalGroupTypeCategoryType_ApprovalGroup,dbo,ApprovalGroup,ApprovalGroupID
dbo,ApprovalHistory,ApprovalID,FK_ApprovalHistory_Approval,dbo,Approval,ApprovalID
dbo,ApprovalHistory,ContextTypeID,FK_ApprovalHistory_ContextTypeID,dbo,ContextType,ContextTypeID
dbo,ApprovalHistory,FileID,FK_ApprovalHistory_File,dbo,Files,FileID
dbo,ApprovalHistory,AccountID,FK_ApprovalHistory_Account,dbo,Account,AccountID
dbo,ApprovalHistory,ObligationStepID,FK_ApprovalHistory_ObligationStepID,dbo,ApprovalObligationStep,ObligationStepID
dbo,ApprovalHistory,ApprovalItemID,FK_ApprovalHistory_ApprovalItemID,dbo,ApprovalItem,ApprovalItemID
dbo,ApprovalHoldHistory,ApprovalItemID,FK_ApprovalHoldHistory_ApprovalItem,dbo,ApprovalItem,ApprovalItemID
dbo,ApprovalHoldHistory,CreatedBy,FK_ApprovalHoldHistory_Users,dbo,Users,EntityID
dbo,ApprovalItem,ApprovalID,FK_ApprovalItem_Approval,dbo,Approval,ApprovalID
dbo,ApprovalItem,ObligationStepID,FK_ApprovalItem_ApprovalItemObligationStep,dbo,ApprovalObligationStep,ObligationStepID
dbo,ApprovalItem,UserID,FK_ApprovalItem_Users,dbo,Users,EntityID
dbo,ApprovalObligation,ObligationID,FK_ApprovalObligation_AccountObligation,dbo,AccountObligation,ObligationID
dbo,ApprovalObligation,ObligationStepID,FK_ApprovalObligation_ApprovalObligationStep,dbo,ApprovalObligationStep,ObligationStepID
dbo,ApprovalObligation,UserID,FK_ApprovalObligation_Users,dbo,Users,EntityID
dbo,ApprovalObligation,CreatedBy,FK_ApprovalObligation_Users1,dbo,Users,EntityID
dbo,ApprovalObligationProcess,CreatedBy,FK_ApprovalObligationProcess_Users,dbo,Users,EntityID
dbo,ApprovalObligationStep,ObligationProcessID,FK_ApprovalObligationStep_ApprovalObligationProcess,dbo,ApprovalObligationProcess,ObligationProcessID
dbo,ApprovalObligationStep,ApprovalGroupID,FK_ApprovalObligationStep_ApprovalGroup,dbo,ApprovalGroup,ApprovalGroupID
dbo,ApprovalObligationStep,CreatedBy,FK_ApprovalObligationStep_Users,dbo,Users,EntityID
dbo,ApprovalProcess,OrganizationID,FK_ApprovalProcess_Organization,dbo,Organization,EntityID
dbo,ApprovalProcess,ProviderID,FK_ApprovalProcess_Provider,dbo,Provider,EntityID
dbo,ApprovalProcess,ObligationProcessID,FK_ApprovalProcess_ApprovalObligationProcess,dbo,ApprovalObligationProcess,ObligationProcessID
dbo,ApprovalProcess,CreatedBy,FK_ApprovalProcess_Users,dbo,Users,EntityID
dbo,ApprovalProcessProgram,ProgramID,FK_ApprovalProcessProgram_Program,dbo,Program,ProgramID
dbo,ApprovalReferralService,ProviderReferralID,FK_ApprovalReferralService_ProviderReferral,dbo,ProviderReferral,ProviderReferralID
dbo,ApprovalReferralService,ObligationStepID,FK_ApprovalReferralService_ApprovalObligationStep,dbo,ApprovalObligationStep,ObligationStepID
dbo,ApprovalReferralService,UserID,FK_ApprovalReferralService_Users,dbo,Users,EntityID
dbo,ApprovalReferralService,AccountID,FK_ApprovalReferralService_Account,dbo,Account,AccountID
dbo,ApprovalRequiredDocument,ApprovalID,FK_ApprovalRequiredDocument_Approval,dbo,Approval,ApprovalID
dbo,AprGeneralReportInfo,OrgGroupID,FK_AprGeneralReportInfo_OrgGroupID,dbo,OrgGroup,OrgGroupID
dbo,AprHmisActivites,AprGeneralReportInfoID,FK_AprHmisActivites_AprGeneralReportInfoID,dbo,AprGeneralReportInfo,AprGeneralReportInfoID
dbo,AprObjectivesComments,AprGeneralReportInfoID,FK_AprObjectivesComments_AprGeneralReportInfoID,dbo,AprGeneralReportInfo,AprGeneralReportInfoID
dbo,AprShpExpenses,AprGeneralReportInfoID,FK_AprShpExpenses_AprGeneralReportInfoID,dbo,AprGeneralReportInfo,AprGeneralReportInfoID
dbo,AprSupServFinancialInfo,AprGeneralReportInfoID,FK_AprSupServFinancialInfo_AprGeneralReportInfoID,dbo,AprGeneralReportInfo,AprGeneralReportInfoID
dbo,AprSupServFinancialInfo,ServiceTypeID,FK_AprSupServFinancialInfo_ServiceTypeID,dbo,ServiceType,ServiceTypeID
dbo,AreaMedianIncome,CreatedBy,FK_AreaMedianIncome_Users,dbo,Users,EntityID
dbo,Assess701ACondensed,AssessmentID,FK_Assess701ACondensed_Assessment,dbo,Assessment,AssessmentID
dbo,Assess701ACondensed,CreatedBy,FK_Assess701ACondensed_Users,dbo,Users,EntityID
dbo,AssessADL,AssessmentID,FK_AssessADL_Assessment,dbo,Assessment,AssessmentID
dbo,AssessADL,DomainID,FK_AssessADLOutcomeDomain,dbo,OutcomeDomain,DomainID
dbo,AssessADL,ScoreID,FK_AssessADL_OutcomeScore,dbo,OutcomeScore,ScoreID
dbo,AssessADL,CreatedBy,FK_AssessADL_Users,dbo,Users,EntityID
dbo,AssessADLSummary,AssessmentID,FK_AssessADLSummary_Assessment,dbo,Assessment,AssessmentID
dbo,AssessAfterSchool,AssessmentID,FK_AssessAfterSchool_Assessment,dbo,Assessment,AssessmentID
dbo,AssessAfterSchool,CreatedBy,FK_AssessAfterSchool_Users,dbo,Users,EntityID
dbo,AssessAHS,AssessmentID,FK_AssessAHS_AssessmentID_Assessment_AssessmentID,dbo,Assessment,AssessmentID
dbo,AssessAHS,CreatedBy,FK_AssessAHS_CreatedBy_Users_EntityID,dbo,Users,EntityID
dbo,AssessAHS,DeletedBy,FK_AssessAHS_DeletedBy_Users_EntityID,dbo,Users,EntityID
dbo,AssessAHS,LastModifiedBy,FK_AssessAHS_LastModifiedBy_Users_EntityID,dbo,Users,EntityID
dbo,AssessAHS,OwnedByOrgID,FK_AssessAHS_OwnedByOrgID_Organization_EntityID,dbo,Organization,EntityID
dbo,AssessAlcoholDrugScreen,AssessmentID,FK_AssessAlcoholDrugScreen_Assessment,dbo,Assessment,AssessmentID
dbo,AssessAlcoholDrugScreen,CreatedBy,FK_AssessAlcoholDrugScreen_Users,dbo,Users,EntityID
dbo,AssessASR,AssessmentID,FK_AssessASR_Assessment,dbo,Assessment,AssessmentID
dbo,AssessASR,CreatedBy,FK_AssessASR_Users,dbo,Users,EntityID
dbo,AssessBuildingReaders,AssessmentID,FK_AssessBuildingReaders_AssessmentID,dbo,Assessment,AssessmentID
dbo,AssessBuildingReaders,InventoryBookID,FK_AssessBuildingReaders_InventoryBookID,dbo,InventoryBook,InventoryBookID
dbo,AssessBuildingReaders,CreatedBy,FK_AssessBuildingReaders_Users,dbo,Users,EntityID
dbo,AssessByNameList,AssessmentID,FK_AssessByNameList_Assessment,dbo,Assessment,AssessmentID
dbo,AssessByNameList,CreatedBy,FK_AssessByNameList_Users,dbo,Users,EntityID
dbo,AssessCDBGDisaster,AssessmentID,FK_AssessCDBGDisaster_Assessment,dbo,Assessment,AssessmentID
dbo,AssessCDBGDisaster,CreatedBy,FK_AssessCDBGDisaster_Users,dbo,Users,EntityID
dbo,AssessChildAbuseRisk,AssessmentID,FK_AssessChildAbuseRisk_Assessment,dbo,Assessment,AssessmentID
dbo,AssessChildAbuseRisk,CreatedBy,FK_AssessChildAbuseRisk_Users,dbo,Users,EntityID
dbo,AssessChildAbuseRiskACaretakerCommunication,AssessmentID,FK_AssessChildAbuseRiskACaretakerCommunication_AssessChildAbuseRisk,dbo,AssessChildAbuseRisk,AssessmentID
dbo,AssessChildAbuseRiskACareTakerResponceToAssess,AssessmentID,FK_AssessChildAbuseRiskACareTakerResponceToAssess_AssessChildAbuseRisk,dbo,AssessChildAbuseRisk,AssessmentID
dbo,AssessChildAbuseRiskAChildCharacteristics,AssessmentID,FK_AssessChildAbuseRiskAChildCharacteristics_AssessChildAbuseRisk,dbo,AssessChildAbuseRisk,AssessmentID
dbo,AssessChildAbuseRiskAPrimaryCareTakerDV,AssessmentID,FK_AssessChildAbuseRiskAPrimaryCareTakerDV_AssessChildAbuseRisk,dbo,AssessChildAbuseRisk,AssessmentID
dbo,AssessChildAbuseRiskAPriorCPS,AssessmentID,FK_AssessChildAbuseRiskAPriorCPS_AssessChildAbuseRisk,dbo,AssessChildAbuseRisk,AssessmentID
dbo,AssessChildAbuseRiskASecondaryCareTakerDV,AssessmentID,FK_AssessChildAbuseRiskASecondaryCareTakerDV_AssessChildAbuseRisk,dbo,AssessChildAbuseRisk,AssessmentID
dbo,AssessChildAbuseRiskBarrierCommunityResources,AssessmentID,FK_AssessChildAbuseRiskBarrierCommunityResources_AssessChildAbuseRisk,dbo,AssessChildAbuseRisk,AssessmentID
dbo,AssessChildAbuseRiskNCaretakerParentingSkillls,AssessmentID,FK_AssessChildAbuseRiskNCaretakerParentingSkillls_AssessChildAbuseRisk,dbo,AssessChildAbuseRisk,AssessmentID
dbo,AssessChildAbuseRiskNChildCharacteristics,AssessmentID,FK_AssessChildAbuseRiskNChildCharacteristics_AssessChildAbuseRisk,dbo,AssessChildAbuseRisk,AssessmentID
dbo,AssessChildAbuseRiskNHousingUnmet,AssessmentID,FK_AssessChildAbuseRiskNHousingUnmet_AssessChildAbuseRisk,dbo,AssessChildAbuseRisk,AssessmentID
dbo,AssessChildAbuseRiskOverRide,AssessmentID,FK_AssessChildAbuseRiskOverRide_AssessChildAbuseRisk,dbo,AssessChildAbuseRisk,AssessmentID
dbo,AssessChildAbuseRiskPrimaryDrugAlcohol,AssessmentID,FK_AssessChildAbuseRiskPrimaryDrugAlcohol_AssessChildAbuseRisk,dbo,AssessChildAbuseRisk,AssessmentID
dbo,AssessChildAbuseRiskPrimaryMentalHealth,AssessmentID,FK_AssessChildAbuseRiskPrimaryMentalHealth_AssessChildAbuseRisk,dbo,AssessChildAbuseRisk,AssessmentID
dbo,AssessChildAbuseRiskSecondaryDrugAlcohol,AssessmentID,FK_AssessChildAbuseRiskSecondaryDrugAlcohol_AssessChildAbuseRisk,dbo,AssessChildAbuseRisk,AssessmentID
dbo,AssessChildAbuseRiskSecondaryMentalHealth,AssessmentID,FK_AssessChildAbuseRiskSecondaryMentalHealth_AssessChildAbuseRisk,dbo,AssessChildAbuseRisk,AssessmentID
dbo,AssessChildCare,AssessmentID,FK_AssessChildCare_Assessment,dbo,Assessment,AssessmentID
dbo,AssessChildCare,CreatedBy,FK_AssessChildCare_Users,dbo,Users,EntityID
dbo,AssessChildCareDays,AssessmentID,FK_AssessChildCareDays_AssessChildCare1,dbo,AssessChildCare,AssessmentID
dbo,AssessChildCareEventInOut,AssessmentID,FK_AssessChildCareEventInOut_AssessChildCare,dbo,AssessChildCare,AssessmentID
dbo,AssessChildCareEventInOut,UsageEnrollmentID,FK_AssessChildCareEventInOut_UsageEnrollment,dbo,ResourceUsageEnroll,UsageEnrollmentID
dbo,AssessChronicHomeless,AssessmentID,FK_AsessChronicHomeless_Assessment,dbo,Assessment,AssessmentID
dbo,AssessChronicHomeless,CreatedBy,FK_AssessChronicHomeless_Users,dbo,Users,EntityID
dbo,AssessClientLanguage,AssessmentID,FK_AssessClientLanguage_AssessmentID_Assessment_AssessmentID,dbo,Assessment,AssessmentID
dbo,AssessClientLanguage,CreatedBy,FK_AssessClientLanguage_CreatedBy_Users_EntityID,dbo,Users,EntityID
dbo,AssessClientLanguage,DeletedBy,FK_AssessClientLanguage_DeletedBy_Users_EntityID,dbo,Users,EntityID
dbo,AssessClientLanguage,LastModifiedBy,FK_AssessClientLanguage_LastModifiedBy_Users_EntityID,dbo,Users,EntityID
dbo,AssessClientLanguage,OwnedByOrgID,FK_AssessClientLanguage_OwnedByOrgID_Organization_EntityID,dbo,Organization,EntityID
dbo,AssessCourse,AssessmentID,FK_AssessCourse_Assessment,dbo,Assessment,AssessmentID
dbo,AssessCourse,CourseTypeID,FK_AssessCourse_CourseType,dbo,CourseType,CourseTypeID
dbo,AssessCredit,AssessmentID,FK_AsessCredit_Assessment,dbo,Assessment,AssessmentID
dbo,AssessCredit,CreatedBy,FK_AssessCredit_Users,dbo,Users,EntityID
dbo,AssessCredit,LastModifiedBy,FK_AssessCredit_LastModifiedBy,dbo,Users,EntityID
dbo,AssessCriminalHistoryGeneric,AssessmentID,FK_AssessCriminalHistoryGeneric_AssessmentID,dbo,Assessment,AssessmentID
dbo,AssessCriminalHistoryGeneric,CreatedBy,FK_AssessCriminalHistoryGeneric_Users,dbo,Users,EntityID
dbo,AssessDental,AssessmentID,FK_AssessDental_Assessment,dbo,Assessment,AssessmentID
dbo,AssessDental,CreatedBy,FK_AssessDental_Users,dbo,Users,EntityID
dbo,AssessDentalExam,AssessmentID,FK_AssessDentalExam_Assessment,dbo,Assessment,AssessmentID
dbo,AssessDigitalConnectivity,AssessmentID,FK_AssessDigitalConnectivity_AssessmentID_Assessment_AssessmentID,dbo,Assessment,AssessmentID
dbo,AssessDigitalConnectivity,CreatedBy,FK_AssessDigitalConnectivity_CreatedBy_Users_EntityID,dbo,Users,EntityID
dbo,AssessDigitalConnectivity,DeletedBy,FK_AssessDigitalConnectivity_DeletedBy_Users_EntityID,dbo,Users,EntityID
dbo,AssessDigitalConnectivity,LastModifiedBy,FK_AssessDigitalConnectivity_LastModifiedBy_Users_EntityID,dbo,Users,EntityID
dbo,AssessDigitalConnectivity,OwnedByOrgID,FK_AssessDigitalConnectivity_OwnedByOrgID_Organization_EntityID,dbo,Organization,EntityID
dbo,AssessDVS,AssessmentID,FK_AssessDVS_Assessment,dbo,Assessment,AssessmentID
dbo,AssessDVS,CreatedBy,FK_AssessDVS_Users,dbo,Users,EntityID
dbo,AssessEducation,AssessmentID,FK_AssessEducation_AssessmentID_Assessment_AssessmentID,dbo,Assessment,AssessmentID
dbo,AssessEducation,CreatedBy,FK_AssessEducation_CreatedBy_Users_EntityID,dbo,Users,EntityID
dbo,AssessEducation,DeletedBy,FK_AssessEducation_DeletedBy_Users_EntityID,dbo,Users,EntityID
dbo,AssessEducation,LastModifiedBy,FK_AssessEducation_LastModifiedBy_Users_EntityID,dbo,Users,EntityID
dbo,AssessEducation,OwnedByOrgID,FK_AssessEducation_OwnedByOrgID_Organization_EntityID,dbo,Organization,EntityID
dbo,AssessEligibility,AssessmentID,FK_AssessEligibility_Assessment,dbo,Assessment,AssessmentID
dbo,AssessEligibilityTraining,AssessmentID,FK_AssessEligibilityTraining_AssessEligibility,dbo,AssessEligibility,AssessmentID
dbo,AssessEmployment,AssessmentID,FK_AssessEmployment_Assessment,dbo,Assessment,AssessmentID
dbo,AssessEmployment,CreatedBy,FK_AssessEmployment_Users,dbo,Users,EntityID
dbo,AssessEmploymentLimits,AssessmentID,FK_AssessEmploymentLimits_AssessEmployment,dbo,AssessEmployment,AssessmentID
dbo,AssessEmploymentPlacement,AssessmentID,FK_AssessEmploymentPlacement_Assessment,dbo,Assessment,AssessmentID
dbo,AssessEmploymentPlacement,PlacementBy,FK_AssessEmploymentPlacement_Users,dbo,Users,EntityID
dbo,AssessEmploymentPlacement,CaseNoteID,FK_AssessEmploymentPlacement_CaseNotes,dbo,CaseNotes,CaseNoteID
dbo,AssessEmploymentPlacement,CreatedBy,FK_AssessEmploymentPlacement_Users1,dbo,Users,EntityID
dbo,AssessEmploymentPlacement,WorkHistoryID,FK_AssessEmploymentPlacement_WorkHistory,dbo,WorkHistory,WorkHistoryID
dbo,AssessEmploymentPlacement,InitialWorkHistoryID,FK_HCSReport_InitialWorkHistoryID,dbo,WorkHistory,WorkHistoryID
dbo,AssessEmploymentPlacement,ProviderBy,FK_AssessEmploymentPlacement_ProviderBy,dbo,Provider,EntityID
dbo,AssessEmploymentPlacementFollowUp,AssessEmploymentPlacementID,FK_AssessEmploymentPlacementFollowUp_AssessEmploymentPlacement,dbo,AssessEmploymentPlacement,AssessmentID
dbo,AssessEmploymentPlacementFollowUp,FollowUpID,FK_AssessEmploymentPlacementFollowUp_FollowUp,dbo,FollowUp,FollowUpID
dbo,AssessEmploymentPlacementFollowUp,CreatedBy,FK_AssessEmploymentPlacementFollowUp_Users,dbo,Users,EntityID
dbo,AssessEmploymentTrainPlan,AssessmentID,FK_AssessEmploymentTrainPlan_AssessEmployment,dbo,AssessEmployment,AssessmentID
dbo,AssessEventInOutChildCare,AssessmentID,FK_AssessEventInOutChildCare_AssessChildAbuseRisk,dbo,AssessChildAbuseRisk,AssessmentID
dbo,AssessFamilySPDAT,AssessmentID,FK_AssessFamilySPDAT_AssessmentID,dbo,Assessment,AssessmentID
dbo,AssessFamilySPDAT,CreatedBy,FK_AssessFamilySPDAT_CreatedBy,dbo,Users,EntityID
dbo,AssessFamilyVISPDAT,AssessmentID,FK_AssessFamilyVISPDAT_AssessmentID,dbo,AssessVISPDAT,AssessmentID
dbo,AssessFamilyVISPDAT,CreatedBy,FK_AssessFamilyVISPDAT_CreatedBy,dbo,Users,EntityID
dbo,AssessFamilyVISPDAT,SecondHOHEntityID,FK_AssessFamilyVISPDAT_SecondHOHEntityID,dbo,Client,EntityID
dbo,AssessFeedingInstructions,AssessmentID,FK_AssessFeedingInstructions_Assessment,dbo,Assessment,AssessmentID
dbo,AssessFeedingPreferences,AssessmentID,FK_AssessFeedingPreferences_Assessment,dbo,Assessment,AssessmentID
dbo,AssessFinancialItem,AssessmentID,FK_AssessFinancialItem_Assessment,dbo,Assessment,AssessmentID
dbo,AssessFinancialItem,CreatedBy,FK_AssessFinancialItem_Users,dbo,Users,EntityID
dbo,AssessFinancialItemCredit,FinancialItemID,FK_AssessFinancialItemCredit_FinancialItemID,dbo,AssessFinancialItem,FinancialItemID
dbo,AssessFinancialItemCredit,EntityID,FK_AssessFinancialItemCredit_Entity,dbo,Entity,EntityID
dbo,AssessFinancialItemDetail,AssessmentID,FK_AssessFinancialItemDetail_Assessment,dbo,Assessment,AssessmentID
dbo,AssessFinancialItemDetail,CreatedBy,FK_AssessFinancialItemDetail_Users,dbo,Users,EntityID
dbo,AssessFinancialItemOtherInfo,FinancialItemID,FK_AssessFinancialItemOtherInfo_FinancialItemID,dbo,AssessFinancialItem,FinancialItemID
dbo,AssessFinancialSummary,AssessmentID,FK_AssessFinancialSummary_Assessment,dbo,Assessment,AssessmentID
dbo,AssessFinancialSummary,AMIID,FK_AssessFinancialSummary_AreaMedianIncome,dbo,AreaMedianIncome,AMIID
dbo,AssessFinancialSummary,CreatedBy,FK_AssessFinancialSummary_Users,dbo,Users,EntityID
dbo,AssessFinBudgetSummary,AssessmentID,FK_AssessFinBudgetSummary_Assessment,dbo,Assessment,AssessmentID
dbo,AssessFinBudgetSummary,CreatedBy,FK_AssessFinBudgetSummary_Users,dbo,Users,EntityID
dbo,AssessFoodPantry,AssessmentID,FK_AssessFoodPantry_AssessmentID,dbo,Assessment,AssessmentID
dbo,AssessFoodPantry,CreatedBy,FK_AssessFoodPantry_Users,dbo,Users,EntityID
dbo,AssessFoodPantryAccessto,AssessmentID,FK_AssessFoodPantryAccessto_Assessment,dbo,Assessment,AssessmentID
dbo,AssessFoodPantryAccessto,CreatedBy,FK_AssessFoodPantryAccessto_Users1,dbo,Users,EntityID
dbo,AssessFoodPantryTransportation,AssessmentID,FK_AssessFoodPantryTransportation_Assessment,dbo,Assessment,AssessmentID
dbo,AssessFoodPantryTransportation,CreatedBy,FK_AssessFoodPantryTransportation_Users1,dbo,Users,EntityID
dbo,AssessForeclosurePrev,AssessmentID,FK_AssessForeclosurePrev_AssessmentID,dbo,Assessment,AssessmentID
dbo,AssessForeclosurePrev,CreatedBy,FK_AssessForeclosurePrev_CreatedBy,dbo,Users,EntityID
dbo,AssessForeclosurePrev,LastModifiedby,FK_AssessForeclosurePrev_LastModifiedBy,dbo,Users,EntityID
dbo,AssessForeclosurePrev,LenderProvider,FK_AssessForeclosurePrev_LenderProvider,dbo,Provider,EntityID
dbo,AssessForeclosurePrev,ServicerProvider,FK_AssessForeclosurePrev_ServicerProvider,dbo,Provider,EntityID
dbo,AssessFrozenMeal,AssessmentID,FK_AssessFrozenMeal_Assessment,dbo,Assessment,AssessmentID
dbo,AssessFrozenMeal,CreatedBy,FK_AssessFrozenMeal_Users,dbo,Users,EntityID
dbo,AssessFrozenMealSummary,AssessmentID,FK_AssessFrozenMealSummary_Assessment,dbo,Assessment,AssessmentID
dbo,AssessGrantClientEligibility,AssessmentID,FK_AssessGrantClientEligibility_Assessment,dbo,Assessment,AssessmentID
dbo,AssessGrantClientEthnicity,AssessmentID,FK_AssessGrantClientEthnicity_Assessment,dbo,Assessment,AssessmentID
dbo,AssessGrantClientGender,AssessmentID,FK_AssessGrantClientGender_Assessment,dbo,Assessment,AssessmentID
dbo,AssessGrantClientRace,AssessmentID,FK_AssessGrantClientRace_Assessment,dbo,Assessment,AssessmentID
dbo,AssessGrantProgFunding,AssessmentID,FK_AssessGrantProgFunding_Assessment,dbo,Assessment,AssessmentID
dbo,AssessGrantProgFunding,CreatedBy,FK_AssessGrantProgFunding_Users,dbo,Users,EntityID
dbo,AssessGrantProgNeed,AssessmentID,FK_AssessGrantProgNeed_Assessment,dbo,Assessment,AssessmentID
dbo,AssessGrantProgNeed,CreatedBy,FK_AssessGrantProgNeed_Users,dbo,Users,EntityID
dbo,AssessHCS,AssessmentID,FK_AssessHCS_AssessmentID,dbo,Assessment,AssessmentID
dbo,AssessHCS,CreatedBy,FK_AssessHCS_CreatedBy,dbo,Users,EntityID
dbo,AssessHCS,LastModifiedby,FK_AssessHCS_LastModifiedBy,dbo,Users,EntityID
dbo,AssessHeadStartDental,AssessmentID,FK_AssessHeadStartDental_Assessment,dbo,Assessment,AssessmentID
dbo,AssessHeadStartDental,CaseNoteID,FK_AssessHeadStartDental_CaseNotes,dbo,CaseNotes,CaseNoteID
dbo,AssessHeadStartDental,CreatedBy,FK_AssessHeadStartDental_Users,dbo,Users,EntityID
dbo,AssessHeadStartDental,DentisID,FK_AssessHeadStartDental_Provider,dbo,Provider,EntityID
dbo,AssessHeadStartDevProfile,AssessmentID,FK_AssessHeadStartDevProfile_Assessment,dbo,Assessment,AssessmentID
dbo,AssessHeadStartDevProfile,ResourceID,FK_AssessHeadStartDevProfile_Resource,dbo,Resource,ResourceID
dbo,AssessHeadStartDevProfile,CreatedBy,FK_AssessHeadStartDevProfile_Users,dbo,Users,EntityID
dbo,AssessHeadStartMedical,AssessmentID,FK_AssessHeadStartMedical_Assessment,dbo,Assessment,AssessmentID
dbo,AssessHeadStartMedical,PhysicianID,FK_AssessHeadStartMedical_Provider,dbo,Provider,EntityID
dbo,AssessHeadStartMedical,CreatedBy,FK_AssessHeadStartMedical_Users,dbo,Users,EntityID
dbo,AssessHealthConcerns,AssessmentID,FK_AssessHealthConcerns_Assessment,dbo,Assessment,AssessmentID
dbo,AssessHealthDiagnosis,AssessmentID,FK_AssessHealthDiagnosis_AssessmentID,dbo,Assessment,AssessmentID
dbo,AssessHealthDiagnosis,CreatedBy,FK_AssessHealthDiagnosis_CreatedBy,dbo,Users,EntityID
dbo,AssessHealthFacilities,AssessmentID,FK_AssessHealthFacilities_AssessmentID,dbo,AssessVISPDAT,AssessmentID
dbo,AssessHealthHistory,AssessmentID,FK_AssessHealthHistory_Assessment,dbo,Assessment,AssessmentID
dbo,AssessHealthHistoryOther,AssessmentID,FK_AssessHealthHistoryOther_AssessmentID,dbo,AssessHealthHistory,AssessmentID
dbo,AssessHealthInsurance,AssessmentID,FK_AssessHealthInsurance_AssessmentID,dbo,Assessment,AssessmentID
dbo,AssessHIV,AssessmentID,FK_AssessHIV_Assessment,dbo,Assessment,AssessmentID
dbo,AssessHIV,CreatedBy,FK_AssessHIV_Users,dbo,Users,EntityID
dbo,AssessHIVRiskFactors,AssessmentID,FK_AssessHIVRiskFactors_Assessment,dbo,Assessment,AssessmentID
dbo,AssessHOPWAOutcome,AssessmentID,FK_AssessHOPWAOutcome_Assessment,dbo,Assessment,AssessmentID
dbo,AssessHOPWAOutcome,CreatedBy,FK_AssessHOPWAOutcome_Users,dbo,Users,EntityID
dbo,AssessHousing,AssessmentID,FK_AssessHousing_AssessmentID,dbo,Assessment,AssessmentID
dbo,AssessHousing,CreatedBy,FK_AssessHousing_Users,dbo,Users,EntityID
dbo,AssessHousing,HousingAddressID,FK_AssessHousing_ClientAddress,dbo,ClientAddress,AddressID
dbo,AssessHousing,RentalAddressID,FK_AssessHousing_Rental_ClientAddress,dbo,ClientAddress,AddressID
dbo,AssessHousingInspection,AssessmentID,FK_AssessHousingInspection_Assessment,dbo,Assessment,AssessmentID
dbo,AssessHousingInspection,CaseNoteID,FK_AssessHousingInspection_CaseNotes,dbo,CaseNotes,CaseNoteID
dbo,AssessHousingInspection,PropertyID,FK_AssessHousingInspection_Provider,dbo,Provider,EntityID
dbo,AssessHousingInspection,CreatedBy,FK_AssessHousingInspection_Users,dbo,Users,EntityID
dbo,AssessHousingInspection,TeamID,FK_AssessHousingInspection_ApprovalGroup,dbo,ApprovalGroup,ApprovalGroupID
dbo,AssessHousingInspection,InspectorID,FK_AssessHousingInspection_Users1,dbo,Users,EntityID
dbo,AssessHousingInspectionFollowUp,AssessHousingInspectionID,FK_AssessHousingInspectionFollowUp_AssessHousingInspection,dbo,AssessHousingInspection,AssessHousingInspectionID
dbo,AssessHousingInspectionFollowUp,FollowUpID,FK_AssessHousingInspectionFollowUp_FollowUp,dbo,FollowUp,FollowUpID
dbo,AssessHousingInspectionFollowUp,CreatedBy,FK_AssessHousingInspectionFollowUp_Users,dbo,Users,EntityID
dbo,AssessHousingLease,AssessmentID,FK_AssessHousingLease_Assessment,dbo,Assessment,AssessmentID
dbo,AssessHousingLease,PlacedSlotID,FK_AssessHousingLease_ResourceUsageSlot,dbo,ResourceUsageSlot,SlotID
dbo,AssessHousingLease,LandLordID,FK_AssessHousingLease_Provider,dbo,Provider,EntityID
dbo,AssessHousingLease,CaseNoteID,FK_AssessHousingLease_CaseNotes,dbo,CaseNotes,CaseNoteID
dbo,AssessHousingLease,CreatedBy,FK_AssessHousingLease_Users1,dbo,Users,EntityID
dbo,AssessHousingLease,SubsidizedRentAccountID,FK_AssessHousingLease_Account,dbo,Account,AccountID
dbo,AssessHousingLease,SubsidizedUtilityAccountID,FK_AssessHousingLease_Account1,dbo,Account,AccountID
dbo,AssessHousingLease,SubsidizedDepositAccountID,FK_AssessHousingLease_Account2,dbo,Account,AccountID
dbo,AssessHousingLease,UtilityDepositAccount,FK_AssessHousingLease_Account3,dbo,Account,AccountID
dbo,AssessHousingLease,PetDepositAccount,FK_AssessHousingLease_Account4,dbo,Account,AccountID
dbo,AssessHousingLeaseHistory,AssessmentID,FK_AssessHousingLeaseHistory_Assessment,dbo,AssessHousingLease,AssessmentID
dbo,AssessHousingLeaseHistory,PlacedSlotID,FK_AssessHousingLeaseHistory_ResourceUsageSlot,dbo,ResourceUsageSlot,SlotID
dbo,AssessHousingLeaseHistory,LandLordID,FK_AssessHousingLeaseHistory_Provider,dbo,Provider,EntityID
dbo,AssessHousingLeaseHistory,CreatedBy,FK_AssessHousingLeaseHistory_Users1,dbo,Users,EntityID
dbo,AssessHousingLeaseHistory,SubsidizedRentAccountID,FK_AssessHousingLeaseHistory_Account,dbo,Account,AccountID
dbo,AssessHousingLeaseHistory,SubsidizedUtilityAccountID,FK_AssessHousingLeaseHistory_Account1,dbo,Account,AccountID
dbo,AssessHousingLeaseHistory,SubsidizedDepositAccountID,FK_AssessHousingLeaseHistory_Account2,dbo,Account,AccountID
dbo,AssessHousingLeaseHistory,UtilityDepositAccount,FK_AssessHousingLeaseHistory_Account3,dbo,Account,AccountID
dbo,AssessHousingLeaseHistory,PetDepositAccount,FK_AssessHousingLeaseHistory_Account4,dbo,Account,AccountID
dbo,AssessHousingNeed,AssessmentID,FK_AssessHousingNeed_AssessmentID_Assessment_AssessmentID,dbo,Assessment,AssessmentID
dbo,AssessHousingNeed,CreatedBy,FK_AssessHousingNeed_CreatedBy_Users_EntityID,dbo,Users,EntityID
dbo,AssessHousingNeed,DeletedBy,FK_AssessHousingNeed_DeletedBy_Users_EntityID,dbo,Users,EntityID
dbo,AssessHousingNeed,LastModifiedBy,FK_AssessHousingNeed_LastModifiedBy_Users_EntityID,dbo,Users,EntityID
dbo,AssessHousingNeed,OwnedByOrgID,FK_AssessHousingNeed_OwnedByOrgID_Organization_EntityID,dbo,Organization,EntityID
dbo,AssessHousingPlacement,AssessmentID,FK_AssessHousingPlacement_Assessment,dbo,Assessment,AssessmentID
dbo,AssessHousingPlacement,PlacementBy,FK_AssessHousingPlacement_Users,dbo,Users,EntityID
dbo,AssessHousingPlacement,LandLordID,FK_AssessHousingPlacement_Provider,dbo,Provider,EntityID
dbo,AssessHousingPlacement,CaseNoteID,FK_AssessHousingPlacement_CaseNotes,dbo,CaseNotes,CaseNoteID
dbo,AssessHousingPlacement,CreatedBy,FK_AssessHousingPlacement_Users1,dbo,Users,EntityID
dbo,AssessHousingPlacement,ProviderPropertyID,FK_AssessHousingPlacement_ProviderProperty,dbo,ProviderProperty,ProviderPropertyID
dbo,AssessHousingPlacementFollowUp,AssessHousingPlacementID,FK_AssessHousingPlacementFollowUp_AssessHousingPlacement,dbo,AssessHousingPlacement,AssessmentID
dbo,AssessHousingPlacementFollowUp,FollowUpID,FK_AssessHousingPlacementFollowUp_FollowUp,dbo,FollowUp,FollowUpID
dbo,AssessHousingPlacementFollowUp,CreatedBy,FK_AssessHousingPlacementFollowUp_Users,dbo,Users,EntityID
dbo,AssessHSUniversal,AssessmentID,FK_AssessHSUniversal_Assessment,dbo,Assessment,AssessmentID
dbo,AssessHSUniversal,CaseNoteID,FK_AssessHSUniversal_CaseNotes,dbo,CaseNotes,CaseNoteID
dbo,AssessHSUniversal,CreatedBy,FK_AssessHSUniversal_Users1,dbo,Users,EntityID
dbo,AssessHUDHOPWA,AssessmentID,FK_AssessHUDHOPWA_AssessmentID,dbo,Assessment,AssessmentID
dbo,AssessHUDHOPWA,CreatedBy,FK_AssessHUDHOPWA_CreatedBy,dbo,Users,EntityID
dbo,AssessHUDPATH,AssessmentID,FK_AssessHUDPATH_AssessmentID,dbo,Assessment,AssessmentID
dbo,AssessHUDPATH,CreatedBy,FK_AssessHUDPATH_CreatedBy,dbo,Users,EntityID
dbo,AssessHUDProgram,AssessmentID,FK_AssessHUDProgram_Assessment,dbo,Assessment,AssessmentID
dbo,AssessHUDProgram,CreatedBy,FK_AssessHUDProgram_Users,dbo,Users,EntityID
dbo,AssessHUDProgram,AddressID,FK_AssessHUDProgram_AddressID,dbo,ClientAddress,AddressID
dbo,AssessHUDProgramOtherInfo,AssessmentID,FK_AssessHUDProgramOtherInfo_AssessmentID,dbo,AssessHUDProgram,AssessmentID
dbo,AssessHUDRHY,AssessmentID,FK_AssessHUDRHY_AssessmentID,dbo,Assessment,AssessmentID
dbo,AssessHUDRHY,CreatedBy,FK_AssessHUDRHY_CreatedBy,dbo,Users,EntityID
dbo,AssessHUDRHYExit,AssessmentID,FK_AssessHUDRHYExit_AssessmentID,dbo,Assessment,AssessmentID
dbo,AssessHUDRHYExit,CreatedBy,FK_AssessHUDRHYExit_CreatedBy,dbo,Users,EntityID
dbo,AssessHUDUniversal,AssessmentID,FK_AssessHUDUniversal_Assessment,dbo,Assessment,AssessmentID
dbo,AssessHUDUniversal,CreatedBy,FK_AssessHUDUniversal_Users,dbo,Users,EntityID
dbo,AssessHUDUniversal,ClientLocation,FK_AssessHUDUniversal_ClientLocation,dbo,Provider,EntityID
dbo,AssessHUDUniversalOtherInfo,AssessmentID,FK_AssessHUDUniversalOtherInfo_AssessmentID,dbo,AssessHUDUniversal,AssessmentID
dbo,AssessHumanTraffic,AssessmentID,FK_AssessHumanTraffic_AssessmentID_Assessment_AssessmentID,dbo,Assessment,AssessmentID
dbo,AssessHumanTraffic,CreatedBy,FK_AssessHumanTraffic_CreatedBy_Users_EntityID,dbo,Users,EntityID
dbo,AssessHumanTraffic,DeletedBy,FK_AssessHumanTraffic_DeletedBy_Users_EntityID,dbo,Users,EntityID
dbo,AssessHumanTraffic,LastModifiedBy,FK_AssessHumanTraffic_LastModifiedBy_Users_EntityID,dbo,Users,EntityID
dbo,AssessHumanTraffic,OwnedByOrgID,FK_AssessHumanTraffic_OwnedByOrgID_Organization_EntityID,dbo,Organization,EntityID
dbo,AssessHVRP,AssessmentID,FK_AssessHVRP_AssessmentID,dbo,Assessment,AssessmentID
dbo,AssessHVRP,CreatedBy,FK_AssessHVRP_Users,dbo,Users,EntityID
dbo,AssessHVRPEmploymentExt,EmploymentRetentionID,FK_AssessHVRPEmploymentExt_EmploymentRetention,dbo,EmploymentRetention,EmploymentRetentionID
dbo,AssessHVRPEmploymentExt,AssessmentID,FK_AssessHVRPEmploymentExt_AssessmentID,dbo,Assessment,AssessmentID
dbo,AssessHVRPEmploymentExt,CreatedBy,FK_AssessHVRPEmploymentExt_Users,dbo,Users,EntityID
dbo,AssessHVRPEmploymentPayRate,AssessHVRPEmploymentExtID,FK_AssessHVRPEmploymentPayRate_AssessHVRPEmploymentExtID_AssessHVRPEmploymentExt_AssessHVRPEmploymentExtID,dbo,AssessHVRPEmploymentExt,AssessHVRPEmploymentExtID
dbo,AssessHVRPEmploymentPayRate,CreatedBy,FK_AssessHVRPEmploymentPayRate_CreatedBy_Users_EntityID,dbo,Users,EntityID
dbo,AssessHVRPEmploymentPayRate,DeletedBy,FK_AssessHVRPEmploymentPayRate_DeletedBy_Users_EntityID,dbo,Users,EntityID
dbo,AssessHVRPEmploymentPayRate,LastModifiedBy,FK_AssessHVRPEmploymentPayRate_LastModifiedBy_Users_EntityID,dbo,Users,EntityID
dbo,AssessHVRPEmploymentPayRate,OwnedByOrgID,FK_AssessHVRPEmploymentPayRate_OwnedByOrgID_Organization_EntityID,dbo,Organization,EntityID
dbo,AssessiADL,AssessmentID,FK_AssessiADL_Assessment,dbo,Assessment,AssessmentID
dbo,AssessiADL,DomainID,FK_AssessiADLOutcomeDomain,dbo,OutcomeDomain,DomainID
dbo,AssessiADL,ScoreID,FK_AssessiADL_OutcomeScore,dbo,OutcomeScore,ScoreID
dbo,AssessiADL,CreatedBy,FK_AssessiADL_Users,dbo,Users,EntityID
dbo,AssessiADLSummary,AssessmentID,FK_AssessiADLSummary_Assessment,dbo,Assessment,AssessmentID
dbo,AssessInfDisease,AssessmentID,FK_AssessInfDisease_Assessment,dbo,Assessment,AssessmentID
dbo,AssessInfDisease,CreatedBy,FK_AssessInfDisease_Users,dbo,Users,EntityID
dbo,AssessInfDisease,ImmunizationID,FK__AssessInf__Immun__134B6AA9,dbo,Immunizations,ImmunizationID
dbo,AssessInjury,AssessmentID,FK_AssessInjury_Assessment,dbo,Assessment,AssessmentID
dbo,AssessInjury,CreatedBy,FK_AssessInjury_Users,dbo,Users,EntityID
dbo,AssessInspectionFinding,AssessHousingInspectionID,FK_AssessInspectionFinding_AssessHousingInspection,dbo,AssessHousingInspection,AssessHousingInspectionID
dbo,AssessInspectionFinding,AssessmentID,FK_AssessInspectionFinding_Assessment,dbo,Assessment,AssessmentID
dbo,AssessIssue,AssessmentID,FK_AssessIssue_Assessment,dbo,Assessment,AssessmentID
dbo,AssessIssue,IssueTypeID,FK_AssessIssue_IssueType,dbo,IssueType,IssueTypeID
dbo,AssessIssueOtherExt,AssessIssueID,FK_AssessIssueOtherExt_AssessIssue,dbo,AssessIssue,AssessIssueID
dbo,AssessLeadExposure,AssessmentID,FK_AssessLeadExposure_Assessment,dbo,Assessment,AssessmentID
dbo,AssessLeadExposureOther,AssessmentID,FK_AssessLeadExposureOther_AssessmentID,dbo,AssessLeadExposure,AssessmentID
dbo,AssessLegalHistory,AssessmentID,FK_AssessLegalHistory_AssessmentID_Assessment_AssessmentID,dbo,Assessment,AssessmentID
dbo,AssessLegalHistory,CreatedBy,FK_AssessLegalHistory_CreatedBy_Users_EntityID,dbo,Users,EntityID
dbo,AssessLegalHistory,DeletedBy,FK_AssessLegalHistory_DeletedBy_Users_EntityID,dbo,Users,EntityID
dbo,AssessLegalHistory,LastModifiedBy,FK_AssessLegalHistory_LastModifiedBy_Users_EntityID,dbo,Users,EntityID
dbo,AssessLegalHistory,OwnedByOrgID,FK_AssessLegalHistory_OwnedByOrgID_Organization_EntityID,dbo,Organization,EntityID
dbo,AssessLevelofCare,AssessmentID,FK_AssessLevelofCare_AssessmentID,dbo,Assessment,AssessmentID
dbo,AssessLevelofCare,CreatedBy,FK_AssessLevelofCare_CreatedBy,dbo,Users,EntityID
dbo,AssessLevelOfCareOther,AssessmentID,FK_AssessLevelOfCareOther_AssessmentID,dbo,AssessLevelofCare,AssessmentID
dbo,AssessLIHEAPOptions,AssessmentID,FK_AssessLIHEAPOptions_Assessment,dbo,Assessment,AssessmentID
dbo,AssessMedicalCare,AssessmentID,FK_AssessMedicalCare_Assessment,dbo,Assessment,AssessmentID
dbo,AssessMedicalCare,CreatedBy,FK_AssessMedicalCare_Users,dbo,Users,EntityID
dbo,Assessment,EnrollmentID,FK_Assessment_Enrollment,dbo,Enrollment,EnrollmentID
dbo,Assessment,CreatedBy,FK_Assessment_Users,dbo,Users,EntityID
dbo,AssessMentalHealthScreen,AssessmentID,FK_AssessMentalHealthScreen_Assessment,dbo,Assessment,AssessmentID
dbo,AssessMentalHealthScreen,CreatedBy,FK_AssessMentalHealthScreen_Users,dbo,Users,EntityID
dbo,AssessmentCatBridge,AssessmentID,FK_AssessmentCatBridge_Assessment,dbo,Assessment,AssessmentID
dbo,AssessmentCatBridge,CategoryID,FK_AssessmentCatBridge_Category,dbo,DomainTypeCategoryType,CategoryID
dbo,AssessmentCatBridge,CreatedBy,FK_AssessmentCatBridge_Users,dbo,Users,EntityID
dbo,AssessmentEnrollment,EnrollmentID,FK_AssessmentEnrollment_EnrollmentID,dbo,Enrollment,EnrollmentID
dbo,AssessmentEnrollment,AssessmentID,FK_AssessmentEnrollment_AssessmentID,dbo,Assessment,AssessmentID
dbo,AssessmentHMISLabels,AssessmentID,FK_AssessmentHMISLabels_Assessment,dbo,Assessment,AssessmentID
dbo,AssessmentHomeType,AssessmentID,FK_AssessmentHomeType_Assessment,dbo,Assessment,AssessmentID
dbo,AssessmentMilestone,AssessmentID,FK_AssessmentMilestone_Assessment,dbo,Assessment,AssessmentID
dbo,AssessmentMilestone,CreatedBy,FK_AssessmentMilestone_Users,dbo,Users,EntityID
dbo,AssessmentMilestone,OwnedByOrgID,FK_AssessmentMilestone_Organization,dbo,Organization,EntityID
dbo,AssessmentStarExt,AssessmentID,FK_AssessmentStarExt_Assessment,dbo,Assessment,AssessmentID
dbo,AssessmentStarExt,CreatedBy,FK_AssessmentStarExt_Users,dbo,Users,EntityID
dbo,AssessmentType,FormID,FK_AssessmentType_Form,dbo,Form,FormID
dbo,AssessmentType,CreatedBy,FK_AssessmentType_Users,dbo,Users,EntityID
dbo,AssessMissionImpact,AssessmentID,FK_AssessMissionImpact_Assessment,dbo,Assessment,AssessmentID
dbo,AssessMissionImpact,CreatedBy,FK_AssessMissionImpact_Users,dbo,Users,EntityID
dbo,AssessMissionImpact,OwnedByOrgID,FK_AssessMissionImpact_Organization,dbo,Organization,EntityID
dbo,AssessMissionImpact,CurrentJobWorkHistoryID,FK_AssessMissionImpact_CurrentJobWorkHistoryID,dbo,WorkHistory,WorkHistoryID
dbo,AssessMissionImpact,JobPlacementID,FK_AssessMissionImpact_JobPlacementID,dbo,AssessEmploymentPlacement,AssessmentID
dbo,AssessMissionImpact,RetentionContextType,FK_AssessMissionImpact_RetentionContextType,dbo,ContextType,ContextTypeID
dbo,AssessNutrition,AssessmentID,FK_AssessNutrition_Assessment,dbo,Assessment,AssessmentID
dbo,AssessNutrition,DomainID,FK_AssessNutrition_OutcomeDomain,dbo,OutcomeDomain,DomainID
dbo,AssessNutrition,ScoreID,FK_AssessNutrition_OutcomeScore,dbo,OutcomeScore,ScoreID
dbo,AssessNutrition,CreatedBy,FK_AssessNutrition_Users,dbo,Users,EntityID
dbo,AssessNutritionSummary,AssessmentID,FK_AssessNutritionSummary_Assessment,dbo,Assessment,AssessmentID
dbo,AssessOralHealth,AssessmentID,FK_AssessOralHealth_Assessment,dbo,Assessment,AssessmentID
dbo,AssessOralHealth,CreatedBy,FK_AssessOralHealth_Users,dbo,Users,EntityID
dbo,AssessOST,AssessmentID,FK_AssessOST_Assessment,dbo,Assessment,AssessmentID
dbo,AssessOST,AssessmentID,CONAssessOSTAssessmentIDAssessmentAssessmentID,dbo,Assessment,AssessmentID
dbo,AssessOST,CreatedBy,FK_AssessOST_Users,dbo,Users,EntityID
dbo,AssessOutcomes,AssessmentID,FK_AssessOutcomes_Assessment,dbo,Assessment,AssessmentID
dbo,AssessOutcomes,DomainID,FK_AssessOutcomes_OutcomeDomain,dbo,OutcomeDomain,DomainID
dbo,AssessOutcomes,ScoreID,FK_AssessOutcomes_OutcomeScore,dbo,OutcomeScore,ScoreID
dbo,AssessOutcomes,CreatedBy,FK_AssessOutcomes_Users,dbo,Users,EntityID
dbo,AssessPhaseEvaluation,AssessmentID,FK_AssessPhaseEvaluation_Assessment,dbo,Assessment,AssessmentID
dbo,AssessPhaseEvaluation,EvaluatorID,FK_AssessPhaseEvaluation_Entity,dbo,Entity,EntityID
dbo,AssessPhaseEvaluation,CreatedBy,FK_AssessPhaseEvaluation_Users,dbo,Users,EntityID
dbo,AssessPrePurchHomebuyer,AssessmentID,FK_AssessPrePurchHomebuyer_AssessmentID,dbo,Assessment,AssessmentID
dbo,AssessPrePurchHomebuyer,CreatedBy,FK_AssessPrePurchHomebuyer_CreatedBy,dbo,Users,EntityID
dbo,AssessPrePurchHomebuyer,LastModifiedby,FK_AssessPrePurchHomebuyer_LastModifiedBy,dbo,Users,EntityID
dbo,AssessPressureSafety,AssessmentID,FK_AssessPressureSafety_Assessment,dbo,Assessment,AssessmentID
dbo,AssessPressureSafety,CreatedBy,FK_AssessPressureSafety_Users,dbo,Users,EntityID
dbo,AssessPressureSafety,OwnedByOrgID,FK_AssessPressureSafety_Organization,dbo,Organization,EntityID
dbo,AssessPRVISPDAT,CreatedBy,FK_AssessPRVISPDAT_Users,dbo,Users,EntityID
dbo,AssessPRVISPDAT,LastModifiedBy,FK_AssessPRVISPDAT_LastModifiedBy,dbo,Users,EntityID
dbo,AssessQuestion,AssessmentID,FK_AssessQuestion_Assessment,dbo,Assessment,AssessmentID
dbo,AssessQuestion,QuestionTypeID,FK_AssessQuestion_QuestionType,dbo,QuestionType,QuestionTypeID
dbo,AssessQuestionSummary,AssessmentID,FK_AssessQuestionSummary_Assessment,dbo,Assessment,AssessmentID
dbo,AssessReadersHomework,AssessmentID,FK_AssessReadersHomework_AssessmentID,dbo,Assessment,AssessmentID
dbo,AssessReadersHomework,CourseTypeID,FK_AssessReadersHomework_CourseTypeID,dbo,CourseType,CourseTypeID
dbo,AssessReadersHomework,CreatedBy,FK_AssessReadersHomework_Users,dbo,Users,EntityID
dbo,AssessRentCalculation,AssessmentID,FK_AssessRentCalculation_Assessment,dbo,Assessment,AssessmentID
dbo,AssessRentCalculation,CreatedBy,FK_AssessRentCalculation_Users,dbo,Users,EntityID
dbo,AssessSeniorFallPrevention,AssessmentID,FK_AssessSeniorFallPrevention_Assessment,dbo,Assessment,AssessmentID
dbo,AssessSeniorFallPrevention,CreatedBy,FK_AssessSeniorFallPrevention_Users,dbo,Users,EntityID
dbo,AssessSeniorServices,AssessmentID,FK_AssessSeniorServices_Assessment,dbo,Assessment,AssessmentID
dbo,AssessSeniorServices,CreatedBy,FK_AssessSeniorServices_Users,dbo,Users,EntityID
dbo,AssessSLUMS,AssessmentID,FK_AssessSLUMS_Assessment,dbo,Assessment,AssessmentID
dbo,AssessSNAPWE,AssessmentID,FK_AssessSNAPWE_AssessmentID,dbo,Assessment,AssessmentID
dbo,AssessSNAPWE,CreatedBy,FK_AssessSNAPWE_Users,dbo,Users,EntityID
dbo,AssessSPDAT,AssessmentID,FK_AssessSPDAT_AssessmentID,dbo,Assessment,AssessmentID
dbo,AssessSPDAT,CreatedBy,FK_AssessSPDAT_CreatedBy,dbo,Users,EntityID
dbo,AssessSPDATComments,AssessmentID,FK_AssessSPDATComments_AssessmentID,dbo,AssessSPDAT,AssessmentID
dbo,AssessSPDATFamilyComments,AssessmentID,FK_AssessSPDATFamilyComments_AssessmentID,dbo,Assessment,AssessmentID
dbo,AssessSpirituality,AssessmentID,FK_AssessSpirituality_Assessment,dbo,Assessment,AssessmentID
dbo,AssessSpirituality,MinisterContactID,FK_AssessSpirituality_Contacts,dbo,Entity,EntityID
dbo,AssessSpirituality,CreatedBy,FK_AssessSpirituality_Users,dbo,Users,EntityID
dbo,AssessSpirituality,CaseNoteID,FK_AssessSpirituality_CaseNotes,dbo,CaseNotes,CaseNoteID
dbo,AssessStudentGoal,AssessmentID,FK_AssessStudentGoal_AssessmentID,dbo,Assessment,AssessmentID
dbo,AssessStudentGoal,CreatedBy,FK_AssessStudentGoal_Users,dbo,Users,EntityID
dbo,AssessSubstanceAbuse,AssessmentID,FK_AssessSubstanceAbuse_Assessment,dbo,Assessment,AssessmentID
dbo,AssessSubstanceAbuse,SponsorContactID,FK_AssessSubstanceAbuse_Contacts,dbo,Entity,EntityID
dbo,AssessSubstanceAbuse,CaseNoteID,FK_AssessSubstanceAbuse_CaseNotes,dbo,CaseNotes,CaseNoteID
dbo,AssessSubstanceAbuse,CreatedBy,FK_AssessSubstanceAbuse_Users,dbo,Users,EntityID
dbo,AssessTayVISPDAT,AssessmentID,FK_AssessTayVISPDAT_AssessmentID,dbo,Assessment,AssessmentID
dbo,AssessTayVISPDAT,CreatedBy,FK_AssessTayVISPDAT_CreatedBy,dbo,Users,EntityID
dbo,AssessTBExposure,AssessmentID,FK_AssessTBExposure_Assessment,dbo,Assessment,AssessmentID
dbo,AssessTest,AssessmentID,FK_AssessTest_Assessment,dbo,Assessment,AssessmentID
dbo,AssessTest,TestTypeID,FK_AssessTest_TestType,dbo,TestType,TestTypeID
dbo,AssessTobacco,AssessmentID,FK_AssessTobacco_AssessmentID,dbo,Assessment,AssessmentID
dbo,AssessTobacco,CreatedBy,FK_AssessTobacco_CreatedBy,dbo,Users,EntityID
dbo,AssessTobacco,LastModifiedby,FK_AssessTobacco_LastModifiedBy,dbo,Users,EntityID
dbo,AssessTobaccoFears,AssessmentID,FK_AssessTobaccoFears_AssessmentID,dbo,AssessTobacco,AssessmentID
dbo,AssessTobaccoOther,AssessmentID,FK_AssessTobaccoOther_AssessmentID,dbo,AssessTobacco,AssessmentID
dbo,AssessTobaccoStrategies,AssessmentID,FK_AssessTobaccoStrategies_AssessmentID,dbo,AssessTobacco,AssessmentID
dbo,AssessTobaccoTriggers,AssessmentID,FK_AssessTobaccoTriggers_AssessmentID,dbo,AssessTobacco,AssessmentID
dbo,AssessTobaccoType,AssessmentID,FK_AssessTobaccoType_AssessmentID,dbo,AssessTobacco,AssessmentID
dbo,AssessTransportation,AssessmentID,FK_AssessTransportation_Assessment,dbo,Assessment,AssessmentID
dbo,AssessTransportation,CreatedBy,FK_AssessTransportation_Users,dbo,Users,EntityID
dbo,AssessTriage,AssessmentID,FK_AssessTriage_Assessment,dbo,Assessment,AssessmentID
dbo,AssessTriage,DomainID,FK_AssessTriage_OutcomeDomain,dbo,OutcomeDomain,DomainID
dbo,AssessTriage,ScoreID,FK_AssessTriage_OutcomeScore,dbo,OutcomeScore,ScoreID
dbo,AssessTriage,CreatedBy,FK_AssessTriage_Users,dbo,Users,EntityID
dbo,AssessTriageSummary,AssessmentID,FK_AssessTriageSummary_Assessment,dbo,Assessment,AssessmentID
dbo,AssessTriageSummary,EntityContactID,FK_AssessTriageSummary_Entity,dbo,Entity,EntityID
dbo,AssessVeteran,AssessmentID,FK_AssessVeteran_Assessment,dbo,Assessment,AssessmentID
dbo,AssessVeteran,CreatedBy,FK_AssessVeteran_Users,dbo,Users,EntityID
dbo,AssessVeteran,AddressID,FK_AssessVeteran_AddressID,dbo,ClientAddress,AddressID
dbo,AssessVeteranTheaterOfOperation,AssessmentID,FK_AssessVeteranTheaterOfOperation_Assessment,dbo,Assessment,AssessmentID
dbo,AssessViewMapping,FormID,FK_AssessViewMapping_Form,dbo,Form,FormID
dbo,AssessViewMapping,FormMapID,FK_AssessViewMapping_Form2,dbo,Form,FormID
dbo,AssessVISPDAT,AssessmentID,FK_AssessVISPDAT_AssessmentID,dbo,Assessment,AssessmentID
dbo,AssessVISPDAT,CreatedBy,FK_AssessVISPDAT_CreatedBy,dbo,Users,EntityID
dbo,AssessVISPDATOtherInfo,AssessmentID,FK_AssessVISPDATOtherInfo_AssessmentID,dbo,AssessVISPDAT,AssessmentID
dbo,AssessVISPDATQuestions,AssessmentID,FK_AssessVISPDATQuestions_AssessmentID,dbo,AssessVISPDAT,AssessmentID
dbo,AssessVISPDATQuestions,CreatedBy,FK_AssessVISPDATQuestions_CreatedBy,dbo,Users,EntityID
dbo,AssessVISPDATQuestionsOtherInfo,AssessmentID,FK_AssessVISPDATQuestionsOtherInfo_AssessmentID,dbo,AssessVISPDAT,AssessmentID
dbo,AssessWeatherization,AssessmentID,FK_AssessWeatherization_Assessment,dbo,Assessment,AssessmentID
dbo,AssessWeatherization,Landlord,FK_AssessWeatherization_Contacts,dbo,Entity,EntityID
dbo,AssessWeatherization,PrimaryHeatingProvider,FK_AssessWeatherization_ProviderPH,dbo,Provider,EntityID
dbo,AssessWeatherization,SecondaryHeatingProvider,FK_AssessWeatherization_ProviderSH,dbo,Provider,EntityID
dbo,AssessWeatherization,CoolingProvider,FK_AssessWeatherization_ProviderCool,dbo,Provider,EntityID
dbo,AssessWeatherization,CreatedBy,FK_AssessWeatherization_Users,dbo,Users,EntityID
dbo,AssessWeatherizationChecklist,AssessmentID,FK_AssessWeatherizationChecklis_Assessment,dbo,Assessment,AssessmentID
dbo,AssessWeatherizationChecklist,CreatedBy,FK_AssessWeatherizationChecklist_Users_Created,dbo,Users,EntityID
dbo,AssessWeatherizationChecklist,OwnedByOrgID,FK_AssessWeatherizationChecklist_Organization,dbo,Organization,EntityID
dbo,AssessWeatherizationChecklist,LastModifiedBy,FK_AssessWeatherizationChecklist_Users_Modified,dbo,Users,EntityID
dbo,AssessWeatherizationScoring,AssessmentID,FK_AssessWeatherizationScoring_Assessment,dbo,Assessment,AssessmentID
dbo,AssessWeatherizationScoring,CreatedBy,FK_AssessWeatherizationScoring_Users,dbo,Users,EntityID
dbo,AssessWeatherizationScoring,OwnedByOrgID,FK_AssessWeatherizationScoring_Organization,dbo,Organization,EntityID
dbo,AssessWellCheck,AssessmentID,FK_AssessWellCheck_Assessment,dbo,Assessment,AssessmentID
dbo,AssessWIOA,AssessmentID,FK_AssessWIOA_Assessment,dbo,Assessment,AssessmentID
dbo,AssessWIOA,CreatedBy,FK_AssessWIOA_Users_CreatedBy,dbo,Users,EntityID
dbo,AssessWIOA,DeletedBy,FK_AssessWIOA_Users_DeletedBy,dbo,Users,EntityID
dbo,AssessWIOA,LastModifiedBy,FK_AssessWIOA_Users_LastModifiedBy,dbo,Users,EntityID
dbo,AssessWorkReadiness,AssessmentID,FK_AssessWorkReadiness_Assessment,dbo,Assessment,AssessmentID
dbo,AssessWorkReadiness,DomainID,FK_AssessWorkReadiness_OutcomeDomain,dbo,OutcomeDomain,DomainID
dbo,AssessWorkReadiness,ScoreID,FK_AssessWorkReadiness_OutcomeScore,dbo,OutcomeScore,ScoreID
dbo,AssessWorkReadiness,CreatedBy,FK_AssessWorkReadiness_Users,dbo,Users,EntityID
dbo,AssessWorkTherapyReview,AssessmentID,FK_AssessWorkTherapyReview_Assessment,dbo,Assessment,AssessmentID
dbo,AssessWorkTherapyReview,CreatedBy,FK_AssessWorkTherapyReview_Users,dbo,Users,EntityID
dbo,AssessWTEvaluation,AssessmentID,FK_AssessWTEvaluation_AssessmentID,dbo,Assessment,AssessmentID
dbo,AssessWTEvaluation,CreatedBy,FK_AssessWTEvaluation_CreatedBy,dbo,Users,EntityID
dbo,AssessWTEvaluation,LastModifiedby,FK_AssessWTEvaluation_LastModifiedBy,dbo,Users,EntityID
dbo,AssignEncounterTask,EncounterTypeActivitiesID,FK_AssignEncounterTask_EncounterTypeActivities,dbo,EncounterTypeActivities,EncounterTypeActivitiesID
dbo,AssignEncounterTask,EncounterID,FK_AssignEncounterTask_Encounter,dbo,Encounter,EncounterID
dbo,AssignEncounterTask,AssignedUserID,FK_AssignEncounterTask_AssignedUser,dbo,Users,EntityID
dbo,Asthma,EntityID,FK_Asthma_Entity,dbo,Entity,EntityID
dbo,Asthma,CaseNoteID,FK_Asthma_CaseNotes,dbo,CaseNotes,CaseNoteID
dbo,Asthma,CreatedBy,FK_Asthma_Users,dbo,Users,EntityID
dbo,AsthmaOtherInfo,AsthmaID,FK_AsthmaOtherInfo_AsthmaID,dbo,Asthma,AsthmaID
dbo,AuditTrail,UserID,FK_AuditTrail_Users,dbo,Users,EntityID
dbo,AuthorizedPersonnel,EntityID,Fk_AuthorizedPersonnel_Users_EntityID,dbo,Users,EntityID
dbo,AuthorizedPersonnelEvent,EntityID,Fk_AuthorizedPersonnelEvent_Users_EntityID,dbo,Users,EntityID
dbo,AuthorizedPersonnelHistory,EntityID,FK_AuthorizedPersonnelHistory_Entity,dbo,Entity,EntityID
dbo,AuthorizedPersonnelHistory,CreatedBy,FK_AuthorizedPersonnelHistory_Users,dbo,Users,EntityID
dbo,BackupDownloadHistory,CreatedBy,FK_BackupDownloadHistory_CreatedBy_Users_EntityID,dbo,Users,EntityID
dbo,BatchFileExport,OrganizationID,FK_BatchFileExport_OrganizationID,dbo,Organization,EntityID
dbo,BatchFileExport,CreatedBy,FK_BatchFileExport_CreatedBy,dbo,Users,EntityID
dbo,BatchSchedule,DayOfWeek,FK_BatchSchedule_BatchFrequency,dbo,BatchFrequency,DayOfWeek
dbo,BatchTask,ScheduleID,FK_BatchTask_BatchSchedule,dbo,BatchSchedule,ScheduleID
dbo,BatchUpdateServiceAccount,NewAccountID,FK_BatchUpdateServiceAccount_Account,dbo,Account,AccountID
dbo,BBoardHistory,MessageID,FK_BBoardHistory_BBoardMessage,dbo,BBoardMessage,MessageID
dbo,BBoardHistory,EntityID,FK_BBoardHistory_Entity,dbo,Entity,EntityID
dbo,BBoardPermission,MessageID,FK_BBoardPermission_BBoardMessage,dbo,BBoardMessage,MessageID
dbo,BBoardPermission,CreatedBy,FK_BBoardPermission_Users,dbo,Users,EntityID
dbo,Benevolence,ClientID,FK_Benevolence_Client,dbo,Client,EntityID
dbo,Benevolence,GuardianContactID,FK_Benevolence_Contacts,dbo,Entity,EntityID
dbo,Benevolence,PayeeContactID,FK_Benevolence_Contacts1,dbo,Entity,EntityID
dbo,Benevolence,CreatedBy,FK_Benevolence_Users,dbo,Users,EntityID
dbo,Bereavement,EntityID,FK_Bereavement_Entity,dbo,Entity,EntityID
dbo,Bereavement,CaseNoteID,FK_Bereavement_CaseNotes,dbo,CaseNotes,CaseNoteID
dbo,Bereavement,CreatedBy,FK_Bereavement_Users,dbo,Users,EntityID
dbo,Bereavement,PlaceDeathZipCode,FK_Bereavement_PlaceDeathZipCode,dbo,ZipCode,ZipCode
dbo,Bereavement,NOKID,FK_Bereavement_Entity2,dbo,Entity,EntityID
dbo,Bereavement,NOKID2,FK_Bereavement_Entity3,dbo,Entity,EntityID
dbo,Bereavement,MedicalExaminerID,FK_Bereavement_Entity4,dbo,Entity,EntityID
dbo,Bereavement,InvestigatorID,FK_Bereavement_Entity5,dbo,Entity,EntityID
dbo,BillingCredential,BillingEntityID,FK_BillingCredential_BillingEntityID,dbo,Entity,EntityID
dbo,BillingCredential,PayerEntityID,FK_BillingCredential_PayerEntityID,dbo,Entity,EntityID
dbo,BillingCredential,CreatedBy,FK_BillingCredential_Users,dbo,Users,EntityID
dbo,BillingGroup,CreatedBy,FK_BillingGroup_Users,dbo,Users,EntityID
dbo,BillingGroup,PrimaryInsuranceID,FK_BillingGroup_PrimaryInsuranceID,dbo,Insurance,InsuranceID
dbo,BillingGroup,SecondaryInsuranceID,FK_BillingGroup_SecondaryInsuranceID,dbo,Insurance,InsuranceID
dbo,BillingGroup,TertiaryInsuranceID,FK_BillingGroup_TertiaryInsuranceID,dbo,Insurance,InsuranceID
dbo,BillingGroup,PatientEntityID,FK_BillingGroup_PatientEntityID,dbo,Client,EntityID
dbo,BillingHistory,BilledBy,FK_BillingHistory_BilledBy,dbo,Users,EntityID
dbo,BillingHistory,CreatedBy,FK_BillingHistory_Users,dbo,Users,EntityID
dbo,BMIForAgeType,OrgGroupID,FK_BMIForAgeType_OrgGroup,dbo,OrgGroup,OrgGroupID
dbo,BMIForAgeType,CreatedBy,FK_BMIForAgeType_CreatedBy,dbo,Users,EntityID
dbo,BucketFundProviderAllocation,AccountID,FK_BucketFundProviderAllocation_Account,dbo,Account,AccountID
dbo,BucketFundProviderAllocation,OrgID,FK_BucketFundProviderAllocation_Organization,dbo,Organization,EntityID
dbo,BucketFundProviderAllocation,ProviderID,FK_BucketFundProviderAllocation_Provider,dbo,Provider,EntityID
dbo,BucketFundProviderAllocation,BucketFundTypeID,FK_BucketFundProviderAllocation_BucketFundType,dbo,BucketFundType,BucketFundTypeID
dbo,BucketFundProviderAllocation,ObligationProcessID,FK_BucketFundProviderAllocation_ApprovalObligationProcess,dbo,ApprovalObligationProcess,ObligationProcessID
dbo,BucketFundProviderAllocation,MasterID,FK_BucketFundProviderAllocation_AccountMaster,dbo,AccountMaster,MasterID
dbo,BucketFundTypeServiceTypeMapping,BucketFundTypeID,FK_BucketFundTypeServiceTypeMapping_BucketFundType,dbo,BucketFundType,BucketFundTypeID
dbo,BucketFundTypeServiceTypeMapping,ServiceTypeID,FK_BucketFundTypeServiceTypeMapping_ServiceType,dbo,ServiceType,ServiceTypeID
dbo,BudgetProgramService,ProgramServiceID,FK_BudgetProgramService_ProgramService,dbo,ProgramService,ProgramServiceID
dbo,BudgetProgramService,AccountID,FK_BudgetProgramService_Account,dbo,Account,AccountID
dbo,CalendarTransaction,GrandParentContextTypeID,FK_CalendarTransaction_GrandParentContextTypeID_ContextType_ContextTypeID,dbo,ContextType,ContextTypeID
dbo,CalendarTransaction,ParentContextTypeID,FK_CalendarTransaction_ParentContextTypeID_ContextType_ContextTypeID,dbo,ContextType,ContextTypeID
dbo,CalendarTransaction,ContextTypeID,FK_CalendarTransaction_ContextTypeID_ContextType_ContextTypeID,dbo,ContextType,ContextTypeID
dbo,CalendarTransaction,CreatedBy,FK_CalendarTransaction_CreatedBy_Users_EntityID,dbo,Users,EntityID
dbo,CalendarTransaction,DeletedBy,FK_CalendarTransaction_DeletedBy_Users_EntityID,dbo,Users,EntityID
dbo,CalendarTransaction,LastModifiedBy,FK_CalendarTransaction_LastModifiedBy_Users_EntityID,dbo,Users,EntityID
dbo,CalendarTransaction,OwnedByOrgID,FK_CalendarTransaction_OwnedByOrgID_Organization_EntityID,dbo,Organization,EntityID
dbo,CalendarTransactionHis,CalendarTransactionID,FK_CalendarTransactionHis_CalendarTransactionID_CalendarTransaction_CalendarTransactionID,dbo,CalendarTransaction,CalendarTransactionID
dbo,CalendarTransactionHis,CalendarTransactionIDOld,FK_CalendarTransactionHis_CalendarTransactionIDOld_CalendarTransaction_CalendarTransactionID,dbo,CalendarTransaction,CalendarTransactionID
dbo,CalendarTransactionHis,GrandParentContextTypeID,FK_CalendarTransactionHis_GrandParentContextTypeID_ContextType_ContextTypeID,dbo,ContextType,ContextTypeID
dbo,CalendarTransactionHis,ParentContextTypeID,FK_CalendarTransactionHis_ParentContextTypeID_ContextType_ContextTypeID,dbo,ContextType,ContextTypeID
dbo,CalendarTransactionHis,ContextTypeID,FK_CalendarTransactionHis_ContextTypeID_ContextType_ContextTypeID,dbo,ContextType,ContextTypeID
dbo,CalendarTransactionHis,CreatedBy,FK_CalendarTransactionHis_CreatedBy_Users_EntityID,dbo,Users,EntityID
dbo,CalendarTransactionHis,DeletedBy,FK_CalendarTransactionHis_DeletedBy_Users_EntityID,dbo,Users,EntityID
dbo,CalendarTransactionHis,LastModifiedBy,FK_CalendarTransactionHis_LastModifiedBy_Users_EntityID,dbo,Users,EntityID
dbo,CalendarTransactionHis,OwnedByOrgID,FK_CalendarTransactionHis_OwnedByOrgID_Organization_EntityID,dbo,Organization,EntityID
dbo,CallCenter,CallerID,FK_CallCenter_Entity,dbo,Entity,EntityID
dbo,CallCenter,CaseNoteID,FK_CallCenter_CaseNotes,dbo,CaseNotes,CaseNoteID
dbo,CallCenter,CreatedBy,FK_CallCenter_Users,dbo,Users,EntityID
dbo,CallCenterChildren,CallCenterID,FK_CallCenterChildren_CallCenterID,dbo,CallCenter,CallCenterID
dbo,CallCenterDV,CallCenterID,FK_CallCenterDV_CallCenterID,dbo,CallCenter,CallCenterID
dbo,CallCenterDV,ProgramID,FK_CallCenterDV_ProgramID_Program_ProgramID,dbo,Program,ProgramID
dbo,CallCenterService,ServiceTypeID,FK_CallCenterService_ServiceType,dbo,ServiceType,ServiceTypeID
dbo,CallCenterService,CreatedBy,FK_CallCenterService_Users,dbo,Users,EntityID
dbo,Campaign,TemplateID,FK_Campaign_CaseNoteTemplate,dbo,CaseNoteTemplate,TemplateID
dbo,CampaignEntity,CampaignID,FK_CampaignEntity_Campaign,dbo,Campaign,CampaignID
dbo,CampaignEntity,EntityID,FK_CampaignEntity_Entity,dbo,Entity,EntityID
dbo,CampaignSchedule,CampaignID,FK_CampaignSchedule_Campaign,dbo,Campaign,CampaignID
dbo,CampaignSchedule,MAilListID,FK_CampaignSchedule_MailList,dbo,MailList,MailListID
dbo,CareReceiverService,ServiceID,FK_CareReceiverService_ServiceID,dbo,Service,ServiceID
dbo,CareReceiverService,EntityID,FK_CareReceiverService_EntityID,dbo,Entity,EntityID
dbo,CaseManagerAssignment,ClientID,FK_CaseManagerAssignment_Client,dbo,Entity,EntityID
dbo,CaseManagerAssignment,UserID,FK_CaseManagerAssignment_Users,dbo,Entity,EntityID
dbo,CaseManagerAssignment,EnrollmentID,FK_CaseManagerAssignment_Enrollment,dbo,Enrollment,EnrollmentID
dbo,CaseManagerAssignment,CreatedBy,FK_CaseManagerAssignment_Users1,dbo,Users,EntityID
dbo,CaseManagerAssignment,ApprovalGroupID,FK_CaseManagerAssignment_ApprovalGroup,dbo,ApprovalGroup,ApprovalGroupID
dbo,CaseNoteNotEntity,CreatedBy,FK_CaseNoteNotEntity_Users,dbo,Users,EntityID
dbo,CaseNotes,EntityID,FK_CaseNotes_Entity,dbo,Entity,EntityID
dbo,CaseNotes,CreatedBy,FK_CaseNotes_Users,dbo,Users,EntityID
dbo,CaseNotes,EnrollmentID,FK_CaseNotes_Enrollment,dbo,Enrollment,EnrollmentID
dbo,CaseNotes,MasterNoteID,FK_CaseNotes_MasterNoteID,dbo,CaseNotes,CaseNoteID
dbo,CaseNotes,TemplateID,FK_CaseNotes_CaseNoteTemplate,dbo,CaseNoteTemplate,TemplateID
dbo,CaseNotesExtension,CaseNoteID,FK_CaseNotesExtension_CaseNoteID,dbo,CaseNotes,CaseNoteID
dbo,CaseNotesExtension,ComponentTypeID,FK_CaseNotesExtension_ComponentType,dbo,ComponentType,ComponentTypeID
dbo,CaseNotesExtension,ServiceID,FK_CaseNotesExtension_ServiceID_Service_ServiceID,dbo,Service,ServiceID
dbo,CaseNoteTemplate,OrgGroupID,FK_CaseNoteTemplate_OrgGroup,dbo,OrgGroup,OrgGroupID
dbo,CaseNoteTemplate,CreatedBy,FK_CaseNoteTemplate_Users,dbo,Users,EntityID
dbo,CaseNoteTemplateImage,CreatedBy,FK_CaseNoteTemplateImage_Users,dbo,Users,EntityID
dbo,CategoryContext,ContextTypeID,FK_CategoryContext_ContextTypeID,dbo,ContextType,ContextTypeID
dbo,CategoryContext,CreatedBy,FK_CategoryContext_Users,dbo,Users,EntityID
dbo,CategoryType,CreatedBy,FK_CategoryType_Users,dbo,Users,EntityID
dbo,CBFormElementType,ElementTypeID,FK_CBFormElementType_FormElementType,dbo,FormElementType,ElementTypeID
dbo,CCAssessMentalEpisode,AssessmentID,FK_CCAssessMentalEpisode_Assessment,dbo,Assessment,AssessmentID
dbo,CCAssessMentalEpisode,CreatedBy,FK_CCAssessMentalEpisode_Users,dbo,Users,EntityID
dbo,CCTransactions,CreatedBy,FK_CCTransactions_Users,dbo,Users,EntityID
dbo,CEElements,ProgramAssessmentID,FK_CEElements_ProgramAssessment,dbo,ProgramAssessment,ProgramAssessmentID
dbo,CEElements,CreatedBy,FK_CEElements_Users,dbo,Users,EntityID
dbo,CEElements,LastModifiedBy,FK_CEElements_LastModifiedBy,dbo,Users,EntityID
dbo,CEParticipate,ProgramID,FK_CEParticipate_ProgramID_Program_ProgramID,dbo,Program,ProgramID
dbo,CEParticipate,CreatedBy,FK_CEParticipate_CreatedBy_Users_EntityID,dbo,Users,EntityID
dbo,CEParticipate,DeletedBy,FK_CEParticipate_DeletedBy_Users_EntityID,dbo,Users,EntityID
dbo,CEParticipate,LastModifiedBy,FK_CEParticipate_LastModifiedBy_Users_EntityID,dbo,Users,EntityID
dbo,CEProgramAssessmentEvents,ProgramAssessmentID,FK_CEProgramAssessmentEvents_ProgramAssessment,dbo,ProgramAssessment,ProgramAssessmentID
dbo,ChargeEntry,OutsideProviderID,FK_ChargeEntry_Provider,dbo,Provider,EntityID
dbo,ChargeEntry,CreatedBy,FK_ChargeEntry_Users,dbo,Users,EntityID
dbo,ChargeEntry,BillingGroupID,FK_ChargeEntry_BillingGroupID,dbo,BillingGroup,BillingGroupID
dbo,ChargeEntry,ReferringProviderID,FK_ChargeEntry_ReferringProviderID,dbo,Provider,EntityID
dbo,ChargeEntry,PrimaryDiagnosis,FK_ChargeEntry_PrimaryDiagnosis,dbo,IssueType,IssueTypeID
dbo,ChargeEntryDiagnosis,IssueTypeID,FK_ChargeEntryDiagnosis_IssueTypeID,dbo,IssueTypeExtended,IssueTypeID
dbo,ChargeEntryDiagnosis,ChargeEntryID,FK_ChargeEntryDiagnosis_ChargeEntryID,dbo,ChargeEntry,ChargeEntryID
dbo,ChargeEntryService,ServiceID,FK_ChargeEntryService_ServiceID,dbo,Service,ServiceID
dbo,ChargeEntryService,ChargeEntryID,FK_ChargeEntryService_ChargeEntryID,dbo,ChargeEntry,ChargeEntryID
dbo,ChargeEntryService,ServiceAuthoEligibilityID,FK_ChargeEntryService_ServiceAuthoEligibilityID,dbo,ServiceAuthoEligibility,ServiceAuthoEligibilityID
dbo,CheckServiceLineItems,ServiceID,FK_CheckServiceLineItems_Service,dbo,Service,ServiceID
dbo,CheckServiceLineItems,BatchID,FK_CheckServiceLineItems_ServiceCheckBatch,dbo,ServiceCheckBatch,BatchID
dbo,ChildEducation,ClientID,FK_ChildEducation_Client,dbo,Client,EntityID
dbo,ChildEducation,ProviderID,FK_ChildEducation_Provider,dbo,Provider,EntityID
dbo,ChildEducation,CaseNoteID,FK_ChildEducation_CaseNotes,dbo,CaseNotes,CaseNoteID
dbo,ChildEducation,CreatedBy,FK_ChildEducation_Users,dbo,Users,EntityID
dbo,ChildEducationCourse,ChildEducationGradeID,FK_ChildEducationCourse_ChildEducationGrade,dbo,ChildEducationGrade,ChildEducationGradeID
dbo,ChildEducationCourse,CreatedBy,FK_ChildEducationCourse_Users,dbo,Users,EntityID
dbo,ChildEducationCourse,EnrollmentServicePlanID,FK_ChildEducationCourse_EnrollmentServicePlanID,dbo,EnrollmentServicePlan,EnrollmentServicePlanID
dbo,ChildEducationGrade,ChildEducationID,FK_ChildEducationGrade_ChildEducation,dbo,ChildEducation,ChildEducationID
dbo,ChildEducationGrade,VerifierID,FK_ChildEducationGrade_Verifier,dbo,Users,EntityID
dbo,ChildEducationGrade,CaseNoteID,FK_ChildEducationGrade_CaseNotes,dbo,CaseNotes,CaseNoteID
dbo,ChildEducationGrade,CreatedBy,FK_ChildEducationGrade_Users,dbo,Users,EntityID
dbo,ChildEducationProgranParticipant,ChildEducationID,FK_ChildEducationProgranParticipant_ChildEducation,dbo,ChildEducation,ChildEducationID
dbo,ClassGrade,EntityID,FK_ClassGrade_Entity,dbo,Entity,EntityID
dbo,ClassGrade,UsageEnrollmentID,FK_ClassGrade_ResourceUsageEnroll,dbo,ResourceUsageEnroll,UsageEnrollmentID
dbo,ClassGrade,CourseTypeID,FK_ClassGrade_CourseType,dbo,CourseType,CourseTypeID
dbo,ClassGrade,CreatedBy,FK_ClassGrade_Users,dbo,Users,EntityID
dbo,Client,EntityID,FK_Client_Entity,dbo,Entity,EntityID
dbo,Client,CreatedBy,FK_Client_Users,dbo,Users,EntityID
dbo,ClientAccessLog,EntityID,FK_ClientAccessLog_Client,dbo,Client,EntityID
dbo,ClientAccount,ClientID,FK_ClientAccount_Client,dbo,Client,EntityID
dbo,ClientAccount,CreatedBy,FK_ClientAccount_Users,dbo,Users,EntityID
dbo,ClientAccount,OrganizationID,FK_ClientAccount_Organization,dbo,Organization,EntityID
dbo,ClientAccountSummaryBalances,ClientAccountID,FK_ClientAccountSummaryBalances_ClientAccountID,dbo,ClientAccount,ClientAccountID
dbo,ClientAccountTransaction,ClientAccountID,FK_ClientAccountTransaction_ClientAccount,dbo,ClientAccount,ClientAccountID
dbo,ClientAccountTransaction,ProviderID,FK_ClientAccountTransaction_Provider,dbo,Provider,EntityID
dbo,ClientAccountTransaction,CreatedBy,FK_ClientAccountTransaction_Users,dbo,Users,EntityID
dbo,ClientAddress,ClientID,FK_ClientAddress_Client,dbo,Client,EntityID
dbo,ClientAddress,ZipCode,FK_ClientAddress_ZipCode,dbo,ZipCode,ZipCode
dbo,ClientAddress,CreatedBy,FK_ClientAddress_Users,dbo,Users,EntityID
dbo,ClientAddress,FamilyID,FK_ClientAddress_Family,dbo,Family,FamilyID
dbo,ClientAddressExt,AddressID,FK_ClientAddressExt_AddressID,dbo,ClientAddress,AddressID
dbo,ClientAlerts,ClientID,FK_ClientAlerts_Client,dbo,Client,EntityID
dbo,ClientAlerts,CreatedBy,FK_ClientAlerts_Users,dbo,Users,EntityID
dbo,ClientAlias,ClientID,FK_ClientAlias_Client,dbo,Client,EntityID
dbo,ClientAlias,CreatedBy,FK_ClientAlias_Users,dbo,Users,EntityID
dbo,ClientAlternate,EntityID,FK_ClientAlternate_Entity,dbo,Entity,EntityID
dbo,ClientAlternate,CreatedBy,FK_ClientAlternate_Users,dbo,Users,EntityID
dbo,ClientBadgeTemplate,DeletedBy,FK_ClientBadgeTemplate_DeletedBy_Users_EntityID,dbo,Users,EntityID
dbo,ClientBadgeTemplate,LastModifiedBy,FK_ClientBadgeTemplate_LastModifiedBy_Users_EntityID,dbo,Users,EntityID
dbo,ClientBadgeTemplate,CreatedBy,FK_ClientBadgeTemplate_CreatedBy_Users_EntityID,dbo,Users,EntityID
dbo,ClientDuplicateStaging,MergedClientID,FK_ClientDuplicateStaging_MergedClientID_Client_EntityID,dbo,Client,EntityID
dbo,ClientDuplicateStaging,CreatedBy,FK_ClientDuplicateStaging_CreatedBy_Users_EntityID,dbo,Users,EntityID
dbo,ClientDuplicateStaging,DeletedBy,FK_ClientDuplicateStaging_DeletedBy_Users_EntityID,dbo,Users,EntityID
dbo,ClientDuplicateStaging,LastModifiedBy,FK_ClientDuplicateStaging_LastModifiedBy_Users_EntityID,dbo,Users,EntityID
dbo,ClientDuplicateStagingClientIDs,ClientDuplicateStagingID,FK_ClientDuplicateStagingClientIDs_ClientDuplicateStagingID_ClientDuplicateStaging_ClientDuplicateStagingID,dbo,ClientDuplicateStaging,ClientDuplicateStagingID
dbo,ClientDuplicateStagingClientIDs,EntityID,FK_ClientDuplicateStagingClientIDs_EntityID_Client_EntityID,dbo,Client,EntityID
dbo,ClientETEligHist,EntityID,FK_ClientETEligHist_Client,dbo,Client,EntityID
dbo,ClientGender,ClientID,FK_ClientGender_ClientID_Client_EntityID,dbo,Client,EntityID
dbo,ClientGoalStepExt,ClientGoalStepID,FK_ClientGoalStepExt_ClientGoalStep,dbo,ClientGoalSteps,ClientGoalStepID
dbo,ClientGoalStepExt,ServiceTypeID,FK_ClientGoalStepExt_ServiceType,dbo,ServiceType,ServiceTypeID
dbo,ClientGoalStepExt,AccountID,FK_ClientGoalStepExt_Account,dbo,Account,AccountID
dbo,ClientGoalSteps,GoalID,FK_ClientGoalSteps_Goal,dbo,Goal,GoalID
dbo,ClientGoalSteps,GoalStepTypeID,FK_ClientGoalSteps_GoalStepType,dbo,GoalStepType,GoalStepTypeID
dbo,ClientGoalSteps,CreatedBy,FK_ClientGoalSteps_Users,dbo,Users,EntityID
dbo,ClientJobExtension,ClientID,FK_ClientJobExtension_ClientID_Client_EntityID,dbo,Client,EntityID
dbo,ClientJobSearchDetails,ClientID,FK_ClientJobSearchDetails_Client,dbo,Client,EntityID
dbo,ClientLocker,ClientID,FK_ClientLocker_Client,dbo,Client,EntityID
dbo,ClientLocker,LockerID,FK_ClientLocker_Locker,dbo,Locker,LockerID
dbo,ClientLocker,CreatedBy,FK_ClientLocker_Users,dbo,Users,EntityID
dbo,ClientMarriage,ClientID,FK_ClientMarriage_Client,dbo,Client,EntityID
dbo,ClientMarriage,MarriedToClientID,FK_ClientMarriage_Client1,dbo,Client,EntityID
dbo,ClientMarriage,CreatedBy,FK_ClientMarriage_Users,dbo,Users,EntityID
dbo,ClientOtherInfo,ClientID,FK_ClientOtherInfo_ClientID,dbo,Client,EntityID
dbo,ClientPayment,ReceivedByEntityID,FK_ClientPayment_ReveivedBY,dbo,Entity,EntityID
dbo,ClientPayment,ReceivedFromEntityID,FK_ClientPayment_ReceivedFROM,dbo,Entity,EntityID
dbo,ClientPayment,AppliedToEntityID,FK_ClientPayment_AppliedTo,dbo,Entity,EntityID
dbo,ClientPayment,CreatedBy,FK_ClientPayment_User,dbo,Users,EntityID
dbo,ClientPrintPhoto,PrintPhotoFileID,FK_ClientPrintPhoto_Files,dbo,Files,FileID
dbo,ClientPropertyHistory,OrganizationID,FK_ClientPropertyHistory_OrganizationID,dbo,Organization,EntityID
dbo,ClientPropertyHistory,ClientID,FK_ClientPropertyHistory_ClientID,dbo,Client,EntityID
dbo,ClientPropertyHistory,ProviderID,FK_ClientPropertyHistory_ProviderID,dbo,Provider,EntityID
dbo,ClientPropertyHistory,PropertyID,FK_ClientPropertyHistory_PropertyID,dbo,ProviderProperty,ProviderPropertyID
dbo,ClientRace,ClientID,FK_ClientRace_Client,dbo,Entity,EntityID
dbo,ClientRelease,ClientID,FK_ClientRelease_Client,dbo,Client,EntityID
dbo,ClientRelease,CreatedBy,FK_ClientRelease_CreatedBy,dbo,Users,EntityID
dbo,ClientRelease,OwnedByOrgID,FK_ClientRelease_OwnedByOrgID,dbo,Organization,EntityID
dbo,ClientReleaseException,ClientReleaseID,FK_ClientReleaseException_ClientRelease,dbo,ClientRelease,ClientReleaseID
dbo,ClientReleaseException,OrganizationID,FK_ClientReleaseException_Organization,dbo,Organization,EntityID
dbo,ClientReleaseException,CreatedBy,FK_ClientReleaseException_CreatedBy,dbo,Users,EntityID
dbo,ClientServicePayment,ServiceID,FK_ClientServicePayment_Service,dbo,Service,ServiceID
dbo,ClientServicePayment,CreatedBy,FK_ClientServicePayment_User,dbo,Users,EntityID
dbo,ClientSNAPInfo,EntityID,FK_ClientSNAPInfo_Entity,dbo,Entity,EntityID
dbo,ClientSummaryInfo,ClientID,FK_ClientSummaryInfo_Client,dbo,Client,EntityID
dbo,ClientSummaryInfo,CreatedBy,FK_ClientSummaryInfo_Users,dbo,Users,EntityID
dbo,ClientWorkTime,TimeID,FK_ClientWorkTime_Time,dbo,Time,TimeID
dbo,ClientWorkTime,ClientID,FK_ClientWorkTime_Client,dbo,Client,EntityID
dbo,ClientWorkTime,WorkHistoryID,FK_ClientWorkTime_WorkHistory,dbo,WorkHistory,WorkHistoryID
dbo,ClientWorkTime,JobCodeID,FK_ClientWorkTime_JobCode,dbo,JobCode,JobCodeID
dbo,ClientWorkTime,CaseNoteID,FK_ClientWorkTime_CaseNotes,dbo,CaseNotes,CaseNoteID
dbo,CocCode,CreatedBy,FK_CocCode_CreatedBy_Users_EntityID,dbo,Users,EntityID
dbo,CocCode,DeletedBy,FK_CocCode_DeletedBy_Users_EntityID,dbo,Users,EntityID
dbo,CocCode,LastModifiedBy,FK_CocCode_LastModifiedBy_Users_EntityID,dbo,Users,EntityID
dbo,CollegeReadiness,ReportingPeriodID,FK_CollegeReadiness_ReportingPeriod,dbo,ReportingPeriod,ReportingPeriodID
dbo,CollegeReadiness,EntityID,FK_CollegeReadiness_Entity,dbo,Entity,EntityID
dbo,CollegeReadiness,CreatedBy,FK_CollegeReadiness_Users,dbo,Users,EntityID
dbo,CollegeReadiness,CaseNoteID,FK_CollegeReadiness_CaseNotes,dbo,CaseNotes,CaseNoteID
dbo,ComplianceReport,CreatedBy,FK_ComplianceReports_CreatedBy,dbo,Users,EntityID
dbo,ComplianceReportLineItem,ComplianceReportID,FK_ComplianceReportLineItem_ComplianceReportID,dbo,ComplianceReport,ComplianceReportID
dbo,ComplianceReportLineItem,CreatedBy,FK_ComplianceReportLineItem_CreatedBy,dbo,Users,EntityID
dbo,ComplianceReportLineItemMap,ComplianceReportLineItemID,FK_ComplianceReportLineItemMap_ComplianceReportLineItemID,dbo,ComplianceReportLineItem,ComplianceReportLineItemID
dbo,ComplianceReportLineItemMap,CreatedBy,FK_ComplianceReportLineItemMap_CreatedBy,dbo,Users,EntityID
dbo,ComplianceReportLineItemMapMulti,ComplianceReportLineItemID,FK_ComplianceReportLineItemMapMulti_ComplianceReportLineItem,dbo,ComplianceReportLineItem,ComplianceReportLineItemID
dbo,ComplianceReportLineItemMapOther,ComplianceReportLineItemMapID,FK_ComplianceReportLineItemMapOther_ComplianceReportLineItemMapID,dbo,ComplianceReportLineItemMap,ComplianceReportLineItemMapID
dbo,ComponentCategory,CreatedBy,FK_ComponentCategory_Users,dbo,Users,EntityID
dbo,ComponentProviderTypeMaximum,ProviderTypeCategoryTypeID,FK_ComponentProviderTypeMaximum_ProviderTypeCategoryType,dbo,ProviderTypeCategoryType,ProviderTypeCategoryTypeID
dbo,ComponentProviderTypeMaximum,ServiceTypeID,FK_ComponentProviderTypeMaximum_ServiceType,dbo,ServiceType,ServiceTypeID
dbo,ComponentProviderTypeMaximum,ProviderComponentServiceTypeID,FK_ComponentProviderTypeMaximum_ProviderComponentServiceType,dbo,ProviderComponentServiceType,ProviderComponentServiceTypeID
dbo,ComponentProviderTypeMaximum,CreatedBy,FK_ComponentProviderTypeMaximum_Users,dbo,Users,EntityID
dbo,ComponentType,CreatedBy,FK_ComponentType_CreatedBy_Users_EntityID,dbo,Users,EntityID
dbo,ComponentType,ComponentCategoryID,FK_ComponentType_ComponentCategoryID,dbo,ComponentCategory,ComponentCategoryID
dbo,ConfigurableForms,FormID,FK_ConfigurableForms_FormID,dbo,Form,FormID
dbo,ConfigurableForms,CreatedBy,FK_ConfigurableForms_Users,dbo,Users,EntityID
dbo,ConfigUserForms,UserID,FK_ConfigUserForms_User,dbo,Users,EntityID
dbo,ConfigUserForms,CreatedBy,FK_ConfigUserForms_CreatedBy,dbo,Users,EntityID
dbo,ContactLog,ProvidedByEntity,FK_ContactLog_ProvidedByEntity,dbo,Entity,EntityID
dbo,ContactLog,ProvidedToEntity,FK_ContactLog_ProvidedToEntity,dbo,Entity,EntityID
dbo,ContactLog,CreatedBy,FK_ContactLog_CreatedBy,dbo,Users,EntityID
dbo,Contacts,EntityID,FK_Contacts_Entity,dbo,Entity,EntityID
dbo,Contacts,CreatedBy,FK_Contacts_Users,dbo,Users,EntityID
dbo,Contacts,ProviderID,FK_Contacts_ProviderID,dbo,Provider,EntityID
dbo,ContextAssignment,AssignedToEntityID,FK_ContextAssignment_AssignedToEntityID,dbo,Entity,EntityID
dbo,ContextAssignment,CreatedBy,FK_ContextAssignment_Users1,dbo,Users,EntityID
dbo,ContextFatherEngagement,CreatedBy,FK_ContextFatherEngagement_Users,dbo,Users,EntityID
dbo,ContextJobType,JobTypeID,FK_ContextJobType_JobType,dbo,JobType,JobTypeID
dbo,ContextJobType,CreatedBy,FK_ContextJobType_Users,dbo,Users,EntityID
dbo,ContextReview,CreatedBy,FK_ContextReview_Users,dbo,Users,EntityID
dbo,ContextSync,ContextTypeID,FK_ContextSync_ContextTypeID_ContextType_ContextTypeID,dbo,ContextType,ContextTypeID
dbo,ContexttoContext,CreatedBy,FK_ContexttoContext_Users1,dbo,Users,EntityID
dbo,ContexttoContext,DeletedBy,FK_ContexttoContext_Users2,dbo,Users,EntityID
dbo,ContexttoContext,LastModifiedBy,FK_ContexttoContext_Users3,dbo,Users,EntityID
dbo,ContextTypeFollowUpList,ContextTypeID,FK_ContextTypeFollowUpList_ContextTypeID,dbo,ContextType,ContextTypeID
dbo,ContextTypeFollowUpList,ListID,FK_ContextTypeFollowUpList_ListID,dbo,Lists,ListID
dbo,ContractItem,ProviderContractItemID,FK_ContractItem_ProviderContractItemID_ProviderContractItem_ProviderContractItemID,dbo,ProviderContractItem,ProviderContractItemID
dbo,ContractItem,ComponentTypeID,FK_ContractItem_ComponentTypeID_ComponentType_ComponentTypeID,dbo,ComponentType,ComponentTypeID
dbo,ContractItem,CreatedBy,FK_ContractItem_CreatedBy_Users_EntityID,dbo,Users,EntityID
dbo,ContractServiceItem,ContractItemID,FK_ContractServiceItem_ContractItemID_ContractItem_ContractItemID,dbo,ContractItem,ContractItemID
dbo,ContractServiceItem,ServiceTypeID,FK_ContractServiceItem_ServiceTypeID_ServiceType_ServiceTypeID,dbo,ServiceType,ServiceTypeID
dbo,ContractServiceItem,CreatedBy,FK_ContractServiceItem_CreatedBy_Users_EntityID,dbo,Users,EntityID
dbo,CopaySetup,CreatedBy,FK_CopaySetup_CreatedBy_Users_EntityID,dbo,Users,EntityID
dbo,CopaySetup,LastModifiedBy,FK_CopaySetup_LastModifiedBy_Users_EntityID,dbo,Users,EntityID
dbo,CopyForeignTableConfig,PrimaryTableID,FK_CopyForeignTableConfig_CopyPrimaryTableConfig,dbo,CopyPrimaryTableConfig,PrimaryTableID
dbo,CourseTest,CourseTypeID,FK_CourseTest_CourseType,dbo,CourseType,CourseTypeID
dbo,CourseTest,UsageID,FK_CourseTest_Usage,dbo,ResourceUsage,UsageID
dbo,CourseTest,TestTypeID,FK_CourseTest_TestType,dbo,TestType,TestTypeID
dbo,CourseType,CourseCategoryID,FK_CourseType_CourseTypeCategory,dbo,CourseTypeCategory,CourseCategoryID
dbo,CourseTypeContext,CourseTypeID,FK_CourseTypeContext_CourseType,dbo,CourseType,CourseTypeID
dbo,CourseTypeContext,ContextTypeID,FK_CourseTypeContext_ContextTypeID,dbo,ContextType,ContextTypeID
dbo,CourseTypeContext,CreatedBy,FK_CourseTypeContext_Users,dbo,Users,EntityID
dbo,Credential,ClientID,FK_Credential_Client,dbo,Client,EntityID
dbo,Credential,CredentialTypeID,FK_Credential_CredentialType,dbo,CredentialType,CredentialTypeID
dbo,CredentialTypeCategory,CategoryID,FK_CredentialTypeCategory_CategoryID,dbo,CredentialTypeCategoryType,CategoryID
dbo,CredentialTypeCategoryType,CreatedBy,FK_CredentialTypeCategoryType_CreatedBy,dbo,Users,EntityID
dbo,CredentialTypeContext,CredentialTypeID,FK_CredentialTypeContext_CredentialType,dbo,CredentialType,CredentialTypeID
dbo,CredentialTypeContext,ContextTypeID,FK_CredentialTypeContext_ContextTypeID,dbo,ContextType,ContextTypeID
dbo,CredentialTypeContext,CreatedBy,FK_CredentialTypeContext_Users,dbo,Users,EntityID
dbo,CredentialTypeSkillType,CredentialTypeID,FK_CredentialTypeSkillType_CredentialTypeID,dbo,CredentialType,CredentialTypeID
dbo,CredentialTypeSkillType,SkillTypeID,FK_CredentialTypeSkillType_SkillTypeID,dbo,SkillType,SkillTypeID
dbo,Crimes,ClientID,FK_Crimes_Client,dbo,Client,EntityID
dbo,Crimes,CrimeTypeID,FK_Crimes_CrimeType,dbo,CrimeType,CrimeTypeID
dbo,Crimes,CaseNoteID,FK_Crimes_CaseNotes,dbo,CaseNotes,CaseNoteID
dbo,Crimes,ParoleOfficerID,FK_Crimes_Contacts,dbo,Entity,EntityID
dbo,Crimes,CreatedBy,FK_Crimes_Users,dbo,Users,EntityID
dbo,CU_CIMSAS,EnrollmentID,FK_CU_CIMSAS_Enrollment,dbo,Enrollment,EnrollmentID
dbo,CubePermissionUser,CubeAnalyticID,FK_CubePermissionUser_CubeAnalytic,dbo,CubeAnalytics,ID
dbo,CubePermissionUser,CreatedBy,FK_CubePermissionUser_Users,dbo,Entity,EntityID
dbo,CubeTabular,CreatedBy,FK_CubeTabular_Users,dbo,Users,EntityID
dbo,CurriculumType,CreatedBy,FK_CurriculumType_Users_CreatedBy,dbo,Users,EntityID
dbo,CurriculumType,DeletedBy,FK_CurriculumType_Users_DeletedBy,dbo,Users,EntityID
dbo,CurriculumType,LastModifiedBy,FK_CurriculumType_Users_LastModifiedBy,dbo,Users,EntityID
dbo,CurriculumType,OwnedByOrgID,FK_CurriculumType_Organization_OwnedByOrgID,dbo,Organization,EntityID
dbo,CurriculumTypeStep,CurriculumTypeID,FK_CurriculumTypeStep_Users_CurriculumType,dbo,CurriculumType,CurriculumTypeID
dbo,CurriculumTypeStep,CreatedBy,FK_CurriculumTypeStep_Users_CreatedBy,dbo,Users,EntityID
dbo,CurriculumTypeStep,DeletedBy,FK_CurriculumTypeStep_Users_DeletedBy,dbo,Users,EntityID
dbo,CurriculumTypeStep,LastModifiedBy,FK_CurriculumTypeStep_Users_LastModifiedBy,dbo,Users,EntityID
dbo,CurriculumTypeStep,OwnedByOrgID,FK_CurriculumTypeStep_Organization_OwnedByOrgID,dbo,Organization,EntityID
dbo,CustomDescription,CreatedBy,FK_CustomDescription_CreatedBy,dbo,Users,EntityID
dbo,CustomerBackupAdmin,CustomerID,FK_CustomerBackupAdmin_CustomerID,dbo,Provider,EntityID
dbo,CustomerVersion,ProviderID,FK_CustomerVersion_Provider,dbo,Provider,EntityID
dbo,DashboardPage,RoleID,FK_DashboardPage_RoleDefinition,dbo,RoleDefinition,RoleID
dbo,DatabaseLogo,CreatedBy,FK_DatabaseLogo_Users,dbo,Users,EntityID
dbo,DatabaseLogo,LastModifiedBy,FK_DatabaseLogo_LastModifiedBy,dbo,Users,EntityID
dbo,DebtPayOffCalc,EntityID,FK_DebtPayOffCalc_Entity,dbo,Entity,EntityID
dbo,DebtPayOffCalc,CreatedBy,FK_DebtPayOffCalc_Users,dbo,Users,EntityID
dbo,DecibelMeter,DecibelMeterDeviceItemID,FK_DecibelMeter_DecibelMeterDeviceItem,dbo,DecibelMeterDeviceItem,DecibelMeterDeviceItemID
dbo,DecibelMeter,CreatedBy,FK_DecibelMeter_Users,dbo,Users,EntityID
dbo,DecibelMeterBehaviorObser,DecibelMeterDeviceID,FK_DecibelMeterBehaviorObser_DecibelMeterDevice,dbo,DecibelMeterDevice,DecibelMeterDeviceID
dbo,DecibelMeterBehaviorObser,DecibelMeterDeviceID,FK_DecibelMeter_DecibelMeterDevice,dbo,DecibelMeterDevice,DecibelMeterDeviceID
dbo,DecibelMeterBehaviorObser,CreatedBy,FK_DecibelMeterBehaviorObser_Users,dbo,Users,EntityID
dbo,DecibelMeterDevice,ProviderID,FK_DecibelMeterDevice_Provider,dbo,Provider,EntityID
dbo,DecibelMeterDevice,CreatedBy,FK_DecibelMeterDevice_Users,dbo,Users,EntityID
dbo,DecibelMeterDeviceItem,DecibelMeterDeviceID,FK_DecibelMeterDeviceItem_DecibelMeterDevice,dbo,DecibelMeterDevice,DecibelMeterDeviceID
dbo,DecibelMeterDeviceItem,CreatedBy,FK_DecibelMeterDeviceItem_Users,dbo,Users,EntityID
dbo,DefaultProgramService,ProgramID,FK_DefaultProgramService_Program,dbo,Program,ProgramID
dbo,DefaultProgramService,ServiceTypeID,FK_DefaultProgramService_ServiceType,dbo,ServiceType,ServiceTypeID
dbo,DefaultProgramService,CreatedBy,FK_DefaultProgramService_Users,dbo,Users,EntityID
dbo,DeletedEntity,EntityID,FK_DeletedEntity_Entity,dbo,Entity,EntityID
dbo,DeletedEntity,CreatedBy,FK_DeletedEntity_Users,dbo,Users,EntityID
dbo,DeletedEntityHistory,DeletedEntityID,FK_DeletedEntityHistory_DeletedEntity,dbo,DeletedEntity,DeletedEntityID
dbo,DeletedEntityHistory,CreatedBy,FK_DeletedEntityHistory_Users,dbo,Users,EntityID
dbo,DeleteTableList,ContextTypeID,FK_DeleteTableList_ContextTypeID_ContextType_ContextTypeID,dbo,ContextType,ContextTypeID
dbo,DeleteTableList,CreatedBy,FK_DeleteTableList_CreatedBy_Users_EntityID,dbo,Users,EntityID
dbo,DeleteTableList,DeletedBy,FK_DeleteTableList_DeletedBy_Users_EntityID,dbo,Users,EntityID
dbo,DeleteTableList,LastModifiedBy,FK_DeleteTableList_LastModifiedBy_Users_EntityID,dbo,Users,EntityID
dbo,DeleteTableList,OwnedByOrgID,FK_DeleteTableList_OwnedByOrgID_Organization_EntityID,dbo,Organization,EntityID
dbo,DeleteTableListStatus,DeletedEntityID,FK_DeleteTableListStatus_DeletedEntityID_DeletedEntity_DeletedEntityID,dbo,DeletedEntity,DeletedEntityID
dbo,DeleteTableListStatus,CreatedBy,FK_DeleteTableListStatus_CreatedBy_Users_EntityID,dbo,Users,EntityID
dbo,DeleteTableListStatus,DeletedBy,FK_DeleteTableListStatus_DeletedBy_Users_EntityID,dbo,Users,EntityID
dbo,DeleteTableListStatus,LastModifiedBy,FK_DeleteTableListStatus_LastModifiedBy_Users_EntityID,dbo,Users,EntityID
dbo,DeleteTableListStatus,OwnedByOrgID,FK_DeleteTableListStatus_OwnedByOrgID_Organization_EntityID,dbo,Organization,EntityID
dbo,DepositAccount,ServiceID,FK_DepositAccount_Service,dbo,Service,ServiceID
dbo,DepositAccount,ProviderID,FK_DepositAccount_Provider,dbo,Provider,EntityID
dbo,DepositAccount,CreatedBy,FK_DepositAccount_Users,dbo,Users,EntityID
dbo,Distribution,ContextTypeID,FK_Distribution_ContextTypeID,dbo,ContextType,ContextTypeID
dbo,Distribution,SoldBy,FK_Distribution_SoldBy,dbo,Entity,EntityID
dbo,Distribution,CreatedBy,FK_Distribution_Users,dbo,Users,EntityID
dbo,DocumentCheck,ClientID,FK_DocumentCheck_Client,dbo,Client,EntityID
dbo,DocumentCheck,CreatedBy,FK_DocumentCheck_Users,dbo,Users,EntityID
dbo,DocumentType,DocumentCategoryID,FK_DocumentType_DocumentTypeCategory,dbo,DocumentTypeCategory,DocumentCategoryID
dbo,DocumentTypeCategoryType,DocumentTypeID,FK_DocumentTypeCategoryType_DocumentTypeID,dbo,DocumentType,DocumentTypeID
dbo,DocumentTypeCategoryType,DocumentCategoryID,FK_DocumentTypeCategoryType_DocumentTypeCategoryID,dbo,DocumentTypeCategory,DocumentCategoryID
dbo,DocumentTypeContext,DocumentTypeID,FK_DocumentTypeContext_DocumentTypeID,dbo,DocumentType,DocumentTypeID
dbo,DocumentTypeContext,ContextTypeID,FK_DocumentTypeContext_ContextTypeID,dbo,ContextType,ContextTypeID
dbo,DocumentTypeContext,CreatedBy,FK_DocumentTypeContext_Users,dbo,Users,EntityID
dbo,DocuSignDocument,EnvelopeID,FK_DocuSignDocument_DocuSignEnvelope,dbo,DocuSignEnvelope,EnvelopeID
dbo,DocuSignDocument,FileID,FK__DocuSignD__FileI__52BCAF9F,dbo,Files,FileID
dbo,DocuSignEnvelope,TemplateID,FK_DocuSignEnvelope_DocuSignTemplate,dbo,DocuSignTemplate,TemplateID
dbo,DocuSignEnvelope,CreatedBy,FK_DocuSignEnvelope_Users,dbo,Users,EntityID
dbo,DocuSignEnvelopeRecipient,EnvelopeID,FK_DocuSignEnvelopeRecipient_DocuSignEnvelope,dbo,DocuSignEnvelope,EnvelopeID
dbo,DocuSignTemplate,OrgGroupID,FK_DocuSignTemplate_OrgGroupID_OrgGroup_OrgGroupID,dbo,OrgGroup,OrgGroupID
dbo,DomainCatScoreDef,CreatedBy,FK_DomainCatScoreDef_Users,dbo,Users,EntityID
dbo,DomainTypeCategory,DomainTypeID,FK_DomainTypeCategory_OutcomeDomain,dbo,OutcomeDomain,DomainID
dbo,DomainTypeCategoryType,CreatedBy,FK_DomainTypeCategoryType_Users,dbo,Users,EntityID
dbo,DomainTypeCategoryType,CategoryTypeID,FK_DomainTypeCategoryType_CatgoryType,dbo,CategoryType,CategoryTypeID
dbo,DomesticViolence,ClientID,FK_DomesticViolence_Client,dbo,Client,EntityID
dbo,DomesticViolence,CreatedBy,FK_DomesticViolence_Users,dbo,Users,EntityID
dbo,DomesticViolence,PerpID,FK_DomesticViolence_Perp,dbo,Entity,EntityID
dbo,DomesticViolenceExt,DVID,FK_DomesticViolenceExt_DVID,dbo,DomesticViolence,DVID
dbo,DomesticVLAPQuestion,DVID,FK_AssessDomesticVLAPQuestion_AssessDomesticViolence,dbo,DomesticViolence,DVID
dbo,DomesticVProtectionOrder,ClientID,FK_DomesticVProtectionOrder_Client,dbo,Client,EntityID
dbo,DomesticVProtectionOrder,CreatedBy,FK_DomesticVProtectionOrder_Users,dbo,Users,EntityID
dbo,DomesticVWeapons,DVID,FK_AssessDomesticVWeapons_AssessDomesticViolence,dbo,DomesticViolence,DVID
dbo,Donation,InventoryID,FK_Donation_Inventory,dbo,Inventory,InventoryID
dbo,Donation,EntityID,FK_Donation_Entity,dbo,Entity,EntityID
dbo,Donation,CreatedBy,FK_Donation_Users,dbo,Users,EntityID
dbo,Donation,ParentEntityID,FK_Donation_ParentEntity,dbo,Entity,EntityID
dbo,Donation,PledgeScheduleID,FK_Donation_PledgeScheduleID,dbo,PledgePmtSchedule,PledgeScheduleID
dbo,Donation,CampaignID,FK_Donation_Campaign,dbo,Campaign,CampaignID
dbo,DonorIntake,EntityID,FK_DonorIntake_EntityID,dbo,Entity,EntityID
dbo,DonorIntake,CreatedBy,FK_DonorIntake_Users,dbo,Users,EntityID
dbo,ECMFeatureMenu,FeatureID,FK_ECMFeatureMenu_ECMFeature,dbo,ECMFeature,FeatureID
dbo,ECMFeatureMenu,MenuID,FK_ECMFeatureMenu_Menu,dbo,Menu,MenuID
dbo,ECMTableSharing,EntityTypeID,FK_ECMTableSharing_EntityType,dbo,EntityType,EntityTypeID
dbo,ECMTableSharing,CreatedBy,FK_ECMTableSharing_CreatedBy,dbo,Users,EntityID
dbo,ECMTableSharing,LastModifiedBy,FK_ECMTableSharing_LastModifiedBy,dbo,Users,EntityID
dbo,ECMTableSharing,DeletedBy,FK_ECMTableSharing_DeletedBy,dbo,Users,EntityID
dbo,ECMTableSharing,OwnedByOrgID,FK_ECMTableSharing_Organization,dbo,Organization,EntityID
dbo,EducationCourse,ReportingPeriodID,FK_EducationCourse_ReportingPeriod,dbo,ReportingPeriod,ReportingPeriodID
dbo,EducationCourse,EntityID,FK_EducationCourse_Entity,dbo,Entity,EntityID
dbo,EducationCourse,CreatedBy,FK_EducationCourse_Users,dbo,Users,EntityID
dbo,EducationCourseDOW,EducationCourseID,FK_EducationCourseDOW_EducationCourse,dbo,EducationCourse,EducationCourseID
dbo,EmailHistory,EntityID,FK_EmailHistory_Entity,dbo,Entity,EntityID
dbo,EmployabilityET,EntityID,FK_EmployabilityET_Entity,dbo,Entity,EntityID
dbo,EmployabilityET,ProviderID,FK_EmployabilityET_Provider,dbo,Provider,EntityID
dbo,EmployabilityET,AssessedBy,FK_EmployabilityET_AssessedBy,dbo,Users,EntityID
dbo,EmployabilityET,CreatedBy,FK_EmployabilityET_Users,dbo,Users,EntityID
dbo,EmployeePlacementET,AssessmentID,FK_EmployeePlacementET_AssessmentID,dbo,Assessment,AssessmentID
dbo,EmployeePlacementET,CreatedBy,FK_EmployeePlacementET_Users,dbo,Users,EntityID
dbo,EmployeePlacementET,WorkHistoryID,FK_EmployeePlacementET_WorkHistory,dbo,WorkHistory,WorkHistoryID
dbo,Employer,CorpID,FK_Employer_EmployerCorp,dbo,EmployerCorp,CorpID
dbo,Employer,CreatedBy,FK_Employer_Users,dbo,Users,EntityID
dbo,EmployerCorp,CreatedBy,FK_EmployerCorp_Users,dbo,Users,EntityID
dbo,EmployerSkillInterest,EmployerID,FK_EmployerSkillInterest_Employer,dbo,Employer,EmployerID
dbo,EmployerSkillInterest,SkillTypeID,FK_EmployerSkillInterest_SkillType,dbo,SkillType,SkillTypeID
dbo,EmployerSkillInterest,ProviderID,FK_EmployerSkillInterest_Provider,dbo,Provider,EntityID
dbo,EmploymentPlan,EntityServicePlanID,FK_EmploymentPlan_EntityServicePlan,dbo,EntityServicePlan,EntityServicePlanID
dbo,EmploymentPlan,CreatedBy,FK_EmploymentPlan_Users,dbo,Users,EntityID
dbo,EmploymentPlan,CaseNotesID,FK_EmploymentPlan_CaseNotes,dbo,CaseNotes,CaseNoteID
dbo,EmploymentPlanIntake,ClientID,FK_EmploymentPlanIntake_Client,dbo,Client,EntityID
dbo,EmploymentPlanIntake,CreatedBy,FK_EmploymentPlanIntake_Users,dbo,Users,EntityID
dbo,EmploymentPlanIntakeFamilyAssistance,EmploymentPlanIntakeID,FK_EmploymentPlanIntakeFamilyAssistance_EmploymentPlanIntake,dbo,EmploymentPlanIntake,EmploymentPlanIntakeID
dbo,EmploymentRetention,AssessmentID,FK_EmploymentRetention_Assessment,dbo,Assessment,AssessmentID
dbo,EmploymentRetention,SupervisorsID,FK_EmploymentRetention_Contacts,dbo,Entity,EntityID
dbo,EmploymentRetention,VerificationBy,FK_EmploymentRetention_Users,dbo,Users,EntityID
dbo,EmploymentRetention,CaseNoteID,FK_EmploymentRetention_CaseNotes,dbo,CaseNotes,CaseNoteID
dbo,EmploymentRetention,CreatedBy,FK_EmploymentRetention_Users1,dbo,Users,EntityID
dbo,EmploymentRetention,WorkHistoryJournalID,FK_EmploymentRetention_WorkHistoryJournal,dbo,WorkHistoryJournal,WorkHistoryJournalID
dbo,EmploymentRetention,WorkHistoryID,FK_EmploymentRetention_WorkHistoryID,dbo,WorkHistory,WorkHistoryID
dbo,EmploymentRetentionFollowUp,EmploymentRetentionID,FK_EmploymentRetentionFollowUp_EmploymentRetention,dbo,EmploymentRetention,EmploymentRetentionID
dbo,EmploymentRetentionFollowUp,FollowUpID,FK_EmploymentRetentionFollowUp_FollowUp,dbo,FollowUp,FollowUpID
dbo,EmploymentRetentionFollowUp,CreatedBy,FK_EmploymentRetentionFollowUp_Users,dbo,Users,EntityID
dbo,Encounter,EncounterTypeID,FK_Encounter_EncounterType,dbo,EncounterType,EncounterTypeID
dbo,Encounter,GroupEncounterInstanceID,FK_Encounter_GroupEncounterInstanceID_GroupEncounterInstance_GroupEncounterInstanceID,dbo,GroupEncounterInstance,GroupEncounterInstanceID
dbo,Encounter,PlannedEncounterGroupItemID,FK_Encounter_PlannedEncounterGroupItemIDPlannedEncounterGroupItem_PlannedEncounterGroupItemID,dbo,PlannedEncounterGroupItem,PlannedEncounterGroupItemID
dbo,EncounterContact,EntityID,FK_EncounterContact_EntityContact,dbo,EntityContact,EntityID
dbo,EncounterContact,EncounterID,FK_EncounterContact_Encounter,dbo,Encounter,EncounterID
dbo,EncounterTypeActivities,EncounterTypeID,FK_EncounterTypeActivities_EncounterType,dbo,EncounterType,EncounterTypeID
dbo,EncounterTypeActivities,P_ActivityTypeID,FK_EncounterTypeActivities_P_ActivityType,dbo,P_ActivityType,P_ActivityTypeID
dbo,EncounterTypeActivities,DependEncounterTypeActivitiesID,FK_EncounterTypeActivities_DependEncounterTypeActivities,dbo,EncounterTypeActivities,EncounterTypeActivitiesID
dbo,EnrollGranteeUnitType,EnrollmentID,FK_EnrollGranteeUnitType_Enrollment,dbo,Enrollment,EnrollmentID
dbo,Enrollment,ProgramID,FK_Enrollment_Program,dbo,Program,ProgramID
dbo,Enrollment,OrganizationID,FK_Enrollment_Organization,dbo,Organization,EntityID
dbo,Enrollment,AccountID,FK_Enrollment_Account,dbo,Account,AccountID
dbo,Enrollment,CreatedBy,FK_Enrollment_Users,dbo,Users,EntityID
dbo,EnrollmentComponent,EnrollmentID,FK_EnrollmentComponent_Enrollment,dbo,Enrollment,EnrollmentID
dbo,EnrollmentComponent,ComponentTypeID,FK_EnrollmentComponent_ComponentID,dbo,ComponentType,ComponentTypeID
dbo,EnrollmentComponent,CreatedBy,FK_EnrollmentComponent_Users,dbo,Users,EntityID
dbo,EnrollmentExt,EnrollmentID,FK_EnrollmentExt_EnrollmentID,dbo,Enrollment,EnrollmentID
dbo,EnrollmentHMIS,EnrollmentID,FK_EnrollmentHMIS_EnrollmentID,dbo,Enrollment,EnrollmentID
dbo,EnrollmentHMIS,LastModifiedBy,FK_EnrollmentHMIS_UsersLastModified,dbo,Users,EntityID
dbo,EnrollmentHMIS,CreatedBy,FK_EnrollmentHMIS_Users,dbo,Users,EntityID
dbo,EnrollmentMember,EnrollmentID,FK_EnrollmentMember_Enrollment,dbo,Enrollment,EnrollmentID
dbo,EnrollmentMember,ProviderID,FK_EnrollmentMember_Provider,dbo,Provider,EntityID
dbo,EnrollmentMember,CreatedBy,FK_EnrollmentMember_Users,dbo,Users,EntityID
dbo,EnrollmentMemberExt,MemberID,FK_EnrollmentMemberExt_MemberID,dbo,EnrollmentMember,MemberID
dbo,EnrollmentMemberHMIS,MemberID,FK_EnrollmentMemberHMIS_MemberID,dbo,EnrollmentMember,MemberID
dbo,EnrollmentMemberStatusHist,EnrollmentMemberID,FK_EnrollmentMemberStatusHist_EnrollmentMember,dbo,EnrollmentMember,MemberID
dbo,EnrollmentMemberStatusHist,CreatedBy,FK_EnrollmentMemberStatusHist_Users,dbo,Users,EntityID
dbo,EnrollmentServicePlan,EnrollmentID,FK_EnrollmentServicePlan_Enrollment,dbo,Enrollment,EnrollmentID
dbo,EnrollmentServicePlan,CaseNoteID,FK_EnrollmentServicePlan_CaseNotes,dbo,CaseNotes,CaseNoteID
dbo,EnrollmentServicePlan,ClientID,FK_EnrollmentServicePlan_Client,dbo,Client,EntityID
dbo,EnrollmentServicePlan,CaseManagerID,FK_EnrollmentServicePlan_Users,dbo,Users,EntityID
dbo,EnrollmentServicePlanAudit,EnrollmentServicePlanID,FK_EnrollmentServicePlanAudit_EnrollmentServicePlan,dbo,EnrollmentServicePlan,EnrollmentServicePlanID
dbo,EnrollmentServicePlanAudit,EnrollmentID,FK_EnrollmentServicePlanAudit_Enrollment,dbo,Enrollment,EnrollmentID
dbo,EnrollmentServicePlanAudit,CaseNoteID,FK_EnrollmentServicePlanAudit_CaseNotes,dbo,CaseNotes,CaseNoteID
dbo,EnrollmentServicePlanAudit,ClientID,FK_EnrollmentServicePlanAudit_Client,dbo,Client,EntityID
dbo,EnrollmentServicePlanAudit,CaseManagerID,FK_EnrollmentServicePlanAudit_Users,dbo,Users,EntityID
dbo,EnrollmentStatusHistory,EnrollmentID,FK_EnrollmentStatusHistory_Enrollment,dbo,Enrollment,EnrollmentID
dbo,Entity,EntityTypeID,FK_Entity_EntityType,dbo,EntityType,EntityTypeID
dbo,Entity,CreatedBy,FK_Entity_Users,dbo,Users,EntityID
dbo,EntityAlias,EntityID,FK_EntityAlias_Entity,dbo,Entity,EntityID
dbo,EntityAlias,CreatedBy,FK_EntityAlias_Users,dbo,Users,EntityID
dbo,EntityAssignment,ProvidedByEntityID,FK_EntityAssignment_Entity1,dbo,Entity,EntityID
dbo,EntityAssignment,ProvidedToEntityID,FK_EntityAssignment_Entity2,dbo,Entity,EntityID
dbo,EntityAssignment,CreatedBy,FK_EntityAssignment_Users1,dbo,Users,EntityID
dbo,EntityAssignmentRelationship,AssignmentID,FK_EntityAssignmentRelationship_EntityAssignment,dbo,EntityAssignment,AssignmentID
dbo,EntityAuditLog,EntityID,FK_EntityAuditLog_Entity,dbo,Entity,EntityID
dbo,EntityAuditLog,ContextTypeID,FK_EntityAuditLog_ContextType,dbo,ContextType,ContextTypeID
dbo,EntityAuditLog,CreatedBy,FK_EntityAuditLog_Users,dbo,Users,EntityID
dbo,EntityAvailability,EntityID,FK_EntityAvailability_Entity,dbo,Entity,EntityID
dbo,EntityAvailability,EnrollmentID,FK_EntityAvailability_Enrollment,dbo,Enrollment,EnrollmentID
dbo,EntityAvailability,CreatedBy,FK_EntityAvailability_Users,dbo,Users,EntityID
dbo,EntityAvailability,ContextTypeID,FK_EntityAvailability_ContextTypeID,dbo,ContextType,ContextTypeID
dbo,EntityAvailability,CourseTypeID,FK_EntityAvailability_CourseType,dbo,CourseType,CourseTypeID
dbo,EntityAvailabilityExt,EntityAvailabilityID,FK_EntityAvailabilityExt_EntityAvailability,dbo,EntityAvailability,EntityAvailabilityID
dbo,EntityBackground,CMEntityID,FK_EntityBackground_CMEntityID,dbo,Entity,EntityID
dbo,EntityBackground,EntityID,FK_EntityBackground_EntityID,dbo,Entity,EntityID
dbo,EntityBackground,FosterCareID,FK_EntityBackground_FosterCareID,dbo,Provider,EntityID
dbo,EntityBackground,CreatedBy,FK_EntityBackground_Users,dbo,Users,EntityID
dbo,EntityBackground,BackgroundAgency,FK_EntityBackground_BackgroundAgency,dbo,Provider,EntityID
dbo,EntityBadge,EntityID,FK_EntityBadge_Entity,dbo,Entity,EntityID
dbo,EntityBadge,BadgeTypeID,FK_EntityBadge_BadgeType,dbo,BadgeType,BadgeTypeID
dbo,EntityBadge,CreatedBy,FK_EntityBadge_Users,dbo,Users,EntityID
dbo,EntityBudget,FiscalCalendarID,FK_EntityBudget_FiscalCalendar,dbo,FiscalCalendar,FiscalCalendarID
dbo,EntityBudget,EntityID,FK_EntityBudget_Entity,dbo,Entity,EntityID
dbo,EntityBudget,CreatedBy,FK_EntityBudget_Users,dbo,Users,EntityID
dbo,EntityBudgetDetail,EntityBudgetID,FK_EntityBudgetDetail_EntityBudget,dbo,EntityBudget,EntityBudgetID
dbo,EntityBudgetDetail,FiscalCalendarMonthID,FK_EntityBudgetDetail_FiscalCalendarMonth,dbo,FiscalCalendarMonth,FiscalCalendarMonthID
dbo,EntityContact,EntityID,FK_EntityContact_Entity,dbo,Entity,EntityID
dbo,EntityContact,ParentEntityID,FK_EntityContact_Entity2,dbo,Entity,EntityID
dbo,EntityContactBoardStaffExt,EntityID,FK_EntityContactBoardStaffExt_EntityContactID,dbo,EntityContact,EntityID
dbo,EntityContactExt,EntityID,FK_EntityContactExt_EntityID,dbo,EntityContact,EntityID
dbo,EntityContactPerpetrator,EntityID,FK_EntityContactPerpetrator_EntityID,dbo,Entity,EntityID
dbo,EntityContactPerpetrator,CreatedBy,FK_EntityContactPerpetrator_Users,dbo,Users,EntityID
dbo,EntityContactPhone,EntityID,FK_EntityContactPhone_EntityID,dbo,Entity,EntityID
dbo,EntityContactPreference,EntityID,FK_EntityContactPreference_EntityID,dbo,Entity,EntityID
dbo,EntityContactPreference,CreatedBy,FK_EntityContactPreference_Users,dbo,Users,EntityID
dbo,EntityContactTypeCategory,EntityID,FK_EntityContactTypeCategory_Entity,dbo,Entity,EntityID
dbo,EntityContext,EntityID,FK_EntityContext_EntityID,dbo,Entity,EntityID
dbo,EntityContext,ContextTypeID,FK_EntityContext_ContextTypeID,dbo,ContextType,ContextTypeID
dbo,EntityContext,CreatedBy,FK_EntityContext_Users,dbo,Users,EntityID
dbo,EntityCredentials,EntityID,FK_EntityCredentials_Entity,dbo,Entity,EntityID
dbo,EntityCredentials,CredentialTypeID,FK_EntityCredentials_CredentialType,dbo,CredentialType,CredentialTypeID
dbo,EntityCredentials,AssessmentID,FK_EntityCredentials_Assessment,dbo,Assessment,AssessmentID
dbo,EntityCredentialsExt,CredentialID,FK_EntityCredentialsExt_CredentialID,dbo,EntityCredentials,CredentialID
dbo,EntityDemographic,EntityID,FK_EntityDemographic_Entity,dbo,Entity,EntityID
dbo,EntityDemographic,CreatedBy,FK_EntityDemographic_Users,dbo,Users,EntityID
dbo,EntityDocumentCheck,EntityID,FK_EntityDocumentCheck_EntityDocumentCheckID,dbo,Entity,EntityID
dbo,EntityDocumentCheck,CreatedBy,FK_EntityDocumentCheck_Users,dbo,Users,EntityID
dbo,EntityDuplicateConfig,EntityTypeID,FK_EntityDuplicateConfig_EntityTypeID,dbo,EntityType,EntityTypeID
dbo,EntityDuplicateConfig,CreatedBy,FK_EntityDuplicateConfig_CreatedBy,dbo,Users,EntityID
dbo,EntityExpense,EntityID,FK_EntityExpense_Entity,dbo,Entity,EntityID
dbo,EntityExpense,CreatedBy,FK_EntityExpense_Users1,dbo,Users,EntityID
dbo,EntityExpense,DeletedBy,FK_EntityExpense_Users2,dbo,Users,EntityID
dbo,EntityExpense,LastModifiedBy,FK_EntityExpense_Users3,dbo,Users,EntityID
dbo,EntityGoal,EntityID,FK_EntityGoal_Client,dbo,Entity,EntityID
dbo,EntityGoal,CaseNoteID,FK_EntityGoal_CaseNoteID,dbo,CaseNotes,CaseNoteID
dbo,EntityHistory,EntityID,FK_EntityHistory_Entity,dbo,Entity,EntityID
dbo,EntityInspections,EntityID,FK_EntityInspections_EntityID,dbo,Entity,EntityID
dbo,EntityInspections,AssignedID,FK_EntityInspections_AssignedID,dbo,Entity,EntityID
dbo,EntityInspections,CompletedbyID,FK_EntityInspections_CompletedByID,dbo,Entity,EntityID
dbo,EntityInspections,CreatedBy,FK_EntityInspections_CreatedBy,dbo,Users,EntityID
dbo,EntityIssue,EntityID,FK_EntityIssue_Entity,dbo,Entity,EntityID
dbo,EntityIssue,IssueTypeID,FK_EntityIssue_IssueType,dbo,IssueType,IssueTypeID
dbo,EntityIssueBarrier,EntityID,FK_EntityIssueBarrier_Entity,dbo,Entity,EntityID
dbo,EntityIssueBarrier,IssueTypeID,FK_EntityIssueBarrier_IssueType,dbo,IssueType,IssueTypeID
dbo,EntityLanguages,EntityID,FK_EntityLanguages_EntityID,dbo,Entity,EntityID
dbo,EntityMethods,EntityID,FK_EntityMethods_EntityID,dbo,Entity,EntityID
dbo,EntityMinority,EntityID,FK_EntityMinority_Entity,dbo,Entity,EntityID
dbo,EntityNameHistory,EntityID,FK_EntityNameHistory_Entity,dbo,Entity,EntityID
dbo,EntityNameHistory,CreatedBy,FK_EntityNameHistory_Users,dbo,Users,EntityID
dbo,EntityPlacement,EntityID,FK_EntityPlacement_EntityID,dbo,Entity,EntityID
dbo,EntityPlacement,CreatedBy,FK_EntityPlacement_Users,dbo,Users,EntityID
dbo,EntityPrintPhoto,EntityID,FK_EntityPrintPhoto_Entity,dbo,Entity,EntityID
dbo,EntityPrintPhoto,PrintPhotoFileID,FK_EntityPrintPhoto_Files,dbo,Files,FileID
dbo,EntityPrograms,EntityID,FK_ProviderPrograms_Entity,dbo,Entity,EntityID
dbo,EntityPrograms,ProgramID,FK_EntityPrograms_Program,dbo,Program,ProgramID
dbo,EntityPrograms,CaseNoteID,FK_EntityPrograms_CaseNotes,dbo,CaseNotes,CaseNoteID
dbo,EntityPrograms,CreatedBy,FK_EntityPrograms_Users,dbo,Users,EntityID
dbo,EntityProgramTypeCategory,EntityProgramsID,FK_EntityProgramTypeCategory_EntityProgramsID,dbo,EntityPrograms,EntityProgramsID
dbo,EntityProgramTypeCategory,EntityProgramTypeCategoryTypeID,FK_EntityProgramTypeCategory_EntityProgramTypeCategoryTypeID,dbo,EntityProgramTypeCategoryType,EntityProgramTypeCategoryTypeID
dbo,EntityProgramTypeCategoryType,CreatedBy,FK_EntityProgramTypeCategoryType_Users_CreatedBy,dbo,Users,EntityID
dbo,EntityProgramTypeCategoryType,DeletedBy,FK_EntityProgramTypeCategoryType_Users_DeletedBy,dbo,Users,EntityID
dbo,EntityProgramTypeCategoryType,LastModifiedBy,FK_EntityProgramTypeCategoryType_Users_LastModifiedBy,dbo,Users,EntityID
dbo,EntityProgramTypeCategoryType,OwnedByOrgID,FK_EntityProgramTypeCategoryType_Organization_OwnedByOrgID,dbo,Organization,EntityID
dbo,EntityQuizSurvey,EntityID,FK_EntityQuizSurvey_EntityID,dbo,Entity,EntityID
dbo,EntityQuizSurvey,QuizSurveyQuestionID,FK_EntityQuizSurvey_QuizSurveyQuestion,dbo,QuizSurveyQuestion,QuizSurveyQuestionID
dbo,EntityQuizSurvey,CreatedBy,FK_EntityQuizSurvey_CreatedBy,dbo,Users,EntityID
dbo,EntityRace,EntityID,FK_EntityRace_Entity,dbo,Entity,EntityID
dbo,EntityRate,EntityID,FK_EntityRate_Entity,dbo,Entity,EntityID
dbo,EntityRate,CreatedBy,FK_EntityRate_Users,dbo,Users,EntityID
dbo,EntityRelease,ShareFromEntityID,FK_EntityRelease_Entity2,dbo,Entity,EntityID
dbo,EntityRelease,ShareToEntityID,FK_EntityRelease_Entity3,dbo,Entity,EntityID
dbo,EntityRelease,CaseNoteID,FK_EntityRelease_CaseNotes,dbo,CaseNotes,CaseNoteID
dbo,EntityRelease,CreatedBy,FK_EntityRelease_Entity1,dbo,Users,EntityID
dbo,EntityRyanWhite,EntityID,FK_EntityRyanWhite_Entity,dbo,Entity,EntityID
dbo,EntitySecurity,EntityID,FK_EntitySecurity_Entity,dbo,Entity,EntityID
dbo,EntitySecurity,EntityTypeID,FK_EntitySecurity_EntityType,dbo,EntityType,EntityTypeID
dbo,EntitySecurity,OrganizationID,FK_EntitySecurity_Organization,dbo,Organization,EntityID
dbo,EntitySecurity,RoleID,FK_EntitySecurity_Role,dbo,RoleDefinition,RoleID
dbo,EntitySecurity,CreatedBy,FK_EntitySecurity_Users,dbo,Users,EntityID
dbo,EntityServiceCat,EntityID,FK_EntityServiceCat_EntityID,dbo,Entity,EntityID
dbo,EntityServicePlan,EntityID,FK_EntityServicePlan_Entity,dbo,Entity,EntityID
dbo,EntityServicePlanEmployment,EntityServicePlanID,FK_EntityServicePlanEmployment_EntityServicePlan,dbo,EntityServicePlan,EntityServicePlanID
dbo,EntityServiceType,EntityID,FK_ProviderServiceType_Entity,dbo,Entity,EntityID
dbo,EntityServiceType,ServiceTypeID,FK_EntityServiceType_ServiceType,dbo,ServiceType,ServiceTypeID
dbo,EntityServiceType,CaseNoteID,FK_EntityServiceType_CaseNotes,dbo,CaseNotes,CaseNoteID
dbo,EntityServiceType,CreatedBy,FK_EntityServiceType_Users,dbo,Users,EntityID
dbo,EntitySurvey,CreatedBy,FK_EntitySurvey_Users,dbo,Users,EntityID
dbo,EntitySurvey,EntityID,FK_EntitySurvey_Entity,dbo,Entity,EntityID
dbo,EntitySurvey,EnrollmentID,FK_EntitySurvey_Enrollment,dbo,Enrollment,EnrollmentID
dbo,EntitySurveyStar,EntitySurveyID,FK_EntitySurveyStar_EntitySurvey,dbo,EntitySurvey,EntitySurveyID
dbo,EntitySurveyStar,CompletedByWorkerID,FK_EntitySurveyStar_Users,dbo,Users,EntityID
dbo,EntityTypeCat,EntityID,FK_EntityTypeCat_EntityID,dbo,Entity,EntityID
dbo,EntityTypeCat,CreatedBy,FK_EntityTypeCat_Users,dbo,Users,EntityID
dbo,EntityTypeCatType,CreatedBy,FK_EntityTypeCatType_Users,dbo,Users,EntityID
dbo,EntityTypeCatType_TypeClass,EntityTypeCatTypeID,FK_EntityTypeCatType_TypeClass_EntityTypeCatTypeID,dbo,EntityTypeCatType,EntityTypeCatTypeID
dbo,EntityTypeCatType_TypeClass,CreatedBy,FK_EntityTypeCatType_TypeClass_Users,dbo,Users,EntityID
dbo,EntityVeteranEra,EntityID,FK_EntityVeteranEra_Entity,dbo,Entity,EntityID
dbo,EntityVeteranEra,VeteranEraTypeID,FK_EntityVeteranEra_VeteranEraType,dbo,VeteranEraType,VeteranEraTypeID
dbo,EntityVeteranEra,CreatedBy,FK_EntityVeteranEra_Users,dbo,Users,EntityID
dbo,EntityVeteranInfo,EntityID,FK_EntityVeteranInfo_EntityID,dbo,Entity,EntityID
dbo,EntityVeteranInfo,AddressID,FK_EntityVeteranInfo_AddressID,dbo,ClientAddress,AddressID
dbo,EntityVeteranInfo,CreatedBy,FK_EntityVeteranInfo_Users,dbo,Users,EntityID
dbo,EPHomelessness,ClientID,FK_EPHomelessness_Client,dbo,Client,EntityID
dbo,EPHomelessness,CaseNoteID,FK_EPHomelessness_CaseNotes,dbo,CaseNotes,CaseNoteID
dbo,EPHomelessness,EndDateUserID,FK_EPHomelessness_Entity,dbo,Entity,EntityID
dbo,Escrow,EntityID,FK_Escrow_Entity,dbo,Entity,EntityID
dbo,Escrow,EnrollmentID,FK_Escrow_Enrollment,dbo,Enrollment,EnrollmentID
dbo,Escrow,CreatedBy,FK_Escrow_Users,dbo,Users,EntityID
dbo,EthnicitySubGroup,EntityID,FK_EthnicitySubGroup_Entity,dbo,Entity,EntityID
dbo,EventLocation,OrganizationID,FK_EventLocation_OrganizationID_Organization_EntityID,dbo,Organization,EntityID
dbo,EventLocation,ProviderID,FK_EventLocation_ProviderID_Provider_EntityID,dbo,Provider,EntityID
dbo,EventLocation,CreatedBy,FK_EventLocation_CreatedBy_Users_EntityID,dbo,Users,EntityID
dbo,EventLocation,DeletedBy,FK_EventLocation_DeletedBy_Users_EntityID,dbo,Users,EntityID
dbo,EventLocation,LastModifiedBy,FK_EventLocation_LastModifiedBy_Users_EntityID,dbo,Users,EntityID
dbo,EventLocation,OwnedByOrgID,FK_EventLocation_OwnedByOrgID_Organization_EntityID,dbo,Organization,EntityID
dbo,EventLocationSchedule,EventLocationID,FK_EventLocationSchedule_EventLocationID_EventLocation_EventLocationID,dbo,EventLocation,EventLocationID
dbo,EventLocationSchedule,ContextTypeID,FK_EventLocationSchedule_ContextTypeID_ContextType_ContextTypeID,dbo,ContextType,ContextTypeID
dbo,EventLocationSchedule,CreatedBy,FK_EventLocationSchedule_CreatedBy_Users_EntityID,dbo,Users,EntityID
dbo,EventLocationSchedule,DeletedBy,FK_EventLocationSchedule_DeletedBy_Users_EntityID,dbo,Users,EntityID
dbo,EventLocationSchedule,LastModifiedBy,FK_EventLocationSchedule_LastModifiedBy_Users_EntityID,dbo,Users,EntityID
dbo,EventLocationSchedule,OwnedByOrgID,FK_EventLocationSchedule_OwnedByOrgID_Organization_EntityID,dbo,Organization,EntityID
dbo,EventLocationScheduleDefault,EventLocationID,FK_EventLocationScheduleDefault_EventLocationID_EventLocation_EventLocationID,dbo,EventLocation,EventLocationID
dbo,EventLocationScheduleDefault,ContextTypeID,FK_EventLocationScheduleDefault_ContextTypeID_ContextType_ContextTypeID,dbo,ContextType,ContextTypeID
dbo,EventLocationScheduleDefault,CreatedBy,FK_EventLocationScheduleDefault_CreatedBy_Users_EntityID,dbo,Users,EntityID
dbo,EventLocationScheduleDefault,DeletedBy,FK_EventLocationScheduleDefault_DeletedBy_Users_EntityID,dbo,Users,EntityID
dbo,EventLocationScheduleDefault,LastModifiedBy,FK_EventLocationScheduleDefault_LastModifiedBy_Users_EntityID,dbo,Users,EntityID
dbo,EventLocationScheduleDefault,OwnedByOrgID,FK_EventLocationScheduleDefault_OwnedByOrgID_Organization_EntityID,dbo,Organization,EntityID
dbo,EventLocationScheduleDetail,EventLocationScheduleID,FK_EventLocationScheduleDetail_EventLocationScheduleID_EventLocationSchedule_EventLocationScheduleID,dbo,EventLocationSchedule,EventLocationScheduleID
dbo,EventLocationScheduleDetail,ContextTypeID,FK_EventLocationScheduleDetail_ContextTypeID_ContextType_ContextTypeID,dbo,ContextType,ContextTypeID
dbo,EventLocationScheduleDetail,CreatedBy,FK_EventLocationScheduleDetail_CreatedBy_Users_EntityID,dbo,Users,EntityID
dbo,EventLocationScheduleDetail,DeletedBy,FK_EventLocationScheduleDetail_DeletedBy_Users_EntityID,dbo,Users,EntityID
dbo,EventLocationScheduleDetail,LastModifiedBy,FK_EventLocationScheduleDetail_LastModifiedBy_Users_EntityID,dbo,Users,EntityID
dbo,EventLocationScheduleDetail,OwnedByOrgID,FK_EventLocationScheduleDetail_OwnedByOrgID_Organization_EntityID,dbo,Organization,EntityID
dbo,ExcludeClient,EntityID,FK_ExcludeClient_Entity2,dbo,Entity,EntityID
dbo,ExcludeClient,UserID,FK_ExcludeClient_Entity3,dbo,Entity,EntityID
dbo,ExcludeClient,CreatedBy,FK_ExcludeClient_Entity1,dbo,Users,EntityID
dbo,Family,CreatedBy,FK_Family_Users,dbo,Users,EntityID
dbo,FamilyMember,FamilyID,FK_FamilyMember_Family,dbo,Family,FamilyID
dbo,FamilyMember,ClientID,FK_FamilyMember_Client,dbo,Client,EntityID
dbo,FamilyMemberOtherInfo,FamilyMemberID,FK_FamilyMemberOtherInfo_FamilyMemberID,dbo,FamilyMember,FamilyMemberID
dbo,FamilyNeeds,EnrollmentID,FK_FamilyNeeds_Enrollment,dbo,Enrollment,EnrollmentID
dbo,FamilyNeeds,EntityID,FK_FamilyNeeds_Entity,dbo,Entity,EntityID
dbo,FamilyNeeds,CreatedBy,FK_FamilyNeeds_CreatedBy,dbo,Users,EntityID
dbo,FEMAHousingNeeds,EntityID,FK_FEMAHousingNeeds_Entity,dbo,Entity,EntityID
dbo,FEMAHousingNeeds,CreatedBy,FK_FEMAHousingNeeds_Users,dbo,Users,EntityID
dbo,Files,CreatedBy,FK_Files_Users,dbo,Users,EntityID
dbo,FinancialHistory,CreatedBy,FK_FinancialHistory_CreatedBy_Users_EntityID,dbo,Users,EntityID
dbo,FinancialHistory,DeletedBy,FK_FinancialHistory_DeletedBy_Users_EntityID,dbo,Users,EntityID
dbo,FinancialHistory,LastModifiedBy,FK_FinancialHistory_LastModifiedBy_Users_EntityID,dbo,Users,EntityID
dbo,FinancialHistory,OwnedByOrgID,FK_FinancialHistory_OwnedByOrgID_Organization_EntityID,dbo,Organization,EntityID
dbo,FinancialHistory,EntityID,FK_FinancialHistory_EntityID_Entity_EntityID,dbo,Entity,EntityID
dbo,FinancialHistoryItem,CreatedBy,FK_FinancialHistoryItem_CreatedBy_Users_EntityID,dbo,Users,EntityID
dbo,FinancialHistoryItem,DeletedBy,FK_FinancialHistoryItem_DeletedBy_Users_EntityID,dbo,Users,EntityID
dbo,FinancialHistoryItem,LastModifiedBy,FK_FinancialHistoryItem_LastModifiedBy_Users_EntityID,dbo,Users,EntityID
dbo,FinancialHistoryItem,OwnedByOrgID,FK_FinancialHistoryItem_OwnedByOrgID_Organization_EntityID,dbo,Organization,EntityID
dbo,FinancialHistoryItem,FinancialHistoryID,FK_FinancialHistoryItem_FinancialHistoryID_FinancialHistory_FinancialHistoryID,dbo,FinancialHistory,FinancialHistoryID
dbo,FinancialType,FinancialCategoryID,FK_FinancialType_FinancialTypeCategory,dbo,FinancialTypeCategory,FinancialCategoryID
dbo,FinancialType,OrgGroupID,FK_FinancialType_OrgGroup,dbo,OrgGroup,OrgGroupID
dbo,FinancialType,SubCategoryID,FK_FinancialType_SubCategory,dbo,FinancialTypeSubCategory,FinancialTypeSubCategoryID
dbo,FinancialTypeCategoryType,FinancialTypeID,FK_FinancialTypeCategoryType_FinancialType,dbo,FinancialType,FinancialTypeID
dbo,FinancialTypeCategoryType,FinancialCategoryID,FK_FinancialTypeCategoryType_FinancialTypeCategory,dbo,FinancialTypeCategory,FinancialCategoryID
dbo,FinancialTypeMap,ReportingMapID,FK_FinancialTypeMap_ServiceReportingMap1,dbo,ServiceReportingMap,ReportingMapID
dbo,FinancialTypeMap,ReportingMapID,FK_FinancialTypeMap_FinancialTypeMapOpt,dbo,FinancialTypeMapOpt,ReportingMapID
dbo,FinancialTypeMap,MapsToValue,FK_FinancialTypeMap_FinancialTypeMapOpt,dbo,FinancialTypeMapOpt,MapsToValue
dbo,FinancialTypeMapOpt,ReportingMapID,FK_FinancialTypeMap_ServiceReportingMap,dbo,ServiceReportingMap,ReportingMapID
dbo,FinancialTypeSubCategory,CreatedBy,FK_FinancialTypeSubCategory_Users,dbo,Users,EntityID
dbo,FinancialTypeSubCategory,CategoryID,FK_FinancialTypeSubCategory_Category,dbo,FinancialTypeCategory,FinancialCategoryID
dbo,FindhelpClientDuplicateStaging,ClientDuplicateStagingID,FK_FindhelpClientDuplicateStaging_ClientDuplicateStagingID_ClientDuplicateStaging_ClientDuplicateStagingID,dbo,ClientDuplicateStaging,ClientDuplicateStagingID
dbo,FindhelpClientDuplicateStaging,FindhelpEventID,FK_FindhelpClientDuplicateStaging_FindhelpEventID_FindHelpEvent_FindhelpEventID,dbo,FindHelpEvent,FindHelpEventID
dbo,FindHelpClientExt,EntityID,FK_FindHelpClientExt_EntityID_Client_EntityID,dbo,Client,EntityID
dbo,FindHelpMapping,ProgramID,FK_FindHelpMapping_Program,dbo,Program,ProgramID
dbo,FindHelpMapping,ServiceTypeID,FK_FindHelpMapping_ServiceType,dbo,ServiceType,ServiceTypeID
dbo,FindHelpMapping,ProviderID,FK_FindHelpMapping_Entity,dbo,Entity,EntityID
dbo,FindHelpProviderReferralExt,ProviderReferralID,FK_FindHelpProviderReferralExt_ProviderReferralID_ProviderReferral_ProviderReferralID,dbo,ProviderReferral,ProviderReferralID
dbo,FindHelpProviderReferralExt,CreatedBy,FK_FindHelpProviderReferralExt_CreatedBy_Users_EntityID,dbo,Users,EntityID
dbo,FindHelpProviderReferralExt,DeletedBy,FK_FindHelpProviderReferralExt_DeletedBy_Users_EntityID,dbo,Users,EntityID
dbo,FindHelpProviderReferralExt,LastModifiedBy,FK_FindHelpProviderReferralExt_LastModifiedBy_Users_EntityID,dbo,Users,EntityID
dbo,FindHelpProviderReferralExt,ProgramReferralID,FK_FindHelpProviderReferralExt_ProgramReferralID_ProgramReferral_ProgramReferralID,dbo,ProgramReferral,ProgramReferralID
dbo,FiscalCalendar,CreatedBy,FK_FiscalCalendar_Users,dbo,Users,EntityID
dbo,FiscalCalendarMonth,CreatedBy,FK_FiscalCalendarMonth_Users,dbo,Users,EntityID
dbo,FollowUp,TeamID,FK_FollowUp_ApprovalGroup,dbo,ApprovalGroup,ApprovalGroupID
dbo,FollowUp,UserID,FK_FollowUp_Users2,dbo,Users,EntityID
dbo,FollowUp,CreatedBy,FK_FollowUp_Users,dbo,Users,EntityID
dbo,FollowUp,EntityID,FK_FollowUp_Entity,dbo,Entity,EntityID
dbo,FollowUpType,AssigntoTeamID,FK_FollowUpType_AssigntoTeamID,dbo,ApprovalGroup,ApprovalGroupID
dbo,FollowUpType,CreatedBy,FK_FollowUpType_Users,dbo,Users,EntityID
dbo,Form,CreatedBy,FK_Form_Users,dbo,Users,EntityID
dbo,Form,DeletedBy,FK_Form_DeletedBy_Users_EntityID,dbo,Users,EntityID
dbo,FormElement,FormID,FK_FormElement_Form,dbo,Form,FormID
dbo,FormElement,ElementTypeID,FK_FormElement_FormElementType,dbo,FormElementType,ElementTypeID
dbo,FormElementRule,FormID,FK_FormElementRule_Form,dbo,Form,FormID
dbo,FormElementRule,RuleID,FK_FormElementRule_Rule,dbo,Rule,RuleID
dbo,FormElementRule,ElementID,FK_FormElementRule_FormElement,dbo,FormElement,ElementID
dbo,FormElementType,CategoryID,FK_FormElementType_FormElementTypeCategory,dbo,FormElementTypeCategory,CategoryID
dbo,FormHistory,FormID,FK_FormHistory_Form,dbo,Form,FormID
dbo,FormKeywordMapping,FormID,FK_FormKeywordMapping_FormID_Form_FormID,dbo,Form,FormID
dbo,FormKeywordMapping,KeywordID,FK_FormKeywordMapping_KeywordID_FormKeyword_KeywordID,dbo,FormKeyword,KeywordID
dbo,FormLineage,FormID,FK_FormLineage_FormID_Form_FormID,dbo,Form,FormID
dbo,FormMask,FormID,FK_FormMask_FormID_Form_FormID,dbo,Form,FormID
dbo,FormMask,CreatedBy,FK_FormMask_CreatedBy_Users_EntityID,dbo,Users,EntityID
dbo,FormMask,DeletedBy,FK_FormMask_DeletedBy_Users_EntityID,dbo,Users,EntityID
dbo,FormMask,LastModifiedBy,FK_FormMask_LastModifiedBy_Users_EntityID,dbo,Users,EntityID
dbo,FormMaskRole,FormMaskID,FK_FormMaskRole_FormMaskID_FormMask_FormMaskID,dbo,FormMask,FormMaskID
dbo,FormMaskRole,RoleID,FK_FormMaskRole_RoleID_RoleDefinition_RoleID,dbo,RoleDefinition,RoleID
dbo,FormMaskRule,FormMaskID,FK_FormMaskRule_FormMaskID_FormMask_FormMaskID,dbo,FormMask,FormMaskID
dbo,FormMaskRule,ElementID,FK_FormMaskRule_ElementID_FormElement_ElementID,dbo,FormElement,ElementID
dbo,FormMaskRule,ElementTypeID,FK_FormMaskRule_ElementTypeID_FormElementType_ElementTypeID,dbo,FormElementType,ElementTypeID
dbo,FormReport,FormID,FK_FormReport_Form,dbo,Form,FormID
dbo,FormRule,FormID,FK_FormRule_Form,dbo,Form,FormID
dbo,FormRule,RuleID,FK_FormRule_Rule,dbo,Rule,RuleID
dbo,FormScope,FormID,FK_FormScope_Form,dbo,Form,FormID
dbo,FormTimeRecord,FormID,FK_FormTimeRecord_Form,dbo,Form,FormID
dbo,FrequencyDetail,CreatedBy,FK_FrequencyDetail_CreatedBy_Users_EntityID,dbo,Users,EntityID
dbo,FrequencyDetail,DeletedBy,FK_FrequencyDetail_DeletedBy_Users_EntityID,dbo,Users,EntityID
dbo,FrequencyDetail,LastModifiedBy,FK_FrequencyDetail_LastModifiedBy_Users_EntityID,dbo,Users,EntityID
dbo,FrequencyDetail,OwnedByOrgID,FK_FrequencyDetail_OwnedByOrgID_Organization_EntityID,dbo,Organization,EntityID
dbo,FrequencyDetailMap,FrequencyDetailID,FK_FrequencyDetailMap_FrequencyDetailID_FrequencyDetail_FrequencyDetailID,dbo,FrequencyDetail,FrequencyDetailID
dbo,FrequencyDetailMap,CreatedBy,FK_FrequencyDetailMap_CreatedBy_Users_EntityID,dbo,Users,EntityID
dbo,FrequencyDetailMap,DeletedBy,FK_FrequencyDetailMap_DeletedBy_Users_EntityID,dbo,Users,EntityID
dbo,FrequencyDetailMap,LastModifiedBy,FK_FrequencyDetailMap_LastModifiedBy_Users_EntityID,dbo,Users,EntityID
dbo,FrequencyDetailMap,OwnedByOrgID,FK_FrequencyDetailMap_OwnedByOrgID_Organization_EntityID,dbo,Organization,EntityID
dbo,FunctionType,CreatedBy,FK_FunctionType_Users,dbo,Users,EntityID
dbo,FundSourceTypeTransaction,FundSourceTypeID,FK_FundSourceTypeTransaction_FundSourceType,dbo,FundSourceType,FundSourceTypeID
dbo,FundSourceTypeTransaction,CreatedBy,FK_FundSourceTypeTransaction_CreatedBy_Users_EntityID,dbo,Users,EntityID
dbo,FundSourceTypeTransaction,DeletedBy,FK_FundSourceTypeTransaction_DeletedBy_Users_EntityID,dbo,Users,EntityID
dbo,FundSourceTypeTransaction,LastModifiedBy,FK_FundSourceTypeTransaction_LastModifiedBy_Users_EntityID,dbo,Users,EntityID
dbo,FundType,CreatedBy,FK_FundType_CreatedBy_Users_EntityID,dbo,Users,EntityID
dbo,FundType,DeletedBy,FK_FundType_DeletedBy_Users_EntityID,dbo,Users,EntityID
dbo,FundType,LastModifiedBy,FK_FundType_LastModifiedBy_Users_EntityID,dbo,Users,EntityID
dbo,FundType,OwnedByOrgID,FK_FundType_OwnedByOrgID_Organization_EntityID,dbo,Organization,EntityID
dbo,Goal,ClientID,FK_Goal_Client,dbo,Client,EntityID
dbo,Goal,GoalTypeID,FK_Goal_GoalType,dbo,GoalType,GoalTypeID
dbo,Goal,CaseNoteID,FK_Goal_CaseNotes,dbo,CaseNotes,CaseNoteID
dbo,Goal,CreatedBy,FK_Goal_Users,dbo,Users,EntityID
dbo,Goal,userID,FK_Goal_Users1,dbo,Users,EntityID
dbo,GoalHistory,GoaID,FK_GoalHistory_Goal,dbo,Goal,GoalID
dbo,GoalHistory,CreatedBy,FK_GoalHistory_Users,dbo,Users,EntityID
dbo,GoalIssue,GoalID,FK_GoalIssue_Goal,dbo,Goal,GoalID
dbo,GoalIssue,IssueID,FK_GoalIssue_Issue,dbo,Issue,IssueID
dbo,GoalIssue,CreatedBy,FK_GoalIssue_Users,dbo,Users,EntityID
dbo,GoalOutcomes,GoalID,FK_GoalOutcomes_Goal,dbo,Goal,GoalID
dbo,GoalOutcomes,DomainID,FK_GoalOutcomes_OutcomeDomain,dbo,OutcomeDomain,DomainID
dbo,GoalOutcomes,ScoreID,FK_GoalOutcomes_OutcomeScore,dbo,OutcomeScore,ScoreID
dbo,GoalOutcomes,CreatedBy,FK_GoalOutcomes_Users,dbo,Users,EntityID
dbo,GoalReportMapOpt,ReportingMapID,FK_GoalReportMap_ServiceReportingMap,dbo,ServiceReportingMap,ReportingMapID
dbo,GoalStep,GoalStepTypeID,FK_GoalStep_GoalStepType,dbo,GoalStepType,GoalStepTypeID
dbo,GoalStep,GoalTypeID,FK_GoalStep_GoalType,dbo,GoalType,GoalTypeID
dbo,GoalStepProgress,ServiceID,FK_GoalStepProgress_Service,dbo,Service,ServiceID
dbo,GoalStepProgress,ClientGoalStepID,FK_GoalStepProgress_ClientGoalSteps,dbo,ClientGoalSteps,ClientGoalStepID
dbo,GoalStepProgress,EntityID,FK_GoalStepProgress_Entity,dbo,Entity,EntityID
dbo,GoalStepProgress,CreatedBy,FK_GoalStepProgress_Users,dbo,Users,EntityID
dbo,GoalStepType,CreatedBy,FK_GoalStepType_Users,dbo,Users,EntityID
dbo,GoalType,GoalCategoryID,FK_GoalType_GoalTypeCategory,dbo,GoalTypeCategory,GoalCategoryID
dbo,GoalType,OrgGroupID,FK_GoalType_OrgGroup,dbo,OrgGroup,OrgGroupID
dbo,GoalTypeMap,ReportingMapID,FK_GoalTypeMap_GoalReportMapOpt,dbo,GoalReportMapOpt,ReportingMapID
dbo,GoalTypeMap,ReportingMapID,FK_GoalTypeMap_ServiceReportingMap,dbo,ServiceReportingMap,ReportingMapID
dbo,GoalTypeMap,MapsToValue,FK_GoalTypeMap_GoalReportMapOpt,dbo,GoalReportMapOpt,MapsToValue
dbo,GoalTypeOutcomes,GoalTypeID,FK_GoalTypeOutcomes_GoalType,dbo,GoalType,GoalTypeID
dbo,GoalTypeOutcomes,DomainID,FK_GoalTypeOutcomes_OutcomeDomain,dbo,OutcomeDomain,DomainID
dbo,GoalTypeOutcomes,CreatedBy,FK_GoalTypeOutcomes_Users,dbo,Users,EntityID
dbo,GoodwillASRSetup,OrgGroupID,FK_GoodwillASRSetup_OrgGroupID,dbo,OrgGroup,OrgGroupID
dbo,GoodwillASRSetup,ProgramTypeCategoryTypeID,FK_GoodwillASRSetup_ProgramTypeCategoryTypeID,dbo,programTypeCategoryType,programTypeCategoryTypeID
dbo,GoodwillASRSetup,CreatedBy,FK_GoodwillASRSetup_Users,dbo,Users,EntityID
dbo,GranteeApprovalReqDomains,EnrollmentID,FK_GranteeApprovalReqDomains_EnrollmentID,dbo,Enrollment,EnrollmentID
dbo,GranteeApprovalReqDomains,ProgramID,FK_GranteeApprovalReqDomains_ProgramID,dbo,Program,ProgramID
dbo,GranteeApprovalReqDomains,DomainID,FK_GranteeApprovalReqDomains_DomainID,dbo,OutcomeDomain,DomainID
dbo,GranteeProgramDescription,EntityID,FK_GranteeProgramDescription_EntityID,dbo,Entity,EntityID
dbo,GranteeProgramDescription,FiscalCalendarID,FK_GranteeProgramDescription_FiscalCalendar,dbo,FiscalCalendar,FiscalCalendarID
dbo,GranteeProgramLocation,GranteeProgramDescriptionID,FK_GranteeProgramLocation_GranteeProgramDescriptionID,dbo,GranteeProgramDescription,GranteeProgramDescriptionID
dbo,GranteeProgramLocation,CreatedBy,FK_GranteeProgramLocation_Users,dbo,Users,EntityID
dbo,GrantProgActTool,GrantProgOutcomeActivityID,FK_GrantProgActTool_GrantProgOutcomeActivity,dbo,GrantProgOutcomeActivity,GrantProgOutcomeActivityID
dbo,GrantProgActTool,CreatedBy,FK_GrantProgActTool_Users,dbo,Users,EntityID
dbo,GrantProgActTool,GrantProgOutcomeID,FK_GrantProgActTool_GrantProgOutcome,dbo,GrantProgOutcome,GrantProgOutcomeID
dbo,GrantProgLocationDays,GranteeProgramLocationID,FK_GrantProgLocationDays_GranteeProgramLocation,dbo,GranteeProgramLocation,GranteeProgramLocationID
dbo,GrantProgOutcome,GranteeProgramDescriptionID,FK_GrantProgOutcome_GranteeProgramDescription,dbo,GranteeProgramDescription,GranteeProgramDescriptionID
dbo,GrantProgOutcome,CreatedBy,FK_GrantProgOutcome_Users,dbo,Users,EntityID
dbo,GrantProgOutcomeActivity,GrantProgOutcomeID,FK_GrantProgOutcomeActivity_GrantProgOutcome,dbo,GrantProgOutcome,GrantProgOutcomeID
dbo,GrantProgOutcomeActivity,CreatedBy,FK_GrantProgOutcomeActivity_Users,dbo,Users,EntityID
dbo,GrantProgOutcomeActivityStaff,GrantProgOutcomeActivityID,FK_GrantProgOutcomeActivityStaff_GrantProgOutcomeActivity,dbo,GrantProgOutcomeActivity,GrantProgOutcomeActivityID
dbo,GrantProgOutcomeEval,GrantProgOutcomeID,FK_GrantProgOutcomeEval_GrantProgOutcome,dbo,GrantProgOutcome,GrantProgOutcomeID
dbo,GrantProgOutcomeEval,CreatedBy,FK_GrantProgOutcomeEval_Users,dbo,Users,EntityID
dbo,GroupClient,GroupID,FK_GroupClient_Group,dbo,Groups,GroupID
dbo,GroupClient,ClientID,FK_GroupClient_Client,dbo,Client,EntityID
dbo,GroupClient,FamilyID,FK_GroupClient_Family,dbo,Family,FamilyID
dbo,GroupEncounterInstance,EntityID,FK_GroupEncounterInstance_EntityID_Entity_EntityID,dbo,Entity,EntityID
dbo,GroupEncounterInstance,PlannedEncounterGroupID,FK_GroupEncounterInstance_PlannedEncounterGroupID_PlannedEncounterGroup_PlannedEncounterGroupID,dbo,PlannedEncounterGroup,PlannedEncounterGroupID
dbo,GroupEncounterInstance,CreatedBy,FK_GroupEncounterInstance_CreatedBy_Users_EntityID,dbo,Users,EntityID
dbo,GroupEncounterInstance,DeletedBy,FK_GroupEncounterInstance_DeletedBy_Users_EntityID,dbo,Users,EntityID
dbo,GroupEncounterInstance,LastModifiedBy,FK_GroupEncounterInstance_LastModifiedBy_Users_EntityID,dbo,Users,EntityID
dbo,GroupEncounterInstance,OwnedByOrgID,FK_GroupEncounterInstance_OwnedByOrgID_Organization_EntityID,dbo,Organization,EntityID
dbo,Groups,UserID,FK_Groups_Users,dbo,Users,EntityID
dbo,HCSReport,CreatedBy,FK_HCSReport_Users,dbo,Users,EntityID
dbo,HCSReport,OrgGroupID,FK_HCSReport_OrgGroupID,dbo,OrgGroup,OrgGroupID
dbo,HCSReport,ProviderID,FK_HCSReport_ProviderID,dbo,Provider,EntityID
dbo,HCSReportProgram,HCSReportID,FK_HCSReportProgram_HCSReport,dbo,HCSReport,HCSReportID
dbo,HCSReportProgram,ProgramID,FK_HCSReportProgram_Program,dbo,Program,ProgramID
dbo,HeadCircumferenceForAgeType,OrgGroupID,FK_HeadCircumferenceForAgeType_OrgGroup,dbo,OrgGroup,OrgGroupID
dbo,HeadCircumferenceForAgeType,CreatedBy,FK_HeadCircumferenceForAgeType_CreatedBy,dbo,Users,EntityID
dbo,HealthCare,ProviderID,FK_HealthCare_Entity1,dbo,Entity,EntityID
dbo,HealthCare,EntityID,FK_HealthCare_Entity2,dbo,Entity,EntityID
dbo,HealthCare,CaseNotesID,FK_HealthCare_CaseNotes,dbo,CaseNotes,CaseNoteID
dbo,HeightForAgeType,OrgGroupID,FK_HeightForAgeType_OrgGroup,dbo,OrgGroup,OrgGroupID
dbo,HeightForAgeType,CreatedBy,FK_HeightForAgeType_CreatedBy,dbo,Users,EntityID
dbo,Help,ContextTypeID,FK_Help_ContextType,dbo,ContextType,ContextTypeID
dbo,HICExportFields,HICSetupID,FK_HICExportFields_HICReportSetup,dbo,HICReportSetup,HICSetupID
dbo,HICProgramEntry,HICSetupID,FK_HICProgramEntry_HICReportSetup,dbo,HICReportSetup,HICSetupID
dbo,HICProgramEntry,ProgramID,FK_HICProgramEntry_Program,dbo,Program,ProgramID
dbo,HICReportSetup,OrgGroupID,FK_HICReportSetup_OrgGroupID,dbo,OrgGroup,OrgGroupID
dbo,HICReportSetup,CreatedBy,FK_HICReportSetup_Users,dbo,Users,EntityID
dbo,HMISDataQualityTolerance,HMISProgramTypeID,FK_HMISDataQualityTolerance_HMISProgramType,dbo,HMISProgramType,HMISProgramTypeID
dbo,HMISDataQualityTolerance,DataElementID,FK_HMISDataQualityTolerance_HMISDataElement,dbo,HMISDataElement,DataElementID
dbo,HMISDQScoreCardSettings,CreatedBy,FK_HMISDQScoreCardSettings_CreatedBy_Users_EntityID,dbo,Users,EntityID
dbo,HMISDQScoreCardSettings,DeletedBy,FK_HMISDQScoreCardSettings_DeletedBy_Users_EntityID,dbo,Users,EntityID
dbo,HMISDQScoreCardSettings,LastModifiedBy,FK_HMISDQScoreCardSettings_LastModifiedBy_Users_EntityID,dbo,Users,EntityID
dbo,HMISDQScoreCardSettings,OwnedByOrgID,FK_HMISDQScoreCardSettings_OwnedByOrgID_Organization_EntityID,dbo,Organization,EntityID
dbo,HMISDQScoreCriteria,CreatedBy,FK_HMISDQScoreCriteria_CreatedBy_Users_EntityID,dbo,Users,EntityID
dbo,HMISDQScoreCriteria,DeletedBy,FK_HMISDQScoreCriteria_DeletedBy_Users_EntityID,dbo,Users,EntityID
dbo,HMISDQScoreCriteria,LastModifiedBy,FK_HMISDQScoreCriteria_LastModifiedBy_Users_EntityID,dbo,Users,EntityID
dbo,HMISDQScoreCriteria,OwnedByOrgID,FK_HMISDQScoreCriteria_OwnedByOrgID_Organization_EntityID,dbo,Organization,EntityID
dbo,HMISDQScoreInstance,ReportID,FK_HMISDQScoreInstance_ReportID,dbo,HMISDQScoreCardSettings,ReportID
dbo,HMISDQScoreInstance,CreatedBy,FK_HMISDQScoreInstance_CreatedBy_Users_EntityID,dbo,Users,EntityID
dbo,HMISDQScoreInstance,DeletedBy,FK_HMISDQScoreInstance_DeletedBy_Users_EntityID,dbo,Users,EntityID
dbo,HMISDQScoreInstance,LastModifiedBy,FK_HMISDQScoreInstance_LastModifiedBy_Users_EntityID,dbo,Users,EntityID
dbo,HMISDQScoreInstance,OwnedByOrgID,FK_HMISDQScoreInstance_OwnedByOrgID_Organization_EntityID,dbo,Organization,EntityID
dbo,HMISDQScoreInstanceResults,HMISDQScoreInstanceID,FK_HMISDQScoreInstanceResults_HMISDQScoreInstanceID,dbo,HMISDQScoreInstance,HMISDQScoreInstanceID
dbo,HMISDQScoreInstanceResults,CreatedBy,FK_HMISDQScoreInstanceResults_CreatedBy_Users_EntityID,dbo,Users,EntityID
dbo,HMISDQScoreInstanceResults,DeletedBy,FK_HMISDQScoreInstanceResults_DeletedBy_Users_EntityID,dbo,Users,EntityID
dbo,HMISDQScoreInstanceResults,LastModifiedBy,FK_HMISDQScoreInstanceResults_LastModifiedBy_Users_EntityID,dbo,Users,EntityID
dbo,HMISDQScoreInstanceResults,OwnedByOrgID,FK_HMISDQScoreInstanceResults_OwnedByOrgID_Organization_EntityID,dbo,Organization,EntityID
dbo,HMISDQScorePoints,HMISDQScoreCriteriaID,FK_HMISDQScorePoints_HMISDQScoreCriteriaID,dbo,HMISDQScoreCriteria,HMISDQScoreCriteriaID
dbo,HMISDropDownListMapping,CreatedBy,FK_HMISDropDownListMapping_CreatedBy_Users_EntityID,dbo,Users,EntityID
dbo,HMISDropDownListMapping,DeletedBy,FK_HMISDropDownListMapping_DeletedBy_Users_EntityID,dbo,Users,EntityID
dbo,HMISDropDownListMapping,LastModifiedBy,FK_HMISDropDownListMapping_LastModifiedBy_Users_EntityID,dbo,Users,EntityID
dbo,HMISScoreBenchmarks,HMISDQScoreCriteriaID,FK_HMISScoreBenchmarks_HMISDQScoreCriteriaID,dbo,HMISDQScoreCriteria,HMISDQScoreCriteriaID
dbo,HMISScoreBenchmarks,CreatedBy,FK_HMISScoreBenchmarks_CreatedBy_Users_EntityID,dbo,Users,EntityID
dbo,HMISScoreBenchmarks,DeletedBy,FK_HMISScoreBenchmarks_DeletedBy_Users_EntityID,dbo,Users,EntityID
dbo,HMISScoreBenchmarks,LastModifiedBy,FK_HMISScoreBenchmarks_LastModifiedBy_Users_EntityID,dbo,Users,EntityID
dbo,HMISScoreBenchmarks,OwnedByOrgID,FK_HMISScoreBenchmarks_OwnedByOrgID_Organization_EntityID,dbo,Organization,EntityID
dbo,HolidayType,HolidayCategoryID,FK_HolidayType_HolidayTypeCategory,dbo,HolidayTypeCategory,HolidayCategoryID
dbo,HolidayType,OrgGroupID,FK_HolidayType_OrgGroup,dbo,OrgGroup,OrgGroupID
dbo,Housing,ClientAddressID,FK_Housing_ClientAddressID,dbo,ClientAddress,AddressID
dbo,Housing,ClientID,FK_Housing_Entity,dbo,Entity,EntityID
dbo,Housing,ResourceID,FK_Housing_ResourceID,dbo,Resource,ResourceID
dbo,HousingExt,HousingID,FK_HousingExt_HousingID,dbo,Housing,HousingID
dbo,HousingExt,CreatedBy,FK_HousingExt_Users,dbo,Users,EntityID
dbo,HousingLeaseUtilities,AssessmentID,FK_HousingLeaseUtilities_AssessHousingLease,dbo,AssessHousingLease,AssessmentID
dbo,HousingPlacementUtilities,AssessmentID,FK_HousingPlacementUtilities_AssessHousingPlacement,dbo,AssessHousingPlacement,AssessmentID
dbo,HousingRepairs,HousingRetentionID,FK_HousingRepairs_HousingRetention,dbo,HousingRetention,HousingRetentionID
dbo,HousingRetention,AssessmentID,FK_HousingRetention_Assessment,dbo,Assessment,AssessmentID
dbo,HousingRetention,CaseManagerVerifying,FK_HousingRetention_Users,dbo,Users,EntityID
dbo,HousingRetention,CreatedBy,FK_HousingRetention_Users1,dbo,Users,EntityID
dbo,HousingRetention,CaseNoteID,FK_HousingRetention_CaseNotes,dbo,CaseNotes,CaseNoteID
dbo,HousingRetention,AssessHousingPlacementID,FK_HousingRetention_AssessHousingPlacement,dbo,AssessHousingPlacement,AssessmentID
dbo,HousingRetentionFollowUp,HousingRetentionID,FK_HousingRetentionFollowUp_HousingRetention,dbo,HousingRetention,HousingRetentionID
dbo,HousingRetentionFollowUp,FollowUpID,FK_HousingRetentionFollowUp_FollowUp,dbo,FollowUp,FollowUpID
dbo,HousingRetentionFollowUp,CreatedBy,FK_HousingRetentionFollowUp_Users,dbo,Users,EntityID
dbo,HousingRoommates,HousingRetentionID,FK_HousingRoommates_HousingRetention,dbo,HousingRetention,HousingRetentionID
dbo,HUD_PerformanceMeasures_Setup_CoCCode,ReportID,FK_HUD_PerformanceMeasures_CoCCodeEntry_ReportID,dbo,HUD_PerformanceMeasures_Setup,ReportID
dbo,HUD_PerformanceMeasures_Setup_Organization,ReportID,FK_HUD_PerformanceMeasures_OrganizationEntry_ReportID,dbo,HUD_PerformanceMeasures_Setup,ReportID
dbo,HUD_PerformanceMeasures_Setup_Program,ReportID,FK_HUD_PerformanceMeasures_ProgramEntry_ReportID,dbo,HUD_PerformanceMeasures_Setup,ReportID
dbo,HUD_PerformanceMeasures_v20150505,ReportID,FK_HUD_PerformanceMeasures_v20150505,dbo,HUD_PerformanceMeasures_Setup,ReportID
dbo,IEPProviderMonthlyForm,IEPProviderMonthlyFormID,FK_IEPProviderMonthlyForm_IEPProviderMonthlyFormID,dbo,IEPProviderMonthlyForm,IEPProviderMonthlyFormID
dbo,IEPWeeklyAttendance,ServicePlanComponentTypeID,FK_IEPWeeklyAttendance_ServicePlanComponentTypeID,dbo,ServicePlanComponentType,ServicePlanComponentTypeID
dbo,Immunizations,ClientID,FK_Immunizations_Client,dbo,Client,EntityID
dbo,Immunizations,CaseNoteID,FK_Immunizations_CaseNotes,dbo,CaseNotes,CaseNoteID
dbo,Immunizations,ImmuTypeID,FK_Immunizations_ImmunizationType,dbo,ImmunizationType,ImmuTypeID
dbo,Immunizations,CreatedBy,FK_Immunizations_Users,dbo,Users,EntityID
dbo,ImmunizationsDose,ImmunizationID,FK_ImmunizationsDose_Immunizations,dbo,Immunizations,ImmunizationID
dbo,ImmunizationSummary,EntityID,FK_ImmunizationSummary_Entity,dbo,Entity,EntityID
dbo,ImmunizationSummary,CreatedBy,FK_ImmunizationSummary_Users,dbo,Users,EntityID
dbo,ImmunizationSummary,CaseNoteID,FK_ImmunizationSummary_CaseNotes,dbo,CaseNotes,CaseNoteID
dbo,ImmunizationType,CategoryID,FK_ImmunizationType_ImmunizationTypeCategory,dbo,ImmunizationTypeCategory,ImmunizationCategoryID
dbo,ImmunizationTypeDose,ImmuTypeID,FK_ImmunizationTypeDose_ImmunizationType,dbo,ImmunizationType,ImmuTypeID
dbo,Impersonation,ImpersonatorID,FK_Impersonation_Impersonator,dbo,Entity,EntityID
dbo,Impersonation,UserID,FK_Impersonation_User,dbo,Entity,EntityID
dbo,Impersonation,CreatedBy,FK_Impersonation_CreatedBy,dbo,Users,EntityID
dbo,IMThread,CreatedBy,FK_IMThread_Users,dbo,Users,EntityID
dbo,IMThreadMessage,IMThreadID,FK_IMThreadMessage_IMThread,dbo,IMThread,IMThreadID
dbo,Incident,ResourceID,FK_Incident_Resource,dbo,Resource,ResourceID
dbo,Incident,CreatedBy,FK_Incident_Users,dbo,Users,EntityID
dbo,Incident,ProviderID,FK_Incident_ProviderID,dbo,Provider,EntityID
dbo,IncidentOtherInfo,IncidentID,FK_IncidentOtherInfo_IncidentID,dbo,Incident,IncidentID
dbo,IncidentPartFactors,ParticipantID,FK_IncidentPartFactors_ParticipantID,dbo,IncidentParticipant,ParticipantID
dbo,IncidentPartFactorsNonVerbal,ParticipantID,FK_IncidentPartFactorsNonVerbal_ParticipantID,dbo,IncidentParticipant,ParticipantID
dbo,IncidentParticipant,IncidentID,FK_IncidentParticipant_Incident,dbo,Incident,IncidentID
dbo,IncidentParticipant,EntityID,FK_IncidentParticipant_Entity,dbo,Entity,EntityID
dbo,IncidentParticipant,CreatedBy,FK_IncidentParticipant_Users,dbo,Users,EntityID
dbo,IncidentSchool,IncidentID,FK_IncidentSchool_IncdientID,dbo,Incident,IncidentID
dbo,IncomeLimits,AMIID,FK_IncomeLimits_AreaMedianIncome,dbo,AreaMedianIncome,AMIID
dbo,IncomeLimits,CreatedBy,FK_IncomeLimits_Users,dbo,Users,EntityID
dbo,Inspection,InspectorEntityID,FK_Inspection_EntityID,dbo,Entity,EntityID
dbo,Inspection,ContextTypeID,FK_Inspection_ContextTypeID,dbo,ContextType,ContextTypeID
dbo,Inspection,CreatedBy,FK_Inspection_Users,dbo,Users,EntityID
dbo,InspectionDetail,InspectionID,FK_InspectionDetail_InspectionID,dbo,Inspection,InspectionID
dbo,InspectionDetail,CreatedBy,FK_InspectionDetail_Users,dbo,Users,EntityID
dbo,InspectionDetail,AssignedEntityID,FK_InspectionDetail_AssignedEntityID,dbo,Entity,EntityID
dbo,InspectionType,CreatedBy,FK_InspectionType_Users,dbo,Users,EntityID
dbo,Insurance,ProviderID,FK_Insurance_Entity1,dbo,Entity,EntityID
dbo,Insurance,PatientEntityID,FK_Insurance_Entity2,dbo,Entity,EntityID
dbo,Insurance,CaseNotesID,FK_Insurance_CaseNotes,dbo,CaseNotes,CaseNoteID
dbo,InterestArea,CreatedBy,FK_InterestArea_Users,dbo,Users,EntityID
dbo,InterestArea,EntityID,FK_InterestArea_Entity,dbo,Entity,EntityID
dbo,InterestArea,EnrollmentID,FK_InterestArea_Enrollment,dbo,Enrollment,EnrollmentID
dbo,InterestArea,CaseNoteID,FK_InterestArea_CaseNotes,dbo,CaseNotes,CaseNoteID
dbo,Inventory,CaseNoteID,FK_Inventory_CaseNotes,dbo,CaseNotes,CaseNoteID
dbo,Inventory,CreatedBy,FK_Inventory_Users,dbo,Users,EntityID
dbo,Inventory,ServiceTypeID,FK_Inventory_ServiceTypeID,dbo,ServiceType,ServiceTypeID
dbo,InventoryActivity,InventoryID,FK_InventoryActivity_Inventory,dbo,Inventory,InventoryID
dbo,InventoryActivity,ServiceID,FK_InventoryActivity_Service,dbo,Service,ServiceID
dbo,InventoryActivity,InventorySerialID,FK_InventoryActivity_InventorySerial,dbo,InventorySerial,InventorySerialID
dbo,InventoryActivity,CreatedBy,FK_InventoryActivity_Users,dbo,Users,EntityID
dbo,InventoryActivity,CaseManagerID,FK_InventoryActivity_Users1,dbo,Users,EntityID
dbo,InventoryActivity,ClientID,FK_InventoryActivity_Client,dbo,Client,EntityID
dbo,InventoryActivity,EnrollmentID,FK_InventoryActivity_Enrollment,dbo,Enrollment,EnrollmentID
dbo,InventoryActivity,EntityID,FK_InventoryActivity_Entity,dbo,Entity,EntityID
dbo,InventoryAuto,InventoryID,FK_InventoryAuto_Inventory,dbo,Inventory,InventoryID
dbo,InventoryBOM,InventoryID,FK_InventoryBOM_Inventory,dbo,Inventory,InventoryID
dbo,InventoryBOM,CreatedBy,FK_InventoryBOM_Users,dbo,Users,EntityID
dbo,InventoryBOM,OwnedByOrgID,FK_InventoryBOM_Organization,dbo,Organization,EntityID
dbo,InventoryBook,InventoryID,FK_InventoryBook_Inventory,dbo,Inventory,InventoryID
dbo,InventoryBook,CreatedBy,FK_InventoryBook_Users,dbo,Users,EntityID
dbo,InventoryCategory,InventoryID,FK_InventoryCategory_Inventory,dbo,Inventory,InventoryID
dbo,InventoryCategory,InventoryTypeCategoryID,FK_InventoryCategory_InventoryTypeCategory,dbo,InventoryTypeCategory,InventoryTypeCategoryID
dbo,InventoryDisposition,ClientID,FK_InventoryDisposition_Client,dbo,Client,EntityID
dbo,InventoryExt,InventoryID,FK_InventoryExt_Inventory,dbo,Inventory,InventoryID
dbo,InventoryExt,EntityID,FK_InventoryExt_Entity,dbo,Entity,EntityID
dbo,InventoryReceipt,InventoryID,FK_InventoryReceipt_InventoryID,dbo,Inventory,InventoryID
dbo,InventoryReceipt,ProviderContractItemID,FK_InventoryReceipt_ProviderContractItemID,dbo,ProviderContractItem,ProviderContractItemID
dbo,InventoryReceipt,CreatedBy,FK_InventoryReceipt_Users,dbo,Users,EntityID
dbo,InventoryRMA,InventoryID,FK_InventoryRMA_Inventory,dbo,Inventory,InventoryID
dbo,InventoryRMA,CreatedBy,FK_InventoryRMA_Users,dbo,Users,EntityID
dbo,Inventoryroom,InventoryID,FK_Inventoryroom_Inventory,dbo,Inventory,InventoryID
dbo,Inventoryroom,UsageID,FK_Inventoryroom_ResourceUsage,dbo,ResourceUsage,UsageID
dbo,Inventoryroom,CreatedBy,FK_Inventoryroom_Users,dbo,Users,EntityID
dbo,InventorySerial,InventoryID,FK_InventorySerial_Inventory,dbo,Inventory,InventoryID
dbo,InventorySerial,CMUserID,FK_InventorySerial_Users1,dbo,Users,EntityID
dbo,InventorySerial,CreatedBy,FK_InventorySerial_Users,dbo,Users,EntityID
dbo,InventorySerial,ClientID,FK_InventorySerial_Client,dbo,Client,EntityID
dbo,InventoryTypeCategoryType,InventoryID,FK_InventoryTypeCategoryType_Inventory,dbo,Inventory,InventoryID
dbo,InventoryWZ,InventoryID,FK_InventoryWZ_Inventory,dbo,Inventory,InventoryID
dbo,Invoice,CreatedBy,FK_Invoice_Users,dbo,Users,EntityID
dbo,InvoiceBatch,InvoiceHeaderID,FK_InvoiceBatch_InvoiceHeader,dbo,InvoiceHeader,InvoiceHeaderID
dbo,InvoiceHeader,BillToEntity,FK_InvoiceHeader_Entity,dbo,Entity,EntityID
dbo,InvoiceHeader,BillFromEntity,FK_InvoiceHeader_Entity2,dbo,Entity,EntityID
dbo,InvoiceHeader,ProjectID,FK_InvoiceHeader_Project,dbo,Project,ProjectID
dbo,InvoiceHeader,SalesRep,FK_InvoiceHeader_Users1,dbo,Users,EntityID
dbo,InvoiceHeader,CreatedBy,FK_InvoiceHeader_Users,dbo,Users,EntityID
dbo,InvoiceHeader,PrintedBy,FK_InvoiceHeader_Users2,dbo,Users,EntityID
dbo,InvoiceItem,InvoiceID,FK_InvoiceItem_Invoice,dbo,Invoice,InvoiceID
dbo,InvoiceItem,ProviderReferralID,FK_InvoiceItem_ProviderReferral,dbo,ProviderReferral,ProviderReferralID
dbo,InvoiceItem,CreatedBy,FK_InvoiceItem_Users,dbo,Users,EntityID
dbo,InvoiceLine,ProjectTransactionID,FK_InvoiceLine_ProjectTransactionID,dbo,ProjectTransaction,ProjectTransactionID
dbo,InvoiceLine,EntityID,FK_InvoiceLine_EntityID,dbo,Entity,EntityID
dbo,InvoiceLineItem,InvoiceLineID,FK_InvoiceLineItem_InvoiceLine,dbo,InvoiceLine,InvoiceLineID
dbo,InvoiceLineItem,EntityID,FK_InvoiceLineItem_Entity1,dbo,Entity,EntityID
dbo,Issue,ClientID,FK_Issue_Client,dbo,Client,EntityID
dbo,Issue,EnrollmentID,FK_Issue_Enrollment,dbo,Enrollment,EnrollmentID
dbo,IssueAddiction,IssueID,FK_IssueAddiction_Issue,dbo,Issue,IssueID
dbo,IssueExt,IssueID,FK_IssueExt_IssueID,dbo,Issue,IssueID
dbo,IssueMentalHealth,IssueID,FK_IssueMentalHealth_Issue,dbo,Issue,IssueID
dbo,IssueOtherInfo,IssueID,FK_IssueOtherInfo_IssueID,dbo,Issue,IssueID
dbo,IssueReportMapOpt,ReportingMapID,FK_IssueReportMap_ServiceReportingMap,dbo,ServiceReportingMap,ReportingMapID
dbo,IssueTracking,CustomerID,FK_IssueTracking_IssueTracking_Provider,dbo,Provider,EntityID
dbo,IssueTracking,TeamID,FK_IssueTracking_ApprovalGroup,dbo,ApprovalGroup,ApprovalGroupID
dbo,IssueTracking,CreatedBy,FK_IssueTracking_Users,dbo,Users,EntityID
dbo,IssueTracking,ProjectID,FK_IssueTracking_IssueTracking_Project,dbo,Project,ProjectID
dbo,IssueTracking,ProjectTaskID,FK_IssueTracking_IssueTracking_ProjectTask,dbo,ProjectTask,ProjectTaskID
dbo,IssueTracking,Shepherd,FK_IssueTracking_Shepherd,dbo,Users,EntityID
dbo,IssueTrackingActivity,IssueTrackingID,FK_Client_IssueTracking,dbo,IssueTracking,IssueTrackingID
dbo,IssueTrackingActivity,IssueTrackingID,FK_IssueTrackingActivity_IssueTracking,dbo,IssueTracking,IssueTrackingID
dbo,IssueTrackingActivity,AssignedToID,FK_IssueTrackingActivity_Users2,dbo,Users,EntityID
dbo,IssueTrackingActivity,CaseNoteID,FK_IssueTrackingActivity_CaseNotes,dbo,CaseNotes,CaseNoteID
dbo,IssueTrackingActivity,CreatedBy,FK_IssueTrackingActivity_Users,dbo,Users,EntityID
dbo,IssueTrackingHistory,CreatedBy,Fk_IssueTrackingHistory_Users,dbo,Users,EntityID
dbo,IssueTrackingUser,IssueTrackingID,FK_IssueTrackingUser_IssueTracking,dbo,IssueTracking,IssueTrackingID
dbo,IssueTrackingVersion,IssueTrackingID,FK_IssueTrackingVersion_IssueTracking,dbo,IssueTracking,IssueTrackingID
dbo,IssueTreatmentInfo,IssueID,FK_IssueTreatmentInfo_Issue,dbo,Issue,IssueID
dbo,IssueType,OrgGroupID,FK_IssueType_OrgGroup,dbo,OrgGroup,OrgGroupID
dbo,IssueTypeCategoryT,IssueTypeID,FK_IssueTypeCategoryT_Issue,dbo,IssueType,IssueTypeID
dbo,IssueTypeExtended,IssueTypeID,FK_IssueTypeExtended_IssueTypeID,dbo,IssueType,IssueTypeID
dbo,IssueTypeMap,ReportingMapID,FK_IssueTypeMap_IssueReportMapOpt,dbo,IssueReportMapOpt,ReportingMapID
dbo,IssueTypeMap,ReportingMapID,FK_IssueTypeMap_ServiceReportingMap,dbo,ServiceReportingMap,ReportingMapID
dbo,IssueTypeMap,IssueTypeID,FK_IssueTypeMap_IssueType,dbo,IssueType,IssueTypeID
dbo,IssueTypeMap,MapsToValue,FK_IssueTypeMap_IssueReportMapOpt,dbo,IssueReportMapOpt,MapsToValue
dbo,ITransaction,TransactionTypeID,FK_ITransaction_ITransactionType,dbo,ITransactionType,TransactionTypeID
dbo,ITransaction,CreatedBy,FK_ITransaction_Entity,dbo,Entity,EntityID
dbo,ITransactionExt,TransactionID,FK_ITransactionExt_TransactionID_ITransaction_TransactionID,dbo,ITransaction,TransactionID
dbo,ITransactionType,TransactionCategoryID,FK_ITransactionType_ITransactionCategory,dbo,ITransactionCategory,TransactionCategoryID
dbo,JobClubGroupMembers,JobClubGroupID,Fk_JobClubGroupMembers_JobClubGroups_GroupID,dbo,JobClubGroups,JobClubGroupID
dbo,JobClubGroupPhoto,PrintPhotoFileID,FK_JobClubGroupPhoto_Files,dbo,Files,FileID
dbo,JobClubTypeCategoryType,JobClubGroupID,FK_JobClubTypeCategoryType_JobClubGroups,dbo,JobClubGroups,JobClubGroupID
dbo,JobCode,ProviderID,FK_JobCode_Provider,dbo,Provider,EntityID
dbo,JobCode,JobTypeID,FK_JobCode_JobType,dbo,JobType,JobTypeID
dbo,JobLocation,ContextJobTypeID,FK_JobLocation_ContextJobType,dbo,ContextJobType,ContextJobTypeID
dbo,JobMatchResults,JobOrderID,FK_JobMatchResults_JobOrderID,dbo,JobOrder,JobOrderID
dbo,JobMatchResults,ClientID,FK_JobMatchResults_ClientID,dbo,Client,EntityID
dbo,JobMatchResults,CreatedBy,FK_JobMatchResults_CreatedBy,dbo,Users,EntityID
dbo,JobMatchStatus,JobOrderID,FK_JobMatchStatus_JobOrderID,dbo,JobOrder,JobOrderID
dbo,JobMatchStatus,ClientID,FK_JobMatchStatus_ClientID,dbo,Client,EntityID
dbo,JobMatchStatus,CreatedBy,FK_JobMatchStatus_CreatedBy,dbo,Users,EntityID
dbo,JobOrder,EntityID,FK_JobOrder_Entity,dbo,Entity,EntityID
dbo,JobOrder,ProvidedByEntityID,FK_JobOrder_Entity2,dbo,Entity,EntityID
dbo,JobOrder,CaseNoteID,FK_JobOrder_CaseNoteNotEntity,dbo,CaseNoteNotEntity,CaseNoteID
dbo,JobOrder,CreatedBy,FK_JobOrder_Users,dbo,Users,EntityID
dbo,JobOrderCrimeType,JobOrderID,FK_JobOrderCrimeType_JobOrder,dbo,JobOrder,JobOrderID
dbo,JobOrderCrimeType,CrimeTypeID,FK_JobOrderCrimeType_CrimeType,dbo,CrimeType,CrimeTypeID
dbo,JobOrderCrimeType,CreatedBy,FK_JobOrderCrimeType_CreatedBy,dbo,Users,EntityID
dbo,JobOrderIssueType,JobOrderID,FK_JobOrderIssueType_JobOrder,dbo,JobOrder,JobOrderID
dbo,JobOrderIssueType,IssueTypeID,FK_JobOrderIssueType_IssueType,dbo,IssueType,IssueTypeID
dbo,JobOrderSkillType,JobOrderID,FK_JobOrderSkillType_JobOrder,dbo,JobOrder,JobOrderID
dbo,JobOrderSkillType,SkillTypeID,FK_JobOrderSkillType_SkillType,dbo,SkillType,SkillTypeID
dbo,JobOrderSkillType,CreatedBy,FK_JobOrderSkillType_Users,dbo,Users,EntityID
dbo,JobOrderSkillType,CredentialTypeID,FK_JobOrderSkillType_CredentialType,dbo,CredentialType,CredentialTypeID
dbo,JobOrderSkillTypeOr,JobOrderSkillTypeID,FK_JobOrderSkillTypeOr_JobOrderSkillType,dbo,JobOrderSkillType,JobOrderSkillTypeID
dbo,JobOrderSkillTypeOr,SkillTypeID,FK_JobOrderSkillTypeOr_SkillType,dbo,SkillType,SkillTypeID
dbo,JobProcess,CreatedBy,FK_JobProcess_Users,dbo,Users,EntityID
dbo,JobProcessItem,JobProcessID,FK_JobProcessItem_JobProcess,dbo,JobProcess,JobProcessID
dbo,JobProcessItem,CreatedBy,FK_JobProcessItem_Users,dbo,Users,EntityID
dbo,JobProcessItem,ServiceTypeID,FK_JobProcessItem_ServiceType,dbo,ServiceType,ServiceTypeID
dbo,JobProcessItem,ProviderToID,FK_JobProcessItem_ProviderTo,dbo,Provider,EntityID
dbo,JobProcessItem,ProviderFromID,FK_JobProcessItem_ProviderFrom,dbo,Provider,EntityID
dbo,JobProcessTableName,JobProcessID,FK_AssessJobProcessTableNames_JobProcess,dbo,JobProcess,JobProcessID
dbo,JobType,CategoryID,FK_JobType_JobTypeCategory,dbo,JobTypeCategory,CategoryID
dbo,JobType,OrgGroupID,FK_JobType_OrgGroup,dbo,OrgGroup,OrgGroupID
dbo,JOFIInvitationIntegration,ParticipantEntityID,FK_TestIntegration_Participant,dbo,Client,EntityID
dbo,JOFIInvitationIntegration,CareerNavigatorEntityID,FK_TestIntegration_CareerNavigator,dbo,Users,EntityID
dbo,JunctionAssessment,AssessmentID,FK_JunctionAssessment_Assessment,dbo,Assessment,AssessmentID
dbo,JunctionCaseNote,CaseNoteID,FK_JunctionCaseNote_CaseNotes,dbo,CaseNotes,CaseNoteID
dbo,JunctionCategoryType,CategoryTypeID,FK_CategoryType,dbo,CategoryType,CategoryTypeID
dbo,JunctionDocument,DocumentCheckID,FK_JunctionDocument_DocumentCheck,dbo,DocumentCheck,DocumentCheckID
dbo,JunctionEncounter,EncounterID,FK_JunctionEncounter_Encounter,dbo,Encounter,EncounterID
dbo,JunctionEnrollment,EnrollmentID,FK_JunctionEnrollment_Enrollment,dbo,Enrollment,EnrollmentID
dbo,JunctionEntity,EntityID,FK_JunctionEntity_Entity,dbo,Entity,EntityID
dbo,JunctionEntityDocumentCheck,DocumentCheckID,FK_JunctionEntityDocumentCheck_DocumentCheck,dbo,EntityDocumentCheck,DocumentCheckID
dbo,JunctionFile,FileID,FK_JunctionFile_Files,dbo,Files,FileID
dbo,JunctionGranteeProgramCopy,OldGPDID,FK_JunctionGranteeProgramCopy_GPDID,dbo,GranteeProgramDescription,GranteeProgramDescriptionID
dbo,JunctionGranteeProgramDescription,GranteeProgramDescriptionID,FK_JunctionGranteeProgramDescription_GPDID,dbo,GranteeProgramDescription,GranteeProgramDescriptionID
dbo,JunctionGrantScoreStatus,EnrollmentID,FK_JunctionGrantScoreStatus_EnrollmentID,dbo,Enrollment,EnrollmentID
dbo,JunctionGrantTotalScore,EnrollmentID,FK_JunctionGrantTotalScore_EnrollmentID,dbo,Enrollment,EnrollmentID
dbo,JunctionProgram,ProgramID,FK_JunctionProgram_Program,dbo,Program,ProgramID
dbo,JunctionService,ServiceID,FK_JunctionService_Service,dbo,Service,ServiceID
dbo,JunctionUsage,UsageID,FK_JunctionUsage_ResourceUsage,dbo,ResourceUsage,UsageID
dbo,JunctionUsageEnroll,UsageEnrollmentID,FK_JunctionUsageEnroll_UsageEnrollmentID,dbo,ResourceUsageEnroll,UsageEnrollmentID
dbo,JurisdictionZipCodes,JurisdictionID,FK_JurisdictionZipCodes_JurisdictionID,dbo,Jurisdiction,JurisdictionID
dbo,JurisdictionZipCodes,ZipCode,FK_JurisdictionZipCodes_JurisdictionZip,dbo,ZipCode,ZipCode
dbo,KeywordMapping,KeywordTypeID,FK_KeywordMapping_KeywordTypeID,dbo,KeywordType,KeywordTypeID
dbo,KeywordMapping,CreatedBy,FK_KeywordMapping_CreatedBy,dbo,Users,EntityID
dbo,Keywords,CreatedBy,FK_Keywords_CreatedBy,dbo,Users,EntityID
dbo,Keywords,KeywordTypeID,FK_Keywords_KeywordTypeID,dbo,KeywordType,KeywordTypeID
dbo,KeywordType,CreatedBy,FK_KeywordType_CreatedBy,dbo,Users,EntityID
dbo,KeywordTypeCategory,CategoryID,FK_KeywordTypeCategory_CategoryID,dbo,KeywordTypeCategoryType,CategoryID
dbo,KeywordTypeCategory,KeywordTypeID,FK_KeywordTypeCategory_KeywordTypeID,dbo,KeywordType,KeywordTypeID
dbo,KeywordTypeCategoryType,CreatedBy,FK_KeywordTypeCategoryType_CreatedBy,dbo,Users,EntityID
dbo,Language,CreatedBy,FK_Language_Users,dbo,Users,EntityID
dbo,Lead,ProviderID,FK_Lead_Provider_ProviderID,dbo,Provider,EntityID
dbo,Lead,LeadSourceID,FK_Lead_LeadSource_LeadSourceID,dbo,LeadSource,LeadSourceID
dbo,Lead,OutcomeID,FK_Lead_Outcome_OutcomeID,dbo,Outcome,OutcomeID
dbo,Lead,ContactID,FK_Lead_EntityContact_ContactID,dbo,EntityContact,EntityID
dbo,Lead,TeamID,FK_Lead_ApprovalGroup_TeamID,dbo,ApprovalGroup,ApprovalGroupID
dbo,Lead,CreatedBy,FK_Lead_Users_CreatedBy,dbo,Users,EntityID
dbo,Lead,LastModifiedBy,FK_Lead_Users_LastModifiedBy,dbo,Users,EntityID
dbo,Lead,DeletedBy,FK_Lead_Users_DeletedBy,dbo,Users,EntityID
dbo,Lead,OwnedByOrgID,FK_Lead_Organization_OwnedByOrgID,dbo,Organization,EntityID
dbo,LeadSource,CreatedBy,FK_LeadSource_Users_CreatedBy,dbo,Users,EntityID
dbo,LeadSource,LastModifiedBy,FK_LeadSource_Users_LastModifiedBy,dbo,Users,EntityID
dbo,LeadSource,DeletedBy,FK_LeadSource_Users_DeletedBy,dbo,Users,EntityID
dbo,LeadSource,OwnedByOrgID,FK_LeadSource_Organization_OwnedByOrgID,dbo,Organization,EntityID
dbo,LeasePaymentTerms,LeaseID,FK_LeasePaymentTerms_AssessHousingLease,dbo,AssessHousingLease,AssessmentID
dbo,LeasePaymentTerms,ClientID,FK_LeasePaymentTerms_Client,dbo,Client,EntityID
dbo,LeasePaymentTerms,CreatedBy,FK_LeasePaymentTerms_Users,dbo,Users,EntityID
dbo,LeasePayTermService,LeasePayTermsID,FK_LeasePayTermService_LeasePaymentTerms,dbo,LeasePaymentTerms,LeasePayTermsID
dbo,LevelOfCareAdditional,AssessmentID,FK_LevelOfCareAdditional_AssessmentID,dbo,AssessLevelofCare,AssessmentID
dbo,LevelOfCareAssignments,LevelsOfCareID,FK_LevelOfCareAssignments_LevelsOfCareID_LevelsOfCare_LevelsOfCareID,dbo,LevelsOfCare,LevelsOfCareID
dbo,LevelOfCareAssignments,UsageEnrollmentID,FK_LevelOfCareAssignments_UsageEnrollmentID_ResourceUsageEnroll_UsageEnrollmentID,dbo,ResourceUsageEnroll,UsageEnrollmentID
dbo,LevelOfCareAssignments,CreatedBy,FK_LevelOfCareAssignments_CreatedBy_Users_EntityID,dbo,Users,EntityID
dbo,LevelOfCareAssignments,DeletedBy,FK_LevelOfCareAssignments_DeletedBy_Users_EntityID,dbo,Users,EntityID
dbo,LevelOfCareAssignments,LastModifiedBy,FK_LevelOfCareAssignments_LastModifiedBy_Users_EntityID,dbo,Users,EntityID
dbo,LevelOfCareAssignments,OwnedByOrgID,FK_LevelOfCareAssignments_OwnedByOrgID_Organization_EntityID,dbo,Organization,EntityID
dbo,LevelOfCareBehSupport,AssessmentID,FK_LevelOfCareBehSupport_AssessmentID,dbo,AssessLevelofCare,AssessmentID
dbo,LevelOfCareExpComm,AssessmentID,FK_LevelOfCareExpComm_AssessmentID,dbo,AssessLevelofCare,AssessmentID
dbo,LevelOfCareImpairment,AssessmentID,FK_LevelOfCareImpairment_AssessmentID,dbo,AssessLevelofCare,AssessmentID
dbo,LevelOfCareRates,LevelsOfCareID,FK_LevelOfCareRates_LevelsOfCareID_LevelsOfCare_LevelsOfCareID,dbo,LevelsOfCare,LevelsOfCareID
dbo,LevelOfCareRates,CreatedBy,FK_LevelOfCareRates_CreatedBy_Users_EntityID,dbo,Users,EntityID
dbo,LevelOfCareRates,DeletedBy,FK_LevelOfCareRates_DeletedBy_Users_EntityID,dbo,Users,EntityID
dbo,LevelOfCareRates,LastModifiedBy,FK_LevelOfCareRates_LastModifiedBy_Users_EntityID,dbo,Users,EntityID
dbo,LevelOfCareRates,OwnedByOrgID,FK_LevelOfCareRates_OwnedByOrgID_Organization_EntityID,dbo,Organization,EntityID
dbo,LevelOfCareRecComm,AssessmentID,FK_LevelOfCareRecComm_AssessmentID,dbo,AssessLevelofCare,AssessmentID
dbo,LevelOfCareService,AssessmentID,FK_LevelOfCareService_AssessmentID,dbo,AssessLevelofCare,AssessmentID
dbo,LevelOfCareToiletAssists,AssessmentID,FK_LevelOfCareToiletAssists_AssessmentID,dbo,AssessLevelofCare,AssessmentID
dbo,LevelsOfCare,CreatedBy,FK_LevelsOfCare_CreatedBy_Users_EntityID,dbo,Users,EntityID
dbo,LevelsOfCare,DeletedBy,FK_LevelsOfCare_DeletedBy_Users_EntityID,dbo,Users,EntityID
dbo,LevelsOfCare,LastModifiedBy,FK_LevelsOfCare_LastModifiedBy_Users_EntityID,dbo,Users,EntityID
dbo,LevelsOfCare,OwnedByOrgID,FK_LevelsOfCare_OwnedByOrgID_Organization_EntityID,dbo,Organization,EntityID
dbo,LifeEventMultiRelation,LifeEventSubscriptionID,FK_LifeEventMultiRelation_LifeEventSubscriptions,dbo,LifeEventSubscriptions,LifeEventSubscriptionID
dbo,LifeEventMultiRelation,LifeEventTableFieldID,FK_LifeEventMultiRelation_LifeEventTableField,dbo,LifeEventTableField,LifeEventTableFieldID
dbo,LifeEventMultiRelation,CreatedBy,FK_LifeEventMultiRelation_CreatedBy_Users_EntityID,dbo,Users,EntityID
dbo,LifeEventMultiRelation,CreatedFormID,FK_LifeEventMultiRelation_CreatedFormID_Form_FormID,dbo,Form,FormID
dbo,LifeEventMultiRelation,DeletedBy,FK_LifeEventMultiRelation_DeletedBy_Users_EntityID,dbo,Users,EntityID
dbo,LifeEventMultiRelation,LastModifiedBy,FK_LifeEventMultiRelation_LastModifiedBy_Users_EntityID,dbo,Users,EntityID
dbo,LifeEventMultiRelation,LastModifiedFormID,FK_LifeEventMultiRelation_LastModifiedFormID_Form_FormID,dbo,Form,FormID
dbo,LifeEventSubscriptions,DeletedBy,FK_LifeEventSubscription_DeletedBy_Users_EntityID,dbo,Users,EntityID
dbo,LifeEventSubscriptions,CreatedBy,FK_LifeEventSubscription_CreatedBy_Users_EntityID,dbo,Users,EntityID
dbo,LifeEventSubscriptions,CreatedFormID,FK_LifeEventSubscription_CreatedFormID_Form_FormID,dbo,Form,FormID
dbo,LifeEventSubscriptions,LastModifiedBy,FK_LifeEventSubscription_LastModifiedBy_Users_EntityID,dbo,Users,EntityID
dbo,LifeEventSubscriptions,LastModifiedFormID,FK_LifeEventSubscription_LastModifiedFormID_Form_FormID,dbo,Form,FormID
dbo,LifeEventTableField,DeletedBy,FK_LifeEventTableField_DeletedBy_Users_EntityID,dbo,Users,EntityID
dbo,LifeEventTableField,CreatedBy,FK_LifeEventTableField_CreatedBy_Users_EntityID,dbo,Users,EntityID
dbo,LifeEventTableField,CreatedFormID,FK_LifeEventTableField_CreatedFormID_Form_FormID,dbo,Form,FormID
dbo,LifeEventTableField,LastModifiedBy,FK_LifeEventTableField_LastModifiedBy_Users_EntityID,dbo,Users,EntityID
dbo,LifeEventTableField,LastModifiedFormID,FK_LifeEventTableField_LastModifiedFormID_Form_FormID,dbo,Form,FormID
dbo,ListItem,ListID,FK_ListItem_Lists,dbo,Lists,ListID
dbo,ListItem,EnabledForOrgGroupID,FK_ListItem_OrgGroup,dbo,OrgGroup,OrgGroupID
dbo,ListItemConfiguration,ListItemID,FK_ListItemConfiguration_ListItem,dbo,ListItem,ListItemID
dbo,ListItemLanguage,ListItemID,FK_ListItemLanguage_ListItem,dbo,ListItem,ListItemID
dbo,ListItemLanguage,LanguageID,FK_ListItemLanguage_Language,dbo,Language,LanguageID
dbo,Lists,CreatedBy,FK_Lists_Users,dbo,Users,EntityID
dbo,LMSCourseActivity,EntityID,FK_LMSCourseActivity_EntityID,dbo,Client,EntityID
dbo,LMSCourseActivity,TrainingCourseID,FK_LMSModule_TrainingCourseID,dbo,TrainingCourse,CourseID
dbo,LMSCourseActivity,CreatedBy,FK_LMSCourseActivity_CreatedBy_Users_EntityID,dbo,Users,EntityID
dbo,LMSCourseActivity,DeletedBy,FK_LMSCourseActivity_DeletedBy_Users_EntityID,dbo,Users,EntityID
dbo,LMSCourseActivity,LastModifiedBy,FK_LMSCourseActivity_LastModifiedBy_Users_EntityID,dbo,Users,EntityID
dbo,LMSCourseActivity,OwnedByOrgID,FK_LMSCourseActivity_OwnedByOrgID_Organization_EntityID,dbo,Organization,EntityID
dbo,LMSUsers,UserID,FK_LMSUsers_UserID,dbo,Users,EntityID
dbo,LocationCapture,ContextTypeID,FK_LocationCapture_ContextTypeID_ContextType_ContextTypeID,dbo,ContextType,ContextTypeID
dbo,LocationCapture,CreatedBy,FK_LocationCapture_CreatedBy_Users_EntityID,dbo,Users,EntityID
dbo,LocationCapture,DeletedBy,FK_LocationCapture_DeletedBy_Users_EntityID,dbo,Users,EntityID
dbo,LocationCapture,LastModifiedBy,FK_LocationCapture_LastModifiedBy_Users_EntityID,dbo,Users,EntityID
dbo,Locker,ResourceID,FK_Locker_Resource,dbo,Resource,ResourceID
dbo,Locker,CreatedBy,FK_Locker_Users,dbo,Users,EntityID
dbo,Locker,ProviderPropertyID,FK_Locker_ProviderProperty,dbo,ProviderProperty,ProviderPropertyID
dbo,LongListItem,ListItemID,FK_LongListItem_ListItemID,dbo,ListItem,ListItemID
dbo,LSAReportSetup_Organization,ReportID,FK_LSAReportSetup_OrganizationEntry_ReportID,dbo,LSA_Report,ReportID
dbo,LSAReportSetup_Program,ReportID,FK_LSAReportSetup_ProgramEntry_ReportID,dbo,LSA_Report,ReportID
dbo,MailChimpCampaign,ListID,FK_MailChimpCampaign_MailChimpList_ListID,dbo,MailChimpList,ListID
dbo,MailChimpCampaign,TemplateID,FK_MailChimpCampaign_CaseNoteTemplate_TemplateID,dbo,CaseNoteTemplate,TemplateID
dbo,MailChimpCampaign,CreatedBy,FK_MailChimpCampaign_Users_CreatedBy,dbo,Users,EntityID
dbo,MailChimpCampaign,LastModifiedBy,FK_MailChimpCampaign_Users_LastModifiedBy,dbo,Users,EntityID
dbo,MailChimpCampaign,DeletedBy,FK_MailChimpCampaign_Users_DeletedBy,dbo,Users,EntityID
dbo,MailChimpCampaign,OwnedByOrgID,FK_MailChimpCampaign_Organization_OwnedByOrgID,dbo,Organization,EntityID
dbo,MailChimpList,ListCategoryID,FK_MailChimpList_MailChimpListCategory_ListCategoryID,dbo,MailChimpListCategory,ListCategoryID
dbo,MailChimpList,CreatedBy,FK_MailChimpList_Users_CreatedBy,dbo,Users,EntityID
dbo,MailChimpList,LastModifiedBy,FK_MailChimpList_Users_LastModifiedBy,dbo,Users,EntityID
dbo,MailChimpList,DeletedBy,FK_MailChimpList_Users_DeletedBy,dbo,Users,EntityID
dbo,MailChimpList,OwnedByOrgID,FK_MailChimpList_Organization_OwnedByOrgID,dbo,Organization,EntityID
dbo,MailChimpListCategory,CreatedBy,FK_MailChimpListCategory_Users_CreatedBy,dbo,Users,EntityID
dbo,MailChimpListCategory,LastModifiedBy,FK_MailChimpListCategory_Users_LastModifiedBy,dbo,Users,EntityID
dbo,MailChimpListCategory,DeletedBy,FK_MailChimpListCategory_Users_DeletedBy,dbo,Users,EntityID
dbo,MailChimpListCategory,OwnedByOrgID,FK_MailChimpListCategory_Organization_OwnedByOrgID,dbo,Organization,EntityID
dbo,MailChimpListMember,ListID,FK_MailChimpListMember_MailChimpList_ListID,dbo,MailChimpList,ListID
dbo,MailChimpListMember,EntityID,FK_MailChimpListMember_EntityContactPreference_EntityID,dbo,EntityContactPreference,EntityID
dbo,MailChimpListMember,CreatedBy,FK_MailChimpListMember_Users_CreatedBy,dbo,Users,EntityID
dbo,MailChimpListMember,LastModifiedBy,FK_MailChimpListMember_Users_LastModifiedBy,dbo,Users,EntityID
dbo,MailChimpListMember,DeletedBy,FK_MailChimpListMember_Users_DeletedBy,dbo,Users,EntityID
dbo,MailChimpListMember,OwnedByOrgID,FK_MailChimpListMember_Organization_OwnedByOrgID,dbo,Organization,EntityID
dbo,MailListQuery,MailListID,FK_MailListQuery_MailList,dbo,MailList,MailListID
dbo,MajorType,CreatedBy,FK_MajorType_Users_CreatedBy,dbo,Users,EntityID
dbo,MajorType,DeletedBy,FK_MajorType_Users_DeletedBy,dbo,Users,EntityID
dbo,MajorType,LastModifiedBy,FK_MajorType_Users_LastModifiedBy,dbo,Users,EntityID
dbo,MajorType,OwnedByOrgID,FK_MajorType_Organization_OwnedByOrgID,dbo,Organization,EntityID
dbo,MajorTypeStep,MajorTypeID,FK_MajorTypeStep_Users_MajorType,dbo,MajorType,MajorTypeID
dbo,MajorTypeStep,CreatedBy,FK_MajorTypeStep_Users_CreatedBy,dbo,Users,EntityID
dbo,MajorTypeStep,DeletedBy,FK_MajorTypeStep_Users_DeletedBy,dbo,Users,EntityID
dbo,MajorTypeStep,LastModifiedBy,FK_MajorTypeStep_Users_LastModifiedBy,dbo,Users,EntityID
dbo,MajorTypeStep,OwnedByOrgID,FK_MajorTypeStep_Organization_OwnedByOrgID,dbo,Organization,EntityID
dbo,MasterReferral,MasterReferralBatchID,FK_MasterReferral_Batch,dbo,MasterReferralBatch,MasterReferralBatchID
dbo,MasterReferral,ReferredEntityID,FK_MasterReferral_ReferredEntity,dbo,Entity,EntityID
dbo,MasterReferral,CreatedBy,FK_MasterReferral_Users,dbo,Users,EntityID
dbo,MasterReferral,EnrollmentID,FK_MasterReferral_Enrollment,dbo,Enrollment,EnrollmentID
dbo,MasterReferral,AccountID,FK_MasterReferral_Account,dbo,Account,AccountID
dbo,MasterReferralBatch,ReferredByEntityID,FK_MasterReferralBatch_ReferredByEntity,dbo,Entity,EntityID
dbo,MasterReferralBatch,ReferFromProviderID,FK_MasterReferralBatch_Provider,dbo,Provider,EntityID
dbo,MasterReferralBatch,ReferFromProgramID,FK_MasterReferralBatch_Program,dbo,Program,ProgramID
dbo,MasterReferralBatch,CreatedBy,FK_MasterReferralBatch_Users,dbo,Users,EntityID
dbo,MasterReferralOutcome,MasterReferralID,FK_MasterReferralOutcome_MasterReferral,dbo,MasterReferral,MasterReferralID
dbo,MasterReferralOutcome,ProviderReferralID,FK_MasterReferralOutcome_ProviderReferralID,dbo,ProviderReferral,ProviderReferralID
dbo,MasterReferralOutcome,ProgramReferralID,FK_MasterReferralOutcome_ProgramReferral,dbo,ProgramReferral,ProgramReferralID
dbo,MasterReferralOutcome,EntityID,FK_MasterReferralOutcome_RecordingEntity,dbo,Entity,EntityID
dbo,MasterReferralOutcome,CaseNoteID,FK_MasterReferralOutcome_CaseNote,dbo,CaseNotes,CaseNoteID
dbo,MasterReferralOutcome,CreatedBy,FK_MasterReferralOutcome_User,dbo,Users,EntityID
dbo,MasterReferralServiceType,MasterReferralID,FK_MasterReferralServiceType_MasterReferral,dbo,MasterReferral,MasterReferralID
dbo,MasterReferralServiceType,ServiceTypeID,FK_MasterReferralServiceType_ServiceType,dbo,ServiceType,ServiceTypeID
dbo,MasterReferralSrvcNeed,MasterReferralID,FK_MasterReferralSrvcNeed_MasterReferralID,dbo,MasterReferral,MasterReferralID
dbo,MasterReferralSrvcNeed,ServiceTypeID,FK_MasterReferralSrvcNeed_ServiceType,dbo,ServiceType,ServiceTypeID
dbo,MasterReferralSrvcNeed,CreatedBy,FK_MasterReferralSrvcNeed_Users,dbo,Users,EntityID
dbo,MatchJunction,ContextTypeID,FK_MatchJunction_ContextTypeID,dbo,ContextType,ContextTypeID
dbo,MatchJunction,MatchContextType,FK_MatchJunction_MatchContextType,dbo,ContextType,ContextTypeID
dbo,MediaRelease,CreatedBy,FK_MediaRelease_Users,dbo,Users,EntityID
dbo,MediaRelease,EntityID,FK_MediaRelease_Entity,dbo,Entity,EntityID
dbo,MedicationAdmin,ClientID,FK_MedicationAdmin_ClientID,dbo,Client,EntityID
dbo,MedicationAdmin,DisbursingUserID,FK_MedicationAdmin_DisbursingUserID,dbo,Users,EntityID
dbo,MedicationAdmin,CaseNoteID,FK_MedicationAdmin_CaseNotes,dbo,CaseNotes,CaseNoteID
dbo,MedicationAdmin,LastModifiedBy,FK_MedicationAdmin_LastModifiedBy,dbo,Users,EntityID
dbo,MedicationAdmin,CreatedBy,FK_MedicationAdmin_CreatedBy,dbo,Users,EntityID
dbo,MedicationAdminMedication,MedicationAdminID,FK_MedicationAdminMedication_MedicationAdminID,dbo,MedicationAdmin,MedicationAdminID
dbo,MedicationAdminMedication,MedicationID,FK_MedicationAdminMedication_MedicationID,dbo,Medications,MedicationID
dbo,MedicationAdminMedication,LastModifiedBy,FK_MedicationAdminMedication_LastModifiedBy,dbo,Users,EntityID
dbo,MedicationAdminMedication,CreatedBy,FK_MedicationAdminMedication_CreatedBy,dbo,Users,EntityID
dbo,MedicationAdminMedication,MedicationRefillID,FK_MedicationAdminMedication_MedicationRefillID,dbo,MedicationRefill,MedicationRefillID
dbo,MedicationAdminMedication,ResourceUsageEnrollMedicationID,FK_MedicationAdminMedication_ResourceUsageEnrollMedication,dbo,ResourceUsageEnrollMedication,ResourceUsageEnrollMedicationID
dbo,MedicationAdminMedication,EntityID,FK_MedicationAdminMedication_Entity,dbo,Entity,EntityID
dbo,MedicationAdminMedicationOtherInfo,MedicationAdminMedicationID,FK_MedicationAdminMedicationOtherInfo_MedicationAdminMedicationID,dbo,MedicationAdminMedication,MedicationAdminMedicationID
dbo,MedicationMasterRefill,MedicationID,FK_MedicationMasterRefill_MedicationID,dbo,Medications,MedicationID
dbo,MedicationMasterRefill,CreatedBy,FK_MedicationMasterRefill_Users,dbo,Users,EntityID
dbo,MedicationPurpose,MedicationID,FK_MedicationPurpose_Medication,dbo,Medications,MedicationID
dbo,MedicationRefill,PharmacyProviderID,FK_MedicationRefill_PharmacyProviderID,dbo,Provider,EntityID
dbo,MedicationRefill,CreatedBy,FK_MedicationRefill_Users,dbo,Users,EntityID
dbo,MedicationRefill,MedicationMasterRefillID,FK_MedicationRefill_MedicationMasterRefillID,dbo,MedicationMasterRefill,MedicationMasterRefillID
dbo,MedicationRefillOtherInfo,MedicationRefillID,FK_MedicationRefillOtherInfo_MedicationRefillID,dbo,MedicationRefill,MedicationRefillID
dbo,Medications,ClientID,FK_Medications_Client,dbo,Client,EntityID
dbo,Medications,MedicationTypeID,FK_Medications_MedicationType,dbo,MedicationType,MedicationTypeID
dbo,Medications,CaseNoteID,FK_Medications_CaseNotes,dbo,CaseNotes,CaseNoteID
dbo,Medications,UserIDHolding,FK_Medications_Users,dbo,Users,EntityID
dbo,Medications,CreatedBy,FK_Medications_Users1,dbo,Users,EntityID
dbo,Medications,Physician,FK_Medications_Provider,dbo,Provider,EntityID
dbo,MedicationsOtherInfo,MedicationID,FK_MedicationsOtherInfo_MedicationID,dbo,Medications,MedicationID
dbo,MedicationType,CreatedBy,FK_MedicationType_Users,dbo,Users,EntityID
dbo,MentalHealthHistory,EntityID,FK_MentalHealthHistory_Entity,dbo,Entity,EntityID
dbo,MentalHealthHistory,EnrollmentID,FK_MentalHealthHistory_Enrollment,dbo,Enrollment,EnrollmentID
dbo,MentalHealthHistory,CreatedBy,FK_MentalHealthHistory_CreatedBy,dbo,Users,EntityID
dbo,MentalHealthHistoryEvents,MentalHealthHistoryID,FK_MentalHealthHistoryEvents_MentalHealthHistory,dbo,MentalHealthHistory,MentalHealthHistoryID
dbo,Menu,EntityTypeID,FK_Menu_EntityType,dbo,EntityType,EntityTypeID
dbo,Menu,RoleID,FK_Menu_RoleDefinition,dbo,RoleDefinition,RoleID
dbo,MenuRule,MenuID,FK_MenuRule_Menu,dbo,Menu,MenuID
dbo,MenuRule,RuleID,FK_MenuRule_Rule,dbo,Rule,RuleID
dbo,MergedClients,MergedClientSummID,FK_MergedClients_MergedClientSumm,dbo,MergedClientSumm,MergedClientSummID
dbo,MergedClientSumm,NewFamilyID,FK_MergedClientSumm_Family1,dbo,Family,FamilyID
dbo,MergedClientSumm,CreatedBy,FK_MergedClientSumm_Users1,dbo,Users,EntityID
dbo,MergedEnrollments,MergedClientsID,FK_MergedEnrollments_MergedClientsID,dbo,MergedClients,MergedClientsID
dbo,MergedEnrollments,MergedClientSummID,FK_MergedEnrollments_MergedClientSumm,dbo,MergedClientSumm,MergedClientSummID
dbo,MergedError,MergedClientSummID,FK_MergedError_MergedClientSumm,dbo,MergedClientSumm,MergedClientSummID
dbo,MergedError,CreatedBy,FK_MergedError_Users1,dbo,Users,EntityID
dbo,MergeTableSync,CreatedBy,FK_MergeTableSync_Entity1,dbo,Users,EntityID
dbo,MergeTableSync,LastModifiedBy,FK_MergeTableSync_Entity2,dbo,Entity,EntityID
dbo,MergeTableSyncStatus,MergedClientsID,FK_MergeTableSyncStatus_MergedClients,dbo,MergedClients,MergedClientsID
dbo,Mortgage,LenderID,FK_Mortgage_LenderID,dbo,Provider,EntityID
dbo,Mortgage,EnrollmentID,FK_Mortgage_Enrollment,dbo,Enrollment,EnrollmentID
dbo,MortgageRateFactor,CreatedBy,FK_MortgageRateFactor_Users,dbo,Users,EntityID
dbo,MultiSelectValue,ListID,FK_MultiSelectValue_Lists,dbo,Lists,ListID
dbo,MultiSelectValue,CreatedBy,FK_MultiSelectValue_Users,dbo,Users,EntityID
dbo,NAICSType,CategoryID,FK_NAICSType_NAICSTypeCategory,dbo,NAICSTypeCategory,CategoryID
dbo,NAICSType,OrgGroupID,FK_NAICSType_OrgGroup,dbo,OrgGroup,OrgGroupID
dbo,NewJobHistory,CreatedBy,FK_NewJobHistory_Users,dbo,Users,EntityID
dbo,NewsFeed,NewsFeedTypeID,FK_NewsFeed_NewsFeedType,dbo,NewsFeedType,NewsFeedTypeID
dbo,NewsFeed,CreatedBy,FK_NewsFeed_Users,dbo,Users,EntityID
dbo,NonAssessmentType,FormID,FK_NonAssessmentType_Form,dbo,Form,FormID
dbo,NonAssessmentType,CreatedBy,FK_NonAssessmentType_Users,dbo,Users,EntityID
dbo,NonEntitySecurity,CreatedBy,FK_NonEntitySecurity_Users,dbo,Users,EntityID
dbo,NPICategory,NPIRomaID,FK_NPICategory_NPIRoma,dbo,NPIRoma,NPIRomaID
dbo,NPIList,NPITypeID,FK_NPIList_NPIType,dbo,NPIType,NPITypeID
dbo,NPIListGoalType,NPIListID,FK_NPIListGoalType_NPIList,dbo,NPIList,NPIListID
dbo,NPIListGoalType,GoalTypeID,FK_Issue_GoalType,dbo,GoalType,GoalTypeID
dbo,NPIOrganization,NPIRomaID,FK_NPIOrganization_Roma,dbo,NPIRoma,NPIRomaID
dbo,NPIOrganization,EntityID,FK_NPIOrganization_Entity,dbo,Entity,EntityID
dbo,NPIProgram,NPIRomaID,FK_NPIProgram_Roma,dbo,NPIRoma,NPIRomaID
dbo,NPIRoma,OrgGroupID,FK_NPICategory_OrgGroup,dbo,OrgGroup,OrgGroupID
dbo,NPIService,NPIListID,FK_NPIService_NPIList,dbo,NPIList,NPIListID
dbo,NPIType,NPICategoryID,FK_NPIType_NPICategory,dbo,NPICategory,NPICategoryID
dbo,Observation,EntityID,FK_Observation_Entity,dbo,Entity,EntityID
dbo,Observation,CreatedBy,FK_Observation_Users,dbo,Users,EntityID
dbo,ObservationArea,ObservationID,FK_ObservationArea_Observation,dbo,Observation,ObservationID
dbo,Opportunity,LeadID,FK_Opportunity_Lead_LeadID,dbo,Lead,LeadID
dbo,Opportunity,OutcomeID,FK_Opportunity_Outcome_OutcomeID,dbo,Outcome,OutcomeID
dbo,Opportunity,CreatedBy,FK_Opportunity_Users_CreatedBy,dbo,Users,EntityID
dbo,Opportunity,LastModifiedBy,FK_Opportunity_Users_LastModifiedBy,dbo,Users,EntityID
dbo,Opportunity,DeletedBy,FK_Opportunity_Users_DeletedBy,dbo,Users,EntityID
dbo,Opportunity,OwnedByOrgID,FK_Opportunity_Organization_OwnedByOrgID,dbo,Organization,EntityID
dbo,Organization,EntityID,FK_Organization_Entity,dbo,Entity,EntityID
dbo,Organization,CreatedBy,FK_Organization_Users,dbo,Users,EntityID
dbo,Organization,DefaultProviderID,FK_Organization_Provider,dbo,Provider,EntityID
dbo,Organization,CommHubAdhocServiceTypeID,FK_Organization_CommHubAdhocServiceType,dbo,ServiceType,ServiceTypeID
dbo,OrganizationExt,OrganizationID,FK_OrganizationExt_Organization,dbo,Organization,EntityID
dbo,OrganizationTypeCategory,OrganizationID,FK_OrganizationTypeCategory_Organization,dbo,Organization,EntityID
dbo,OrgAuditTypes,OrganizationID,FK_OrgAuditTypes_Organization,dbo,Organization,EntityID
dbo,OrgGroupMember,OrgGroupID,FK_OrgGroupMember_OrgGroup,dbo,OrgGroup,OrgGroupID
dbo,OrgGroupMember,OrganizationID,FK_OrgGroupMember_Organization,dbo,Organization,EntityID
dbo,Outcome,EntityID,FK_Outcome_Entity,dbo,Entity,EntityID
dbo,Outcome,DomainID,FK_Outcome_OutcomeDomain,dbo,OutcomeDomain,DomainID
dbo,Outcome,ScoreID,FK_Outcome_OutcomeScore,dbo,OutcomeScore,ScoreID
dbo,Outcome,CreatedBy,FK_Outcome_Users,dbo,Users,EntityID
dbo,OutcomeDomainExt,OutcomeDomainID,FK_OutcomeDomainExt_OutcomeDomain,dbo,OutcomeDomain,DomainID
dbo,OutcomeDomainNotes,CreatedBy,FK_OutcomeDomainNotes_CreatedBy,dbo,Users,EntityID
dbo,OutcomeDomainNotes,LastModifiedBy,FK_OutcomeDomainNotes_LastModifiedBy,dbo,Users,EntityID
dbo,OutcomeDomainNotes,OwnedByOrgID,FK_OutcomeDomainNotes_OwnedByOrgID,dbo,Organization,EntityID
dbo,OutcomeMatrixScore,DomainTypeCategoryTypeID,FK_OutcomeMatrixScore_DomainTypeCategoryType,dbo,DomainTypeCategoryType,CategoryID
dbo,OutcomeMatrixScore,ScoreRepoID,FK_OutcomeMatrixScore_OutcomeScoreRepo,dbo,OutcomeScoreRepo,ScoreRepoID
dbo,OutcomeMatrixScore,ScoreGroupID,FK_OutcomeMatrixScore_OutcomeScoreGroup,dbo,OutcomeScoreGroup,ScoreGroupID
dbo,OutcomeMatrixScore,CreatedBy,FK_OutcomeMatrixScore_Users,dbo,Users,EntityID
dbo,OutcomeScore,DomainID,FK_OutcomeScore_OutcomeDomain,dbo,OutcomeDomain,DomainID
dbo,OutcomeScore,ScoreRepoID,FK_OutcomeScore_OutcomeScoreRepo,dbo,OutcomeScoreRepo,ScoreRepoID
dbo,OutcomeScore,ScoreGroupID,FK_OutcomeScore_OutcomeScoreGroup,dbo,OutcomeScoreGroup,ScoreGroupID
dbo,OutcomeScore,OutcomeMatrixScoreID,FK_OutcomeScore_OutcomeMatrixScore,dbo,OutcomeMatrixScore,OutcomeMatrixScoreID
dbo,P_ActivityType,OrgGroupID,FK_P_ActivityType_OrgGroupID,dbo,OrgGroup,OrgGroupID
dbo,P_ActivityType,CreatedBy,FK_P_ActivityType_CreatedBy,dbo,Users,EntityID
dbo,P_CourtOrderIntake,EntityID,FK_P_CourtOrderIntake_Entity,dbo,Entity,EntityID
dbo,P_CourtOrderIntakeStoreLoc,P_CourtOrderIntakeID,FK_P_CourtOrderIntakeStoreLoc_P_CourtOrderIntake,dbo,P_CourtOrderIntake,P_CourtOrderIntakeID
dbo,P_CourtOrderIntakeStoreLoc,EntityID,FK_P_CourtOrderIntakeStoreLoc_Entity,dbo,Entity,EntityID
dbo,P_VolunteerIntake,EntityID,FK_P_VolunteerIntake_Entity,dbo,Entity,EntityID
dbo,P_VolunteerIntakeDay,P_VolunteerIntakeID,FK_P_VolunteerIntakeDay_P_VolunteerIntake,dbo,P_VolunteerIntake,P_VolunteerIntakeID
dbo,P_VolunteerIntakeMediaExc,P_VolunteerIntakeID,FK_P_VolunteerIntakeMediaExc_P_VolunteerIntake,dbo,P_VolunteerIntake,P_VolunteerIntakeID
dbo,P_VolunteerIntakeReferred,P_VolunteerIntakeID,FK_P_VolunteerIntakeReferred_P_VolunteerIntake,dbo,P_VolunteerIntake,P_VolunteerIntakeID
dbo,P_VolunteerIntakeStoreLoc,P_VolunteerIntakeID,FK_P_VolunteerIntakeStoreLoc_P_VolunteerIntake,dbo,P_VolunteerIntake,P_VolunteerIntakeID
dbo,P_VolunteerIntakeTime,P_VolunteerIntakeID,FK_P_VolunteerIntakeTime_P_VolunteerIntake,dbo,P_VolunteerIntake,P_VolunteerIntakeID
dbo,P_VolunteerIntakeVitaExt,P_VolunteerIntakeID,FK_P_VolunteerIntakeVitaExt_P_VolunteerIntakeID,dbo,P_VolunteerIntake,P_VolunteerIntakeID
dbo,ParentEntityEntityContact,ParentEntityID,FK_ParentEntityID_Entity,dbo,Entity,EntityID
dbo,ParentEntityEntityContact,EntityContactID,FK_EntityContactID_Entity,dbo,Entity,EntityID
dbo,ParentEntityEntityContact,EntityCategoryID,FK_EntityCategoryID_EntityContactTypeCategoryType,dbo,EntityContactTypeCategoryType,EntityContactTypeCategoryTypeID
dbo,PaymentMethod,ContextTypeID,FK_PaymentMethod_ContextType_ContextTypeID,dbo,ContextType,ContextTypeID
dbo,PaymentMethod,CreatedBy,FK_PaymentMethod_Users_CreatedBy,dbo,Users,EntityID
dbo,PaymentMethod,LastModifiedBy,FK_PaymentMethod_Users_LastModifiedBy,dbo,Users,EntityID
dbo,PaymentMethod,DeletedBy,FK_PaymentMethod_Users_DeletedBy,dbo,Users,EntityID
dbo,PaymentMethodCard,PaymentMethodID,FK_PaymentMethodCard_PaymentMethod_PaymentMethodID,dbo,PaymentMethod,PaymentMethodID
dbo,PaymentMethodCheck,PaymentMethodID,FK_PaymentMethodCheck_PaymentMethod_PaymentMethodID,dbo,PaymentMethod,PaymentMethodID
dbo,PaymentMethodLog,PaymentMethodID,FK_PaymentMethodLog_PaymentMethodID_PaymentMethod_PaymentMethodID,dbo,PaymentMethod,PaymentMethodID
dbo,PaymentMethodLog,CreatedBy,FK_PaymentMethodLog_CreatedBy_Users_EntityID,dbo,Users,EntityID
dbo,PaymentMethodLog,OwnedByOrgID,FK_PaymentMethodLog_OwnedByOrgID_Organization_EntityID,dbo,Organization,EntityID
dbo,PaymentTransaction,PaymentMethodID,FK_PaymentTransaction_PaymentMethod_PaymentMethodID,dbo,PaymentMethod,PaymentMethodID
dbo,PaymentTransaction,ContextTypeID,FK_PaymentTransaction_ContextType_ContextTypeID,dbo,ContextType,ContextTypeID
dbo,PaymentTransaction,CreatedBy,FK_PaymentTransaction_Users_CreatedBy,dbo,Users,EntityID
dbo,PaymentTransaction,LastModifiedBy,FK_PaymentTransaction_Users_LastModifiedBy,dbo,Users,EntityID
dbo,PaymentTransaction,DeletedBy,FK_PaymentTransaction_Users_DeletedBy,dbo,Users,EntityID
dbo,PinPage,RoleID,FK_PinPage_RoleDefinition,dbo,RoleDefinition,RoleID
dbo,PinPage,CreatedBy,FK_PinPage_Users,dbo,Users,EntityID
dbo,PIRProvider,PIRReportInfoID,FK_PIRProvider_PIRReportInfo,dbo,PIRReportInfo,PIRReportInfoID
dbo,PIRReportInfo,OrgGroupID,FK_PIRReportInfo_OrgGroupID,dbo,OrgGroup,OrgGroupID
dbo,PIRReportInfo,CreatedBy,FK_PIRReportInfo_Users,dbo,Users,EntityID
dbo,PITProgramEntry,PITSetupID,FK_PITProgramEntry_PITReportSetup,dbo,PITReportSetup,PITSetupID
dbo,PITProgramEntry,ProgramID,FK_PITProgramEntry_Program,dbo,Program,ProgramID
dbo,PITReportSetup,OrgGroupID,FK_PITReportSetup_OrgGroupID,dbo,OrgGroup,OrgGroupID
dbo,PITReportSetup,CreatedBy,FK_PITReportSetup_Users,dbo,Users,EntityID
dbo,PlannedEncounterGroup,CreatedBy,FK_PlannedEncounterGroup_CreatedBy_Users_EntityID,dbo,Users,EntityID
dbo,PlannedEncounterGroup,DeletedBy,FK_PlannedEncounterGroup_DeletedBy_Users_EntityID,dbo,Users,EntityID
dbo,PlannedEncounterGroup,LastModifiedBy,FK_PlannedEncounterGroup_LastModifiedBy_Users_EntityID,dbo,Users,EntityID
dbo,PlannedEncounterGroup,OwnedByOrgID,FK_PlannedEncounterGroup_OwnedByOrgID_Organization_EntityID,dbo,Organization,EntityID
dbo,PlannedEncounterGroupDependency,PlannedEncounterGroupItemID,FK_PlannedEncounterGroupDependency_PlannedEncounterGroupItemID_PlannedEncounterGroupItem_PlannedEncounterGroupItemID,dbo,PlannedEncounterGroupItem,PlannedEncounterGroupItemID
dbo,PlannedEncounterGroupDependency,DependentOnID,FK_PlannedEncounterGroupDependency_DependentOnID_PlannedEncounterGroupItem_PlannedEncounterGroupItemID,dbo,PlannedEncounterGroupItem,PlannedEncounterGroupItemID
dbo,PlannedEncounterGroupDependency,CreatedBy,FK_PlannedEncounterGroupDependency_CreatedBy_Users_EntityID,dbo,Users,EntityID
dbo,PlannedEncounterGroupDependency,DeletedBy,FK_PlannedEncounterGroupDependency_DeletedBy_Users_EntityID,dbo,Users,EntityID
dbo,PlannedEncounterGroupDependency,LastModifiedBy,FK_PlannedEncounterGroupDependency_LastModifiedBy_Users_EntityID,dbo,Users,EntityID
dbo,PlannedEncounterGroupDependency,OwnedByOrgID,FK_PlannedEncounterGroupDependency_OwnedByOrgID_Organization_EntityID,dbo,Organization,EntityID
dbo,PlannedEncounterGroupItem,EncounterTypeID,FK_PlannedEncounterGroupItem_EncounterTypeID_EncounterType_EncounterTypeID,dbo,EncounterType,EncounterTypeID
dbo,PlannedEncounterGroupItem,PlannedEncounterGroupID,FK_PlannedEncounterGroupItem_PlannedEncounterGroupID_PlannedEncounterGroup_PlannedEncounterGroupID,dbo,PlannedEncounterGroup,PlannedEncounterGroupID
dbo,PlannedEncounterGroupItem,CreatedBy,FK_PlannedEncounterGroupItem_CreatedBy_Users_EntityID,dbo,Users,EntityID
dbo,PlannedEncounterGroupItem,DeletedBy,FK_PlannedEncounterGroupItem_DeletedBy_Users_EntityID,dbo,Users,EntityID
dbo,PlannedEncounterGroupItem,LastModifiedBy,FK_PlannedEncounterGroupItem_LastModifiedBy_Users_EntityID,dbo,Users,EntityID
dbo,PlannedEncounterGroupItem,OwnedByOrgID,FK_PlannedEncounterGroupItem_OwnedByOrgID_Organization_EntityID,dbo,Organization,EntityID
dbo,PlanType,CreatedBy,FK_PlanType_Users,dbo,Users,EntityID
dbo,PlanTypeGoal,PlanTypeID,FK_PlanTypeGoal_PlanType,dbo,PlanType,PlanTypeID
dbo,PlanTypeGoal,GoalTypeID,FK_PlanTypeGoal_GoalType,dbo,GoalType,GoalTypeID
dbo,PlanTypeGoalOutcome,PlanTypeGoalID,FK_PlanTypeGoalOutcome_PlanTypeGoal,dbo,PlanTypeGoal,PlanTypeGoalID
dbo,PlanTypeGoalStep,PlanTypeGoalID,FK_PlanTypeGoalStep_PlanTypeGoal,dbo,PlanTypeGoal,PlanTypeGoalID
dbo,PlanTypeGoalStep,PlanTypeStepID,FK_PlanTypeGoalStep_GoalStepType,dbo,GoalStepType,GoalStepTypeID
dbo,PlanTypeIssue,PlanTypeID,FK_PlanTypeIssue_PlanType,dbo,PlanType,PlanTypeID
dbo,PlanTypeIssue,IssueTypeID,FK_PlanTypeIssue_IssueType,dbo,IssueType,IssueTypeID
dbo,PlanTypeOutcome,PlanTypeID,FK_PlanTypeOutcome_PlanType,dbo,PlanType,PlanTypeID
dbo,PlanTypeOutcome,DomainID,FK_PlanTypeOutcome_OutcomeDomain,dbo,OutcomeDomain,DomainID
dbo,PlanTypeProgram,PlanTypeID,FK_PlanTypeProgram_PlanTypeID,dbo,PlanType,PlanTypeID
dbo,PlanTypeProgram,ProgramID,FK_PlanTypeProgram_ProgramID,dbo,Program,ProgramID
dbo,PlanTypeProgram,CreatedBy,FK_PlanTypeProgram_Users,dbo,Users,EntityID
dbo,Pledge,EntityID,FK_Pledge_Entity,dbo,Entity,EntityID
dbo,Pledge,ProvidedToEntityID,FK_Pledge_ProvidedToEntityID,dbo,Provider,EntityID
dbo,Pledge,InitialContact,FK_Pledge_Entity2,dbo,Entity,EntityID
dbo,Pledge,CampaignID,FK_Pledge_Campaign,dbo,Campaign,CampaignID
dbo,PledgeDetail,PledgeID,FK_PledgeDetail_Entity,dbo,Pledge,PledgeID
dbo,PledgePmtSchedule,PledgeDetailID,FK_PledgePmtSchedule_PledgeDetailID,dbo,PledgeDetail,PledgeDetailID
dbo,PledgePmtSchedule,CreatedBy,FK_PledgePmtSchedule_Users,dbo,Users,EntityID
dbo,PortalRoleSetting,RoleID,FK_PortalRoleSetting_Role,dbo,RoleDefinition,RoleID
dbo,PortalRoleSetting,PortalSettingID,FK_PortalRoleSetting_PortalSetting,dbo,PortalSetting,PortalSettingID
dbo,PortalThemeConfig,RoleID,FK_PortalThemeConfig_RoleDefinition,dbo,RoleDefinition,RoleID
dbo,PortalThemeConfig,CreatedBy,FK_PortalThemeConfig_Entity,dbo,Entity,EntityID
dbo,PortalThemeConfig,LastModifiedBy,FK_PortalThemeConfig_Entity1,dbo,Entity,EntityID
dbo,PovertyServicePricing,CreatedBy,FK_PovertyServicePricing_Users,dbo,Users,EntityID
dbo,PRDReleaseComments,PRDReleaseID,FK_PRDReleaseComments_PRDReleaseID,dbo,PRDRelease,PRDReleaseID
dbo,PRDReleaseComments,UserID,FK_PRDReleaseComments_UserID,dbo,Users,EntityID
dbo,PRDReleaseHotfix,PRDReleaseID,FK_PRDReleaseHotfix_PRDReleaseID,dbo,PRDRelease,PRDReleaseID
dbo,Pregnancy,CreatedBy,FK_Pregnancy_Users,dbo,Users,EntityID
dbo,Pregnancy,EntityID,FK_Pregnancy_Entity,dbo,Entity,EntityID
dbo,PrintFormsCategory,CreatedBy,FK_PrintFormsCategory_CreatedBy,dbo,Users,EntityID
dbo,PrintFormsCategory,LastModifiedBy,FK_PrintFormsCategory_LastModifiedBy,dbo,Users,EntityID
dbo,PrintFormsCategory,DeletedBy,FK_PrintFormsCategory_DeletedBy,dbo,Users,EntityID
dbo,PrintFormsCategory,OwnedByOrgID,FK_PrintFormsCategory_OwnedByOrgID,dbo,Organization,EntityID
dbo,PrintFormsCategoryForm,PrintFormsCategoryID,FK_PrintFormsCategoryForm_PrintFormsCategoryID,dbo,PrintFormsCategory,PrintFormsCategoryID
dbo,PrintFormsCategoryForm,FormID,FK_PrintFormsCategoryForm_FormID,dbo,Form,FormID
dbo,PrintFormsCategoryForm,CreatedBy,FK_PrintFormsCategoryForm_CreatedBy,dbo,Users,EntityID
dbo,PrintFormsCategoryForm,LastModifiedBy,FK_PrintFormsCategoryForm_LastModifiedBy,dbo,Users,EntityID
dbo,PrintFormsCategoryForm,DeletedBy,FK_PrintFormsCategoryForm_DeletedBy,dbo,Users,EntityID
dbo,PrintFormsCategoryForm,OwnedByOrgID,FK_PrintFormsCategoryForm_OwnedByOrgID,dbo,Organization,EntityID
dbo,PrintFormsContext,ContextTypeID,FK_PrintFormsContext_ContextTypeID,dbo,ContextType,ContextTypeID
dbo,PrintFormsContext,FormID,FK_PrintFormsContext_FormID,dbo,Form,FormID
dbo,PrintFormsContext,CreatedBy,FK_PrintFormsContext_Users,dbo,Users,EntityID
dbo,PrisonReentry,ClientID,FK_PrisonReentry_Client,dbo,Client,EntityID
dbo,PrisonReentry,CreatedBy,FK_PrisonReentry_Users,dbo,Users,EntityID
dbo,Probation,EntityID,FK_Probation_Entity,dbo,Entity,EntityID
dbo,Probation,CreatedBy,FK_Probation_Users,dbo,Users,EntityID
dbo,Program,OrgGroupID,FK_Program_OrgGroup,dbo,OrgGroup,OrgGroupID
dbo,Program,CreatedBy,FK_Program_CreatedBy,dbo,Users,EntityID
dbo,ProgramAccount,ProgramID,FK_ProgramAccount_Program,dbo,Program,ProgramID
dbo,ProgramAccount,AccountID,FK_ProgramAccount_Account,dbo,Account,AccountID
dbo,ProgramAccount,CreatedBy,FK_ProgramAccount_CreatedBy,dbo,Users,EntityID
dbo,ProgramAssessment,ProgramID,FK_ProgramAssessment_Program,dbo,Program,ProgramID
dbo,ProgramAssessment,AssessmentTypeID,FK_ProgramAssessment_AssessmentType,dbo,AssessmentType,AssessmentTypeID
dbo,ProgramAssessment,CreatedBy,FK_ProgramAssessment_Users,dbo,Users,EntityID
dbo,ProgramAssessmentEvents,ProgramAssessmentID,FK_ProgramAssessmentEvents_ProgramAssessment,dbo,ProgramAssessment,ProgramAssessmentID
dbo,ProgramAssessmentRule,ProgramAssessmentID,FK_ProgramAssessmentRule_ProgramAssessment,dbo,ProgramAssessment,ProgramAssessmentID
dbo,ProgramBarList,ProgramID,FK_ProgramBarList_Program,dbo,Program,ProgramID
dbo,ProgramBarList,ClientID,FK_ProgramBarList_Client,dbo,Client,EntityID
dbo,ProgramBarList,CreatedBy,FK_ProgramBarList_CreatedBy,dbo,Users,EntityID
dbo,ProgramBilling,ProgramID,FK_ProgramBilling_Program,dbo,Program,ProgramID
dbo,ProgramBilling,CreatedBy,FK_ProgramBilling_Users,dbo,Users,EntityID
dbo,ProgramBudget,FiscalCalendarID,FK_ProgramBudget_FiscalCalendar,dbo,FiscalCalendar,FiscalCalendarID
dbo,ProgramBudget,ProgramID,FK_ProgramBudget_Program,dbo,Program,ProgramID
dbo,ProgramBudget,CreatedBy,FK_ProgramBudget_Users,dbo,Users,EntityID
dbo,ProgramBudget,ProviderID,FK_ProgramBudget_Provider,dbo,Provider,EntityID
dbo,ProgramBudgetDetail,ProgramBudgetID,FK_ProgramBudgetDetail_ProgramBudget,dbo,ProgramBudget,ProgramBudgetID
dbo,ProgramBudgetDetail,FiscalCalendarMonthID,FK_ProgramBudgetDetail_FiscalCalendarMonth,dbo,FiscalCalendarMonth,FiscalCalendarMonthID
dbo,ProgramDocuments,ProgramID,FK_ProgramDocuments_Program,dbo,Program,ProgramID
dbo,ProgramDomainCategory,CategoryID,FK_ProgramDomainCategory_DomainTypeCategoryType,dbo,DomainTypeCategoryType,CategoryID
dbo,ProgramDomainCategory,ProgramID,FK_ProgramDomainCategory_Program,dbo,Program,ProgramID
dbo,ProgramEligibilityResults,EntityID,FK_ProgramEligibilityResults_Client,dbo,Client,EntityID
dbo,ProgramEligibilityResults,CreatedBy,FK_ProgramEligibilityResults_Users,dbo,Users,EntityID
dbo,ProgramEligibilityResults,OrgGroupID,FK_ProgramEligibilityResults_OrgGroup,dbo,OrgGroup,OrgGroupID
dbo,ProgramEligibilityRule,ProgramID,FK_ProgramEligibilityRule_Program,dbo,Program,ProgramID
dbo,ProgramEligibilityRule,EligibilityRuleChainID,FK_ProgramEligibilityRule_ProgramEligibilityRuleChain,dbo,ProgramEligibilityRuleChain,EligibilityRuleChainID
dbo,ProgramEligibilityRule,RuleID,FK_ProgramEligibilityRule_Rule,dbo,Rule,RuleID
dbo,ProgramEligibilityRuleChain,ProgramID,FK_ProgramEligibilityRuleChain_Program,dbo,Program,ProgramID
dbo,ProgramEligibleRule,ProgramID,FK_ProgramEligibleRule_Program,dbo,Program,ProgramID
dbo,ProgramFinancialTypes,ProgramID,FK_ProgramFinancialTypes_Program,dbo,Program,ProgramID
dbo,ProgramFinancialTypes,FinancialTypeID,FK_ProgramFinancialTypes_FinancialType,dbo,FinancialType,FinancialTypeID
dbo,ProgramFinancialTypes,CreatedBy,FK_ProgramFinancialTypes_Users,dbo,Users,EntityID
dbo,ProgramHMIS,ProgramID,FK_ProgramHMIS_Program,dbo,Program,ProgramID
dbo,ProgramHMISParticipate,ProgramID,FK_ProgramHMISParticipate_ProgramID_Program_ProgramID,dbo,Program,ProgramID
dbo,ProgramHMISParticipate,CreatedBy,FK_ProgramHMISParticipate_CreatedBy_Users_EntityID,dbo,Users,EntityID
dbo,ProgramHMISParticipate,DeletedBy,FK_ProgramHMISParticipate_DeletedBy_Users_EntityID,dbo,Users,EntityID
dbo,ProgramHMISParticipate,LastModifiedBy,FK_ProgramHMISParticipate_LastModifiedBy_Users_EntityID,dbo,Users,EntityID
dbo,ProgramNonAssessment,ProgramID,FK_ProgramNonAssessment_Program,dbo,Program,ProgramID
dbo,ProgramNonAssessment,NonAssessmentTypeID,FK_ProgramNonAssessment_NonAssessmentType,dbo,NonAssessmentType,NonAssessmentTypeID
dbo,ProgramNonAssessment,CreatedBy,FK_ProgramNonAssessment_Users,dbo,Users,EntityID
dbo,ProgramNonAssessmentRule,ProgramNonAssessmentID,FK_ProgramNonAssessmentRule_ProgramNonAssessment,dbo,ProgramNonAssessment,ProgramNonAssessmentID
dbo,ProgramOrganizationDetails,ProgramID,FK_ProgramOrganizationDetails_ProgramID_Program_ProgramID,dbo,Program,ProgramID
dbo,ProgramOrganizationDetails,OrganizationID,FK_ProgramOrganizationDetails_OrganizationID_Organization_EntityID,dbo,Organization,EntityID
dbo,ProgramOrganizationDetails,CreatedBy,FK_ProgramOrganizationDetails_CreatedBy_Users_EntityID,dbo,Users,EntityID
dbo,ProgramOrganizationDetails,DeletedBy,FK_ProgramOrganizationDetails_DeletedBy_Users_EntityID,dbo,Users,EntityID
dbo,ProgramOrganizationDetails,LastModifiedBy,FK_ProgramOrganizationDetails_LastModifiedBy_Users_EntityID,dbo,Users,EntityID
dbo,ProgramOutcomes,DomainID,FK_ProgramOutcomes_OutcomeDomain,dbo,OutcomeDomain,DomainID
dbo,ProgramOutcomes,ProgramID,FK_ProgramOutcomes_Program,dbo,Program,ProgramID
dbo,ProgramReferral,MasterReferralID,FK_ProgramReferral_MasterReferral,dbo,MasterReferral,MasterReferralID
dbo,ProgramReferral,CaseNoteID,FK_ProgramReferral_CaseNote,dbo,CaseNotes,CaseNoteID
dbo,ProgramReferral,ProgramID,FK_ProgramReferral_ReferredToProgramID,dbo,Program,ProgramID
dbo,ProgramReferral,EntityID,FK_ProgramReferral_Entity,dbo,Entity,EntityID
dbo,ProgramReferralService,ProgramReferralID,FK_ProgramReferralService_ProgramReferral,dbo,ProgramReferral,ProgramReferralID
dbo,ProgramReferralService,MasterReferralID,FK_ProgramReferralService_MasterReferral,dbo,MasterReferral,MasterReferralID
dbo,ProgramReferralService,ServiceTypeID,FK_ProgramReferralService_ServiceType,dbo,ServiceType,ServiceTypeID
dbo,ProgramReferralService,CreatedBy,FK_ProgramReferralService_Users_CreatedBy,dbo,Users,EntityID
dbo,ProgramReferralService,DeletedBy,FK_ProgramReferralService_Users_DeletedBy,dbo,Users,EntityID
dbo,ProgramReferralService,LastModifiedBy,FK_ProgramReferralService_Users_LastModifiedBy,dbo,Users,EntityID
dbo,ProgramReferralService,OwnedByOrgID,FK_ProgramReferralService_Organization_OwnedByOrgID,dbo,Organization,EntityID
dbo,ProgramReferralServiceType,ProgramReferralID,FK_ProgramReferralServiceType_ProgramReferral,dbo,ProgramReferral,ProgramReferralID
dbo,ProgramReferralServiceType,ServiceTypeID,FK_ProgramReferralServiceType_ServiceType,dbo,ServiceType,ServiceTypeID
dbo,ProgramService,ProgramID,FK_ProgramService_Program,dbo,Program,ProgramID
dbo,ProgramService,ServiceTypeID,FK_ProgramService_ServiceType,dbo,ServiceType,ServiceTypeID
dbo,ProgramService,CreatedBy,FK_ProgramService_Users,dbo,Users,EntityID
dbo,ProgramServiceBillingRate,ProgramServiceID,FK_ProgramServiceBillingRate_ProgramServiceID_ProgramService_ProgramServiceID,dbo,ProgramService,ProgramServiceID
dbo,ProgramServiceBillingRate,CreatedBy,FK_ProgramServiceBillingRate_CreatedBy_Users_EntityID,dbo,Users,EntityID
dbo,ProgramServiceBillingRate,DeletedBy,FK_ProgramServiceBillingRate_DeletedBy_Users_EntityID,dbo,Users,EntityID
dbo,ProgramServiceBillingRate,LastModifiedBy,FK_ProgramServiceBillingRate_LastModifiedBy_Users_EntityID,dbo,Users,EntityID
dbo,ProgramServiceBillingRate,OwnedByOrgID,FK_ProgramServiceBillingRate_OwnedByOrgID_Organization_EntityID,dbo,Organization,EntityID
dbo,ProgramServiceEligibility,ProgramServiceID,FK_ProgramServiceEligibility_ProgramService,dbo,ProgramService,ProgramServiceID
dbo,ProgramServiceEligibility,CreatedBy,FK_ProgramServiceEligibility_Users,dbo,Users,EntityID
dbo,ProgramServiceItem,ProgramServiceID,FK_ProgramServiceItem_ProgramService,dbo,ProgramService,ProgramServiceID
dbo,ProgramServiceItem,AccountID,FK_ProgramServiceItem_Account,dbo,Account,AccountID
dbo,ProgramServiceItem,CreatedBy,FK_ProgramServiceItem_Users,dbo,Users,EntityID
dbo,ProgramServiceMulti,ProgramID,FK_ProgramServiceMulti_Program,dbo,Program,ProgramID
dbo,ProgramServiceMultiService,ProgramServiceMultiID,FK_ProgramServiceMultiService_ProgramServiceMulti,dbo,ProgramServiceMulti,ProgramServiceMultiID
dbo,ProgramServiceRate,ProgramServiceID,FK_ProgramServiceRate_ProgramService,dbo,ProgramService,ProgramServiceID
dbo,ProgramServiceRateMap,ProgramServiceRateID,FK_AssessProgramServiceRateMaps_ProgramServiceRate,dbo,ProgramServiceRate,ProgramServiceRateID
dbo,ProgramServiceRateMap,ServiceTypeID,FK_AssessProgramServiceRateMaps_ServiceType,dbo,ServiceType,ServiceTypeID
dbo,ProgramStationCode,ProgramID,FK_ProgramStationCode_Program,dbo,Program,ProgramID
dbo,ProgramStationCode,VAMCStationCodeID,FK_ProgramStationCode_VAMCStationCodeID,dbo,VAMCStationCodes,VAMCStationCodeID
dbo,ProgramStationCode,CreatedBy,FK_ProgramStationCode_CreatedBy,dbo,Users,EntityID
dbo,programTypeCategory,programID,FK_AssessprogramTypeCategory_program,dbo,Program,ProgramID
dbo,ProgramWaitList,ProgramID,FK_ProgramWaitList_Program,dbo,Program,ProgramID
dbo,ProgramWaitList,ClientID,FK_ProgramWaitList_Client,dbo,Client,EntityID
dbo,ProgramWaitList,CreatedBy,FK_ProgramWaitList_CreatedBy,dbo,Users,EntityID
dbo,ProgramWaitList,ServiceTypeID,FK_ProgramWaitList_ServiceType,dbo,ServiceType,ServiceTypeID
dbo,ProgramWaitList,EligibilityResultsID,FK_ProgramWaitList_EligibilityResultsID,dbo,ProgramEligibilityResults,EligibilityResultsID
dbo,ProgramWaitList,OrganizationID,FK_ProgramWaitList_Organization,dbo,Organization,EntityID
dbo,ProgramWaitList,EntityID,FK_ProgramWaitList_Entity,dbo,Entity,EntityID
dbo,ProgressReport,EntityID,FK_ProgressReport_EntityID_Entity_EntityID,dbo,Entity,EntityID
dbo,ProgressReport,ContextTypeID,FK_ProgressReport_ContextTypeID_ContextType_ContextTypeID,dbo,ContextType,ContextTypeID
dbo,ProgressReport,UserID,FK_ProgressReport_UserID_Users_EntityID,dbo,Users,EntityID
dbo,ProgressReport,CaseNoteID,FK_ProgressReport_CaseNoteID_CaseNotes_CaseNoteID,dbo,CaseNotes,CaseNoteID
dbo,ProgressReport,CreatedBy,FK_ProgressReport_CreatedBy_Users_EntityID,dbo,Users,EntityID
dbo,ProgressReport,DeletedBy,FK_ProgressReport_DeletedBy_Users_EntityID,dbo,Users,EntityID
dbo,ProgressReport,LastModifiedBy,FK_ProgressReport_LastModifiedBy_Users_EntityID,dbo,Users,EntityID
dbo,ProgressReport,OwnedByOrgID,FK_ProgressReport_OwnedByOrgID_Organization_EntityID,dbo,Organization,EntityID
dbo,Project,EntityID,FK_Project_Entity1,dbo,Entity,EntityID
dbo,Project,ProjectManagerID,FK_Project_Entity2,dbo,Entity,EntityID
dbo,Project,SalesPersonID,FK_Project_Entity3,dbo,Entity,EntityID
dbo,Project,ResourceID,FK_Project_Resource,dbo,Resource,ResourceID
dbo,Project,AssignedTo,FK_Project_AssignedTo,dbo,Entity,EntityID
dbo,ProjectTask,ProjectID,FK_ProjectTask_Project,dbo,Project,ProjectID
dbo,ProjectTask,ServiceTypeID,FK_ProjectTask_ServiceType,dbo,ServiceType,ServiceTypeID
dbo,ProjectTask,EntityID,FK_ProjectTask_Entity,dbo,Entity,EntityID
dbo,ProjectTask,CreatedBy,FK_ProjectTask_Users,dbo,Users,EntityID
dbo,ProjectTaskMeasures,ProjectTaskID,FK_ProjectTaskMeasures_ProjectTaskID,dbo,ProjectTask,ProjectTaskID
dbo,ProjectTaskMeasures,CreatedBy,FK_ProjectTaskMeasures_CreatedBy_Users_EntityID,dbo,Users,EntityID
dbo,ProjectTaskMeasures,DeletedBy,FK_ProjectTaskMeasures_DeletedBy_Users_EntityID,dbo,Users,EntityID
dbo,ProjectTaskMeasures,LastModifiedBy,FK_ProjectTaskMeasures_LastModifiedBy_Users_EntityID,dbo,Users,EntityID
dbo,ProjectTaskMeasures,OwnedByOrgID,FK_ProjectTaskMeasures_OwnedByOrgID_Organization_EntityID,dbo,Organization,EntityID
dbo,ProjectTransaction,ProjectTaskID,FK_ProjectTransaction_ProjectTask,dbo,ProjectTask,ProjectTaskID
dbo,ProjectTransaction,EntityID,FK_ProjectTransaction_Entity1,dbo,Entity,EntityID
dbo,ProjectTransaction,IssueTrackingID,FK_ProjectTransaction_IssueTracking,dbo,IssueTracking,IssueTrackingID
dbo,ProjectTransaction,CostCenterID,FK_ProjectTransaction_TimeCostCenters,dbo,TimeCostCenters,CostCenterID
dbo,ProjectTransaction,EntityExpenseID,FK_ProjectTransaction_EntityExpense,dbo,EntityExpense,EntityExpenseID
dbo,ProjectTransactionExt,ProjectTransactionID,FK_ProjectTransactionExt_ProjectTransaction,dbo,ProjectTransaction,ProjectTransactionID
dbo,ProjectTransactionExt,CreatedBy,FK_ProjectTransactionExt_Users1,dbo,Users,EntityID
dbo,ProjectTransactionExt,DeletedBy,FK_ProjectTransactionExt_Users2,dbo,Users,EntityID
dbo,ProjectTransactionExt,LastModifiedBy,FK_ProjectTransactionExt_Users3,dbo,Users,EntityID
dbo,Proposal,EntityID,FK_Proposal_Entity,dbo,Entity,EntityID
dbo,Proposal,CreatedBy,FK_Proposal_Users,dbo,Users,EntityID
dbo,Provider,EntityID,FK_Provider_Entity,dbo,Entity,EntityID
dbo,Provider,OrganizationID,FK_Provider_Organization,dbo,Organization,EntityID
dbo,Provider,DefaultAMIID,FK_Provider_AreaMedianIncome,dbo,AreaMedianIncome,AMIID
dbo,Provider,CreatedBy,FK_Provider_Users,dbo,Users,EntityID
dbo,Provider,ParentEntityID,FK_Provider_ParentEntityID,dbo,Entity,EntityID
dbo,ProviderComponentServiceType,ProviderID,FK_ComponentServiceProvider_Provider_Provider_EntityID,dbo,Provider,EntityID
dbo,ProviderComponentServiceType,ServiceTypeID,FK_ComponentServiceProvider_ServiceTypeID_ServiceType_ServiceTypeID,dbo,ServiceType,ServiceTypeID
dbo,ProviderComponentServiceType,ComponentTypeID,FK_ComponentServiceProvider_ComponentTypeID_ComponentType_ComponentTypeID,dbo,ComponentType,ComponentTypeID
dbo,ProviderComponentServiceType,CreatedBy,FK_ComponentServiceType_CreatedBy_Users_EntityID,dbo,Users,EntityID
dbo,ProviderContact,ProviderID,FK_ProviderContact_Provider,dbo,Provider,EntityID
dbo,ProviderContract,ProvidedByEntity,FK_ProviderContract_Entity1,dbo,Entity,EntityID
dbo,ProviderContract,ProvidedToEntity,FK_ProviderContract_Entity2,dbo,Entity,EntityID
dbo,ProviderContract,ProvidedByProviderID,FK_ProviderContract_Provider,dbo,Provider,EntityID
dbo,ProviderContract,FiscalCalendarID,FK_ProviderContract_FiscalCalendar1,dbo,FiscalCalendar,FiscalCalendarID
dbo,ProviderContract,CreatedBy,FK_ProviderContract_Users,dbo,Users,EntityID
dbo,ProviderContractGroup,CreatedBy,FK_ProviderContractGroup_Users,dbo,Users,EntityID
dbo,ProviderContractGroupHis,ProviderContractGroupID,FK_ProviderContractGroupHis_ProviderContractGroup,dbo,ProviderContractGroup,ProviderContractGroupID
dbo,ProviderContractGroupHis,CreatedBy,FK_ProviderContractGroupHis_Users,dbo,Users,EntityID
dbo,ProviderContractHold,ProviderContractItemID,FK_ProviderContractHold_ProviderContractItem,dbo,ProviderContractItem,ProviderContractItemID
dbo,ProviderContractItem,ProviderContractID,FK_ProviderContractItem_ProviderContract,dbo,ProviderContract,ProviderContractID
dbo,ProviderContractItem,AccountID,FK_ProviderContractItem_Account1,dbo,Account,AccountID
dbo,ProviderContractItem,ServiceTypeID,FK_ProviderContractItem_ServiceType,dbo,ServiceType,ServiceTypeID
dbo,ProviderContractItem,CreatedBy,FK_ProviderContractItem_Users,dbo,Users,EntityID
dbo,ProviderContractItem,ProgramServiceItemID,FK_ProviderContractItem_ProgramServiceItem,dbo,ProgramServiceItem,ProgramServiceItemID
dbo,ProviderContractItem,MedWaiverTypeID,FK_ProviderContractItem_MedWaiverType,dbo,MedWaiverType,MedWaiverTypeID
dbo,ProviderCRM,ProviderID,FK_ProviderCRM_Provider_ProviderID,dbo,Provider,EntityID
dbo,ProviderCRM,CreatedBy,FK_ProviderCRM_Users_CreatedBy,dbo,Users,EntityID
dbo,ProviderCRM,LastModifiedBy,FK_ProviderCRM_Users_LastModifiedBy,dbo,Users,EntityID
dbo,ProviderCRM,DeletedBy,FK_ProviderCRM_Users_DeletedBy,dbo,Users,EntityID
dbo,ProviderCRM,OwnedByOrgID,FK_ProviderCRM_Organization_OwnedByOrgID,dbo,Organization,EntityID
dbo,ProviderEmail,ProviderID,FK_ProviderEmail_Provider,dbo,Provider,EntityID
dbo,ProviderExtension,ProviderID,FK_ProviderExtension_ProviderID,dbo,Provider,EntityID
dbo,ProviderGrantee,ProviderID,FK_ProviderGrantee_Provider,dbo,Provider,EntityID
dbo,ProviderHCS,ProviderID,FK_ProviderHCS_Provider,dbo,Provider,EntityID
dbo,ProviderHMIS,ProviderID,FK_ProviderHMIS_Provider,dbo,Provider,EntityID
dbo,ProviderInsuranceExtension,ProviderID,FK_ProviderInsuranceExtension_ProviderID,dbo,Provider,EntityID
dbo,ProviderInsuranceExtension,UnitValueTypeCategoryTypeID,FK_ProviderInsuranceExtension_UnitValueTypeCategoryType,dbo,UnitValueTypeCategoryType,CategoryID
dbo,ProviderProgramUsage,ProviderID,FK_ProviderProgramUsage_Provider,dbo,Provider,EntityID
dbo,ProviderProgramUsage,ProgramID,FK_ProviderProgramUsage_Program,dbo,Program,ProgramID
dbo,ProviderProperty,ProviderID,FK_ProviderProperty_Provider,dbo,Provider,EntityID
dbo,ProviderProperty,CreatedBy,FK_ProviderProperty_Users,dbo,Users,EntityID
dbo,ProviderPropertyHistory,ProviderPropertyID,FK_ProviderPropertyHistory_ProviderProperty,dbo,ProviderProperty,ProviderPropertyID
dbo,ProviderPropertyHistory,CreatedBy,FK_ProviderPropertyHistory_Users,dbo,Users,EntityID
dbo,ProviderPropertyUtility,ProviderPropertyID,FK_AssessProviderPropertyUtility_ProviderProperty,dbo,ProviderProperty,ProviderPropertyID
dbo,ProviderReferral,ClientID,FK_ProviderReferral_Client,dbo,Entity,EntityID
dbo,ProviderReferral,ReferFromProviderID,FK_ProviderReferral_Provider,dbo,Provider,EntityID
dbo,ProviderReferral,ReferToProviderID,FK_ProviderReferral_Provider1,dbo,Provider,EntityID
dbo,ProviderReferral,ReferToUserID,FK_ProviderReferral_Users,dbo,Users,EntityID
dbo,ProviderReferral,ServiceTypeID,FK_ProviderReferral_ServiceType,dbo,ServiceType,ServiceTypeID
dbo,ProviderReferral,CreatedBy,FK_ProviderReferral_Users1,dbo,Users,EntityID
dbo,ProviderReferral,ObligationStepID,FK_ProviderReferral_ApprovalObligationStep,dbo,ApprovalObligationStep,ObligationStepID
dbo,ProviderReferral,ReferralProcessID,FK_ProviderReferral_ApprovalObligationProcess,dbo,ApprovalObligationProcess,ObligationProcessID
dbo,ProviderReferral,EnrollmentID,FK_ProviderReferral_Enrollment,dbo,Enrollment,EnrollmentID
dbo,ProviderReferral,ReferralOtherID,FK_ProviderReferral_ProviderReferralOther,dbo,ProviderReferralOther,ReferralOtherID
dbo,ProviderReferral,JobProcessitemID,FK_ProviderReferral_JobProcessItem,dbo,JobProcessItem,JobProcessItemID
dbo,ProviderReferral,AccountID,FK_ProviderReferral_Account,dbo,Account,AccountID
dbo,ProviderReferral,ProviderReferralParentID,FK_ProviderReferral_ProviderReferralParent,dbo,ProviderReferralParent,ProviderReferralParentID
dbo,ProviderReferral,ServiceAuthoEligibilityID,FK_ProviderReferral_ServiceAuthoEligibility,dbo,ServiceAuthoEligibility,ServiceAuthoEligibilityID
dbo,ProviderReferral,ServiceEligibilityID,FK_ProviderReferral_ServiceEligibility,dbo,ServiceEligibility,ServiceEligibilityID
dbo,ProviderReferral,MasterReferralID,FK_ProviderReferral_MasterReferralID,dbo,MasterReferral,MasterReferralID
dbo,ProviderReferralExt,ProviderReferralID,FK_ProviderReferralExt_ProviderReferralID,dbo,ProviderReferral,ProviderReferralID
dbo,ProviderReferralHold,ProviderReferralID,FK_ProviderReferralHold_ProviderReferral,dbo,ProviderReferral,ProviderReferralID
dbo,ProviderReferralHold,OnHoldByUserID,FK_ProviderReferralHold_Users,dbo,Users,EntityID
dbo,ProviderReferralHold,ReleasedByUserID,FK_ProviderReferralHold_Users1,dbo,Users,EntityID
dbo,ProviderReferralOther,ProviderID,FK_ProviderReferralOther_Provider,dbo,Provider,EntityID
dbo,ProviderReferralParentAlter,ProviderReferralParentID,FK_ProviderReferralParentAlter_ProviderReferralParent,dbo,ProviderReferralParent,ProviderReferralParentID
dbo,ProviderReferralService,ProviderReferralID,FK_ProviderReferralService_ProviderReferral,dbo,ProviderReferral,ProviderReferralID
dbo,ProviderReferralServiceType,ProviderReferralID,FK_ProviderReferralServiceType_ProviderReferral,dbo,ProviderReferral,ProviderReferralID
dbo,ProviderReferralServiceType,ServiceTypeID,FK_ProviderReferralServiceType_ServiceType,dbo,ServiceType,ServiceTypeID
dbo,ProviderReferralVoucher,ProviderReferralID,FK_ProviderReferralVoucher_ProviderReferral,dbo,ProviderReferral,ProviderReferralID
dbo,ProviderReferralVoucher,VoucherAuthorizedBy,FK_ProviderReferralVoucher_Users,dbo,Users,EntityID
dbo,ProviderReferralVoucher,ServiceAuthorizationID,FK_ProviderReferralVoucher_ServiceAuthorization,dbo,ServiceAuthorization,ServiceAuthorizationID
dbo,ProviderReferralVoucher,AccountID,FK_ProviderReferralVoucher_Account,dbo,Account,AccountID
dbo,ProviderReferralVoucher,TimeID,FK_ProviderReferralVoucher_TimeEntry,dbo,TimeEntry,TimeID
dbo,ProviderRegion,ProviderID,FK_ProviderRegion_Provider,dbo,Provider,EntityID
dbo,ProviderService,ServiceTypeID,FK_ProviderService_ServiceType,dbo,ServiceType,ServiceTypeID
dbo,ProviderService,ProviderID,FK_ProviderService_Provider,dbo,Provider,EntityID
dbo,ProviderService,ObligationProcessID,FK_ProviderService_ApprovalObligationProcess,dbo,ApprovalObligationProcess,ObligationProcessID
dbo,ProviderService,ProvideServiceTypeID,FK_ProviderService_ServiceType1,dbo,ServiceType,ServiceTypeID
dbo,ProviderService,CreatedBy,FK_ProviderService_Users,dbo,Users,EntityID
dbo,ProviderServiceExtension,ProviderServiceID,FK_ProviderServiceExtension_ProviderServiceID,dbo,ProviderService,ProviderServiceID
dbo,ProviderServiceRegion,ProviderServiceID,FK_ProviderServiceRegion_ProviderService,dbo,ProviderService,ProviderServiceID
dbo,ProviderServiceRegion,ProviderRegionID,FK_ProviderServiceRegion_ProviderRegion,dbo,ProviderRegion,ProviderRegionID
dbo,ProviderTeams,ApprovalGroupID,FK_ProviderTeams_ApprovalGroup,dbo,ApprovalGroup,ApprovalGroupID
dbo,ProviderTeams,ProviderID,FK_ProviderTeams_Provider,dbo,Provider,EntityID
dbo,ProviderTeams,CreatedBy,FK_ProviderTeams_Users,dbo,Users,EntityID
dbo,ProviderTypeCategory,EntityID,FK_AssessProviderTypeCategory_Provider,dbo,Entity,EntityID
dbo,Query,QueryCateogry,FK_Query_QueryCategory,dbo,QueryCategory,QueryCategoryID
dbo,Query,CreatedBy,FK_Query_Users,dbo,Users,EntityID
dbo,Query,DeletedBy,FK_Query_DeletedBy_Users_EntityID,dbo,Users,EntityID
dbo,QueryFilter,QueryID,FK_QueryFilter_Query,dbo,Query,QueryID
dbo,QueryFilter,RuleID,FK_QueryFilter_Rule,dbo,Rule,RuleID
dbo,QueryFilter,QueryTableID,FK_QueryFilter_QueryTable,dbo,QueryTable,QueryTableID
dbo,QueryHistory,QueryID,FK_QueryHistory_QueryID_Query_QueryID,dbo,Query,QueryID
dbo,QueryHistory,CheckoutBy,FK_QueryHistory_CheckoutBy_Users_EntityID,dbo,Users,EntityID
dbo,QueryHistory,CheckinBy,FK_QueryHistory_CheckinBy_Users_EntityID,dbo,Users,EntityID
dbo,QueryKeywordMapping,QueryID,FK_QueryKeywordMapping_QueryID_Query_QueryID,dbo,Query,QueryID
dbo,QueryKeywordMapping,KeywordID,FK_QueryKeywordMapping_KeywordID_QueryKeyword_KeywordID,dbo,QueryKeyword,KeywordID
dbo,QueryParameter,QueryID,FK_QueryParameter_Query,dbo,Query,QueryID
dbo,QuerySelect,QueryID,FK_QuerySelect_Query,dbo,Query,QueryID
dbo,QuerySelect,ListID,FK_QuerySelect_Lists,dbo,Lists,ListID
dbo,QueryTable,QueryID,FK_QueryTable_Query,dbo,Query,QueryID
dbo,Question,QuestionTypeID,FK_Question_QuestionType,dbo,QuestionType,QuestionTypeID
dbo,Question,EntityID,FK_Question_Entity,dbo,Entity,EntityID
dbo,Question,EnrollmentID,FK_Question_Enrollment,dbo,Enrollment,EnrollmentID
dbo,Question,CreatedBy,FK_Question_Users,dbo,Users,EntityID
dbo,QuestionAnswer,QuestionTypeID,FK_QuestionAnswer_QuestionAnswerType,dbo,QuestionType,QuestionTypeID
dbo,QuestionAnswer,AnswerTypeID,FK_QuestionAnswer_AnswerType,dbo,AnswerType,AnswerTypeID
dbo,QuestionJunction,CreatedBy,FK_QuestionJunction_CreatedBy,dbo,Users,EntityID
dbo,QuestionMulti,QuestionID,FK_QuestionMulti_Question,dbo,Question,QuestionID
dbo,QuestionType,QuestionCategoryTypeID,FK_QuestionType_QuestionTypeCategory,dbo,QuestionTypeCategory,QuestionTypeCategoryID
dbo,QuestionType,OrgGroupID,FK_QuestionType_OrgGroup,dbo,OrgGroup,OrgGroupID
dbo,QuestionType,AnswerTypeCategoryID,FK_QuestionType_AnswerType,dbo,AnswerTypeCategory,AnswerCategoryID
dbo,QuestionType,SurveyListID,FK_QuestionType_SurveyListID,dbo,Lists,ListID
dbo,QuizSurveyQuestion,QuestionTypeID,FK_QuizSurveyQuestion_QuestionType,dbo,QuestionType,QuestionTypeID
dbo,QuizSurveyQuestion,CreatedBy,FK_QuizSurveyQuestion_CreatedBy,dbo,Users,EntityID
dbo,QuizSurveyResults,QuestionTypeID,FK_QuizSurveyResults_QuestionType,dbo,QuestionType,QuestionTypeID
dbo,QuizSurveyResults,CreatedBy,FK_QuizSurveyResults_CreatedBy,dbo,Users,EntityID
dbo,RaceSubGroup,EntityID,FK_RaceSubGroup_Entity,dbo,Entity,EntityID
dbo,RandomizerRequirements,ContextTypeID,FK_RandomizerRequirements_ContextTypeID,dbo,ContextType,ContextTypeID
dbo,RandomizerRequirements,CreatedBy,FK_RandomizerRequirements_Users,dbo,Users,EntityID
dbo,RateSchedule,ProgramServiceRateID,FK_RateSchedule_ProgramServiceRate,dbo,ProgramServiceRate,ProgramServiceRateID
dbo,Rating,EntityID,FK_Rating_Entity,dbo,Entity,EntityID
dbo,Rating,CreatedBy,FK_Rating_Users,dbo,Users,EntityID
dbo,RatingItem,DomainID,FK_RatingItem_OutcomeDomain,dbo,OutcomeDomain,DomainID
dbo,RatingItem,ScoreID,FK_RatingItem_OutcomeScore,dbo,OutcomeScore,ScoreID
dbo,RatingItem,CreatedBy,FK_RatingItem_Users,dbo,Users,EntityID
dbo,ref_lsaColumns,FileNumber,FK_ref_lsaColumns_ref_lsaFiles,dbo,ref_lsaFiles,FileNumber
dbo,ref_lsaValues,FileNumber,FK_ref_lsaValues_ref_lsaColumns,dbo,ref_lsaColumns,FileNumber
dbo,ref_lsaValues,ColumnNumber,FK_ref_lsaValues_ref_lsaColumns,dbo,ref_lsaColumns,ColumnNumber
dbo,ReferenceCheck,ContextTypeID,FK_ReferenceCheck_ContextTypeID,dbo,ContextType,ContextTypeID
dbo,ReferenceCheck,EntityID,FK_ReferenceCheck_EntityID,dbo,Entity,EntityID
dbo,ReferenceCheck,CreatedBy,FK_ReferenceCheck_Users,dbo,Users,EntityID
dbo,ReferralHMISExtension,CreatedBy,FK_ReferralHMISExtension_Users_CreatedBy,dbo,Users,EntityID
dbo,ReferralHMISExtension,DeletedBy,FK_ReferralHMISExtension_Users_DeletedBy,dbo,Users,EntityID
dbo,ReferralHMISExtension,LastModifiedBy,FK_ReferralHMISExtension_Users_LastModifiedBy,dbo,Users,EntityID
dbo,ReferralHMISExtension,OwnedByOrgID,FK_ReferralHMISExtension_Organization_OwnedByOrgID,dbo,Organization,EntityID
dbo,RefugeeIntake,ClientID,FK_RefugeeIntake_Client,dbo,Client,EntityID
dbo,ReportingHierarchy,CreatedBy,FK_ReportingHierarchy_Users,dbo,Users,EntityID
dbo,ReportingHierarchy,EntityID,FK_ReportingHierarchy_EntityID,dbo,Entity,EntityID
dbo,ReportingHierarchyEntity,ReportingHierarchyID,FK_ReportingHierarchyEntity_ReportingHierarchy,dbo,ReportingHierarchy,ReportingHierarchyID
dbo,ReportingHierarchyEntity,EntityID,FK_ReportingHierarchyEntity_Entity,dbo,Entity,EntityID
dbo,ReportingHierarchyUserEntity,UserID,FK_ReportingHierarchyUserEntity_Users,dbo,Users,EntityID
dbo,ReportingHierarchyUserEntity,EntityID,FK_ReportingHierarchyUserEntity_Entity,dbo,Entity,EntityID
dbo,ReportingPeriod,EntityID,FK_ReportingPeriod_Entity,dbo,Entity,EntityID
dbo,ReportingPeriod,CreatedBy,FK_ReportingPeriod_Users,dbo,Users,EntityID
dbo,ReportInstance,ReportScheduleID,FK_ReportInstance_ReportSchedule,dbo,ReportSchedule,ReportScheduleID
dbo,ReportInstance,CreatedBy,FK_ReportInstance_Users,dbo,Users,EntityID
dbo,ReportSchedule,CreatedBy,FK_ReportSchedule_Users,dbo,Users,EntityID
dbo,ReportScheduleTeam,ReportScheduleID,FK_ReportScheduleTeam_ReportSchedule,dbo,ReportSchedule,ReportScheduleID
dbo,ReportScheduleTeam,TeamID,FK_ReportScheduleTeam_ApprovalGroup,dbo,ApprovalGroup,ApprovalGroupID
dbo,Request,UsageID,FK_Request_ResourceUsage,dbo,ResourceUsage,UsageID
dbo,Request,RecurrencePatternSlotID,FK_Request_RecurrencePatternSlot,dbo,ResourceUsageRecurrenceSlot,RecurrencePatternSlotID
dbo,Request,EntityID,FK_Request_Entity,dbo,Entity,EntityID
dbo,Request,ContextTypeID,FK_Request_ContextType,dbo,ContextType,ContextTypeID
dbo,Request,CreatedBy,FK_Request_Users,dbo,Users,EntityID
dbo,Resource,ProviderID,FK_Resource_Provider,dbo,Provider,EntityID
dbo,Resource,CreatedBy,FK_Resource_Users,dbo,Users,EntityID
dbo,ResourceAbsence,UsageID,FK_ResourceAbsence_ResourceUsage,dbo,ResourceUsage,UsageID
dbo,ResourceAbsence,SlotID,FK_ResourceAbsence_ResourceUsageSlot,dbo,ResourceUsageSlot,SlotID
dbo,ResourceAbsence,EmergencyContactID,FK_ResourceAbsence_Contacts,dbo,Entity,EntityID
dbo,ResourceAbsence,ServiceID,FK_ResourceAbsence_Service,dbo,Service,ServiceID
dbo,ResourceAbsence,EntityID,FK_ResourceAbsence_Entity,dbo,Entity,EntityID
dbo,ResourceBarList,UsageID,FK_ResourceBarList_ResourceUsage,dbo,ResourceUsage,UsageID
dbo,ResourceBarList,ClientID,FK_ResourceBarList_Client,dbo,Client,EntityID
dbo,ResourceBarList,CreatedBy,FK_ResourceBarList_CreatedBy,dbo,Users,EntityID
dbo,ResourceHousing,ResourceID,FK_ResourceHousing_Resource,dbo,Resource,ResourceID
dbo,ResourceHousing,CreatedBy,FK_ResourceHousing_Users,dbo,Users,EntityID
dbo,ResourceHousingInventory,ResourceID,FK_ResourceHousingInventory_Resource,dbo,Resource,ResourceID
dbo,ResourceHousingInventory,CreatedBy,FK_ResourceHousingInventory_Users,dbo,Users,EntityID
dbo,ResourceLog,ResourceID,FK_ResourceLog_Resource,dbo,Resource,ResourceID
dbo,ResourceLog,ResourceID,FK_ResourceLog_Resource1,dbo,Resource,ResourceID
dbo,ResourceLog,CreatedBy,FK_ResourceLog_Users,dbo,Users,EntityID
dbo,ResourceNote,ResourceID,FK_ResourceNote_Resource,dbo,Resource,ResourceID
dbo,ResourceNote,UserUsageID,FK_ResourceNote_UserUsage,dbo,ResourceUsage,UsageID
dbo,ResourceNote,UsageID,FK_ResourceNote_Usage,dbo,ResourceUsage,UsageID
dbo,ResourceNote,RecurrencePatternID,FK_ResourceNote_ResourceUsagePattern,dbo,ResourceUsageRecurrence,RecurrencePatternID
dbo,ResourceNote,SlotID,FK_ResourceNote_ResourceUsageSlot,dbo,ResourceUsageRecurrenceSlot,RecurrencePatternSlotID
dbo,ResourceNote,UserID,FK_ResourceNote_User,dbo,Users,EntityID
dbo,ResourceNote,ServiceID,FK_ResourceNote_Service,dbo,Service,ServiceID
dbo,ResourceNote,EntityID,FK_ResourceNote_Entity,dbo,Entity,EntityID
dbo,ResourceSlotAllocation,EntityID,FK_ResourceSlotAllocation_Entity,dbo,Entity,EntityID
dbo,ResourceSlotAttribute,SlotID,FK_ResourceSlotAttribute_ResourceUsageSlot,dbo,ResourceUsageSlot,SlotID
dbo,ResourceSlotAttribute,SlotAttributeTypeID,FK_ResourceSlotAttribute_ResourceSlotAttrType,dbo,ResourceSlotAttrType,SlotAttributeTypeID
dbo,ResourceUsage,ResourceID,FK_ResourceUsage_Resource,dbo,Resource,ResourceID
dbo,ResourceUsage,AttendeeLookupFormID,FK_ResourceUsage_Form,dbo,Form,FormID
dbo,ResourceUsage,EnrollServiceTypeID,FK_ResourceUsage_ServiceType,dbo,ServiceType,ServiceTypeID
dbo,ResourceUsage,AttendanceServiceTypeID,FK_ResourceUsage_ServiceType1,dbo,ServiceType,ServiceTypeID
dbo,ResourceUsage,CreatedBy,FK_ResourceUsage_CreatedBy,dbo,Users,EntityID
dbo,ResourceUsage,InstructorID,FK_ResourceUsage_Entity,dbo,Entity,EntityID
dbo,ResourceUsage,ProjectID,FK_ResourceUsage_project,dbo,Project,ProjectID
dbo,ResourceUsage,CourseTypeID,FK_ResourceUsage_CourseTypeID,dbo,CourseType,CourseTypeID
dbo,ResourceUsageDefaults,ResourceID,FK_ResourceUsageDefaults_Resource,dbo,Resource,ResourceID
dbo,ResourceUsageDefaults,AttendeeLookupFormID,FK_ResourceUsageDefaults_Form,dbo,Form,FormID
dbo,ResourceUsageDefaults,EnrollServiceTypeID,FK_ResourceUsageDefaults_ServiceType,dbo,ServiceType,ServiceTypeID
dbo,ResourceUsageDefaults,AttendanceServiceTypeID,FK_ResourceUsageDefaults_ServiceType1,dbo,ServiceType,ServiceTypeID
dbo,ResourceUsageDefaults,InstructorID,FK_ResourceUsageDefaults_Entity,dbo,Entity,EntityID
dbo,ResourceUsageDefaults,ProjectID,FK_ResourceUsageDefaults_Project,dbo,Project,ProjectID
dbo,ResourceUsageEnroll,UsageID,FK_ResourceUsageEnroll_ResourceUsage,dbo,ResourceUsage,UsageID
dbo,ResourceUsageEnroll,EntityID,FK_ResourceUsageEnroll_Entity,dbo,Entity,EntityID
dbo,ResourceUsageEnroll,SlotID,FK_ResourceUsageEnroll_ResourceUsageSlot,dbo,ResourceUsageSlot,SlotID
dbo,ResourceUsageEnroll,BillProviderID,FK_ResourceUsageEnroll_Provider,dbo,Provider,EntityID
dbo,ResourceUsageEnroll,CreatedBy,FK_ResourceUsageEnroll_Users,dbo,Users,EntityID
dbo,ResourceUsageEnroll,LeaseID,FK_ResourceUsageEnroll_Lease,dbo,AssessHousingLease,AssessmentID
dbo,ResourceUsageEnrollFoster,UsageEnrollmentID,FK_ResourceUsageEnrollFoster_UsageEnrollmentID,dbo,ResourceUsageEnroll,UsageEnrollmentID
dbo,ResourceUsageEnrollMedication,MedicationID,FK_ResourceUsageEnrollMedication_MedicationID,dbo,Medications,MedicationID
dbo,ResourceUsageEnrollMedication,UsageEnrollmentID,FK_ResourceUsageEnrollMedication_UsageEnrollmentID,dbo,ResourceUsageEnroll,UsageEnrollmentID
dbo,ResourceUsageEnrollMedication,CreatedBy,FK_ResourceUsageEnrollMedication_Users,dbo,Users,EntityID
dbo,ResourceUsageEnrollPattern,UsageID,FK_ResourceUsageEnrollPattern_ResourceUsage,dbo,ResourceUsage,UsageID
dbo,ResourceUsageEnrollPattern,UsageID,FK_ResourceUsageEnrollPattern_Usage,dbo,ResourceUsage,UsageID
dbo,ResourceUsageEnrollPattern,UsageEnrollmentID,FK_ResourceUsageEnrollPattern_UsageEnroll,dbo,ResourceUsageEnroll,UsageEnrollmentID
dbo,ResourceUsageEnrollPattern,EntityID,FK_ResourceUsageEnrollPattern_Entity,dbo,Entity,EntityID
dbo,ResourceUsageEnrollServiceType,ServiceTypeID,FK_ResourceUsageEnrollServiceType_ServiceTypeID,dbo,ServiceType,ServiceTypeID
dbo,ResourceUsageEnrollServiceType,UsageEnrollmentID,FK_ResourceUsageEnrollServiceType_UsageEnrollmentID,dbo,ResourceUsageEnroll,UsageEnrollmentID
dbo,ResourceUsageExt,UsageID,FK_ResourceUsageExt_UsageID,dbo,ResourceUsage,UsageID
dbo,ResourceUsageExt,AccountID,FK_ResourceUsageExt_AccountID,dbo,Account,AccountID
dbo,ResourceUsageFacility,UsageID,FK_ResourceUsageFacility_ResourceUsage,dbo,ResourceUsage,UsageID
dbo,ResourceUsageFacility,RecurrencePatternID,FK_ResourceUsageFacility_RecurrencePatternID,dbo,ResourceUsageRecurrence,RecurrencePatternID
dbo,ResourceUsageFacility,CreatedBy,FK_ResourceUsageFacility_Users,dbo,Users,EntityID
dbo,ResourceUsageHist,UsageID,FK_ResourceUsageHist_UsageID,dbo,ResourceUsage,UsageID
dbo,ResourceUsageHold,UsageID,FK_ResourceUsageHold_ResourceUsage,dbo,ResourceUsage,UsageID
dbo,ResourceUsageHold,EntityID,FK_ResourceUsageHold_Entity,dbo,Entity,EntityID
dbo,ResourceUsageHold,SlotID,FK_ResourceUsageHold_ResourceUsageSlot,dbo,ResourceUsageSlot,SlotID
dbo,ResourceUsageHold,CreatedBy,FK_ResourceUsageHold_Users,dbo,Users,EntityID
dbo,ResourceUsageHousing,UsageID,FK_ResourceUsageHousing_ResourceUsage,dbo,ResourceUsage,UsageID
dbo,ResourceUsageHousing,CreatedBy,FK_ResourceUsageHousing_Users,dbo,Users,EntityID
dbo,ResourceUsageInventory,ResourceUsageID,FK_ResourceUsageInventory_ResourceUsageID,dbo,ResourceUsage,UsageID
dbo,ResourceUsageInventory,CreatedBy,FK_ResourceUsageInventory_Users,dbo,Users,EntityID
dbo,ResourceUsagePattern,UsageID,FK_ResourceUsagePattern_ResourceUsage,dbo,ResourceUsage,UsageID
dbo,ResourceUsagePattern,CreatedBy,FK_ResourceUsagePattern_Users,dbo,Users,EntityID
dbo,ResourceUsageRecurrence,UsageID,FK_ResourceUsageRecurrence_ResourceUsage,dbo,ResourceUsage,UsageID
dbo,ResourceUsageRecurrence,CreatedBy,FK_ResourceUsageRecurrence_Users,dbo,Users,EntityID
dbo,ResourceUsageRecurrenceSlot,RecurrencePatternID,FK_ResourceUsageRecurrenceSlot_ResourceUsageRecurrence,dbo,ResourceUsageRecurrence,RecurrencePatternID
dbo,ResourceUsageServiceType,UsageID,FK_ResourceUsageServiceType_Usage,dbo,ResourceUsage,UsageID
dbo,ResourceUsageSlot,UsageID,FK_ResourceUsageSlot_ResourceUsage,dbo,ResourceUsage,UsageID
dbo,ResourceUsageSlot,CreatedBy,FK_ResourceUsageSlot_Users,dbo,Users,EntityID
dbo,ResourceUsageSlot,ProviderPropertyID,FK_ResourceUsageSlot_ProviderProperty,dbo,ProviderProperty,ProviderPropertyID
dbo,ResourceUsageSlot,LockerID,FK_ResourceUsageSlot_Locker,dbo,Locker,LockerID
dbo,ResourceUsageSlotTypeCategory,SlotID,FK_AssessResourceUsageSlotTypeCategory_ResourceUsageSlot,dbo,ResourceUsageSlot,SlotID
dbo,ResourceUsageTypeCategory,UsageID,FK_AssessResourceUsageTypeCategory_ResourceUsage,dbo,ResourceUsage,UsageID
dbo,ResourceWaitList,UsageID,FK_ResourceWaitList_ResourceUsage,dbo,ResourceUsage,UsageID
dbo,ResourceWaitList,ClientID,FK_ResourceWaitList_Client,dbo,Client,EntityID
dbo,ResourceWaitList,CreatedBy,FK_ResourceWaitList_CreatedBy,dbo,Users,EntityID
dbo,Review,EntityID,FK_Review_Entity,dbo,Entity,EntityID
dbo,RFPExtensionTable,ProjectID,FK_RFPExtensionTable_Project_ProjectID,dbo,Project,ProjectID
dbo,RFPExtensionTable,OpportunityID,FK_RFPExtensionTable_Opportunity_OpportunityID,dbo,Opportunity,OpportunityID
dbo,RFPExtensionTable,CreatedBy,FK_RFPExtensionTable_Users_CreatedBy,dbo,Users,EntityID
dbo,RFPExtensionTable,LastModifiedBy,FK_RFPExtensionTable_Users_LastModifiedBy,dbo,Users,EntityID
dbo,RFPExtensionTable,DeletedBy,FK_RFPExtensionTable_Users_DeletedBy,dbo,Users,EntityID
dbo,RFPExtensionTable,OwnedByOrgID,FK_RFPExtensionTable_Organization_OwnedByOrgID,dbo,Organization,EntityID
dbo,ROI,EntityID,FK_ROI_Entity,dbo,Entity,EntityID
dbo,ROI,CreatedBy,FK_ROI_Users,dbo,Users,EntityID
dbo,ROI,ProviderID,FK_ROI_ProviderID,dbo,Entity,EntityID
dbo,ROI,FamilyID,FK_ROI_FamilyID,dbo,Family,FamilyID
dbo,ROI,SuccessStoryID,FK_ROI_SuccessStory,dbo,SuccessStory,SuccessStoryID
dbo,ROIEntityRelease,ShareFromEntityID,FK_ROIEntityRelease_ShareFromEntityID,dbo,Entity,EntityID
dbo,ROIEntityRelease,ShareToEntityID,FK_ROIEntityRelease_ShareToEntityID,dbo,Entity,EntityID
dbo,ROIEntityRelease,CreatedBy,FK_ROIEntityRelease_Users,dbo,Users,EntityID
dbo,ROIEntityRelease,ROIID,FK_ROIEntityRelease_ROIID,dbo,ROI,ROIID
dbo,ROIIncludeRecordsMulti,ROIID,FK_ROIIncludeRecordsMulti_ROI,dbo,ROI,ROIID
dbo,ROITypesRecMulti,ROIID,FK_ROITypesRecMulti_ROI,dbo,ROI,ROIID
dbo,RoleDefaults,RoleID,FK_RoleDefaults_RoleDefinition,dbo,RoleDefinition,RoleID
dbo,RoleDefaults,EntityTypeID,FK_RoleDefaults_EntityType,dbo,EntityType,EntityTypeID
dbo,RoleDefinition,CreatedBy,FK_RoleDefinition_Users,dbo,Users,EntityID
dbo,RolePreferences,RoleID,FK_RolePreferences_RoleDefinition,dbo,RoleDefinition,RoleID
dbo,RolePreferences,EntityTypeID,FK_RolePreferences_EntityType,dbo,EntityType,EntityTypeID
dbo,RunRandomizer,ProgramID,FK_RunRandomizer_Program,dbo,Program,ProgramID
dbo,RunRandomizer,ServiceTypeID,FK_RunRandomizer_ServiceType,dbo,ServiceType,ServiceTypeID
dbo,RunRandomizer,CreatedBy,FK_RunRandomizer_CreatedBy,dbo,Users,EntityID
dbo,RunRandomizerDrug,ProviderID,FK_RunRandomizerDrug_Provider,dbo,Provider,EntityID
dbo,RunRandomizerDrug,ProgramID,FK_RunRandomizerDrug_Program,dbo,Program,ProgramID
dbo,RunRandomizerDrug,ApprovalGroupID,FK_RunRandomizerDrug_ApprovalGroup,dbo,ApprovalGroup,ApprovalGroupID
dbo,RunRandomizerDrug,CreatedBy,FK_RunRandomizerDrug_CreatedBy,dbo,Users,EntityID
dbo,RunRandomizerDrugItem,RunRandomizerDrugID,FK_RunRandomizerDrugItem_RunRandomizerDrug,dbo,RunRandomizerDrug,RunRandomizerDrugID
dbo,RunRandomizerDrugItem,CreatedBy,FK_RunRandomizerDrugItem_CreatedBy,dbo,Users,EntityID
dbo,RunRandomizerItem,RunRandomizerID,FK_RunRandomizerItem_RunRandomizer,dbo,RunRandomizer,RunRandomizerID
dbo,RunRandomizerItem,ProgramID,FK_RunRandomizerItem_Program,dbo,Program,ProgramID
dbo,RunRandomizerItem,ServiceTypeID,FK_RunRandomizerItem_ServiceType,dbo,ServiceType,ServiceTypeID
dbo,RunRandomizerItem,CreatedBy,FK_RunRandomizerItem_CreatedBy,dbo,Users,EntityID
dbo,RunRandomizerUsage,RunRandomizerID,FK_RunRandomizerUsage_RunRandomizer,dbo,RunRandomizer,RunRandomizerID
dbo,RyanWhiteDataEntry,OrgGroupID,FK_RyanWhiteDataEntry_OrgGroupID,dbo,OrgGroup,OrgGroupID
dbo,RyanWhiteDataEntry,CreatedBy,FK_RyanWhiteDataEntry_Users,dbo,Users,EntityID
dbo,RyanWhiteDataEntry,CurrentOrganizationID,FK_RyanWhiteDataEntry_Organization,dbo,Organization,EntityID
dbo,RyanWhiteOrganizationEntry,RyanWhiteReportID,FK_RyanWhiteOrganizationEntry_RyanWhiteDataEntry,dbo,RyanWhiteDataEntry,RyanWhiteReportID
dbo,RyanWhiteProgramEntry,RyanWhiteReportID,FK_RyanWhiteProgramEntry_RyanWhiteDataEntry,dbo,RyanWhiteDataEntry,RyanWhiteReportID
dbo,SavedReportParamPermission,UserFormDefaultId,FK_SavedReportParamPermission_UserFormDefault,dbo,UserFormDefault,UserFormDefaultId
dbo,SavedReportParamPermission,UserID,FK_SavedReportParamPermission_Users,dbo,Users,EntityID
dbo,SavedReportParamPermission,CreatedBy,FK_SavedReportParamPermission_CreatedBy,dbo,Users,EntityID
dbo,ScanCardIdentifier,EntityID,FK_ScanCardIdentifier_EntityID,dbo,Entity,EntityID
dbo,ScanCardIdentifier,CreatedBy,FK_ScanCardIdentifier_Users,dbo,Users,EntityID
dbo,SeasonalBed,UsageID,FK_SeasonalBed_UsageID,dbo,ResourceUsage,UsageID
dbo,SeasonalBed,CreatedBy,FK_SeasonalBed_CreatedBy,dbo,Users,EntityID
dbo,SecurityException,ClientID,FK_SecurityException_Client,dbo,Client,EntityID
dbo,SecurityException,OrganizationID,FK_SecurityException_Organization,dbo,Organization,EntityID
dbo,SecurityMOU,ShareFromOrgID,FK_SecurityMOU_Organization,dbo,Organization,EntityID
dbo,SecurityMOU,ShareToOrgID,FK_SecurityMOU_Organization1,dbo,Organization,EntityID
dbo,SecurityMOU,CreatedBy,FK_SecurityMOU_CreatedBy,dbo,Users,EntityID
dbo,SecurityMOUProgram,MouID,FK_SecurityMOUProgram_SecurityMOU,dbo,SecurityMOU,MouID
dbo,SecurityMOUProgram,CreatedBy,FK_SecurityMOUProgram_CreatedBy,dbo,Users,EntityID
dbo,Seizures,EntityID,FK_Seizures_Entity,dbo,Entity,EntityID
dbo,Seizures,CaseNoteID,FK_Seizures_CaseNotes,dbo,CaseNotes,CaseNoteID
dbo,Seizures,CreatedBy,FK_Seizures_Users,dbo,Users,EntityID
dbo,SeizuresOtherInfo,SeizureID,FK_SeizuresOtherInfo_SeizureID,dbo,Seizures,SeizureID
dbo,SeizureWarningSigns,SeizureID,FK_SeizureWarningSigns_Seizures,dbo,Seizures,SeizureID
dbo,SerEligibilityDocument,ProgramServiceID,FK_SerEligibilityDocument_ProgramService,dbo,ProgramService,ProgramServiceID
dbo,SerEligibilityDocument,CreatedBy,FK_SerEligibilityDocument_Users,dbo,Users,EntityID
dbo,SerEligibilityIncomeLevel,FamilyID,FK_SerEligibilityIncomeLevel_Family,dbo,Family,FamilyID
dbo,SerEligibilityIncomeLevel,EnrollmentID,FK_SerEligibilityIncomeLevel_Enrollment,dbo,Enrollment,EnrollmentID
dbo,SerEligibilityIncomeLevel,AssessmentID,FK_SerEligibilityIncomeLevel_Assessment,dbo,Assessment,AssessmentID
dbo,SerEligibilityIncomeLevel,AMIID,FK_SerEligibilityIncomeLevel_AMI,dbo,AreaMedianIncome,AMIID
dbo,SerEligibilityIncomeLevel,IncomeLimitsID,FK_SerEligibilityIncomeLevel_IncomeLimits,dbo,IncomeLimits,IncomeLimitsID
dbo,SerEligibilityIncomeLevel,CreatedBy,FK_SerEligibilityIncomeLevel_Users_CreatedBy,dbo,Users,EntityID
dbo,SerEligibilityIncomeLevel,DeletedBy,FK_SerEligibilityIncomeLevel_Users_DeletedBy,dbo,Users,EntityID
dbo,SerEligibilityIncomeLevel,LastModifiedBy,FK_SerEligibilityIncomeLevel_Users_LastModifiedBy,dbo,Users,EntityID
dbo,SerEligibilityIncomeLevelHistory,FamilyID,FK_SerEligibilityIncomeLevelHistory_Family,dbo,Family,FamilyID
dbo,SerEligibilityIncomeLevelHistory,EnrollmentID,FK_SerEligibilityIncomeLevelHistory_Enrollment,dbo,Enrollment,EnrollmentID
dbo,SerEligibilityIncomeLevelHistory,AMIID,FK_SerEligibilityIncomeLevelHistory_AMI,dbo,AreaMedianIncome,AMIID
dbo,SerEligibilityIncomeLevelHistory,AssessmentID,FK_SerEligibilityIncomeLevelHistory_Assessment,dbo,Assessment,AssessmentID
dbo,SerEligibilityIncomeLevelHistory,IncomeLimitsID,FK_SerEligibilityIncomeLevelHistory_IncomeLimits,dbo,IncomeLimits,IncomeLimitsID
dbo,SerEligibilityIncomeLevelHistory,CreatedBy,FK_SerEligibilityIncomeLevelHistory_Users_CreatedBy,dbo,Users,EntityID
dbo,SerEligibilityIncomeLevelHistory,DeletedBy,FK_SerEligibilityIncomeLevelHistory_Users_DeletedBy,dbo,Users,EntityID
dbo,SerEligibilityIncomeLevelHistory,LastModifiedBy,FK_SerEligibilityIncomeLevelHistory_Users_LastModifiedBy,dbo,Users,EntityID
dbo,Service,ServiceTypeID,FK_Service_ServiceType,dbo,ServiceType,ServiceTypeID
dbo,Service,ProvidedToEntityID,FK_Service_Entity,dbo,Entity,EntityID
dbo,Service,ProvidedByEntityID,FK_Service_Entity1,dbo,Entity,EntityID
dbo,Service,EnrollmentID,FK_Service_Enrollment,dbo,Enrollment,EnrollmentID
dbo,Service,CreatedBy,FK_Service_Users,dbo,Users,EntityID
dbo,Service,ApprovalGroupID,FK_Service_ApprovalGroup,dbo,ApprovalGroup,ApprovalGroupID
dbo,Service,CaseNotesID,FK_Service_CaseNotes,dbo,CaseNotes,CaseNoteID
dbo,Service,RefundServiceID,FK_Service_Service,dbo,Service,ServiceID
dbo,Service,Location,FK_Service_Location,dbo,Provider,EntityID
dbo,Service,ProvidedByUserID,FK_Service_ProvidedByUserID,dbo,Users,EntityID
dbo,Service,ServiceActivityTypeID,FK_Service_ActivityTypeID,dbo,ServiceActivityType,ServiceActivityTypeID
dbo,Service,ComponentTypeID,FK_ComponentTypeID,dbo,ComponentType,ComponentTypeID
dbo,ServiceActivityType,ServiceTypeID,FK_ServiceActivityType_ServiceTypeID,dbo,ServiceType,ServiceTypeID
dbo,ServiceActivityType,OrganizationID,FK_ServiceActivityType_OrganizationID,dbo,Organization,EntityID
dbo,ServiceActivityType,CreatedBy,FK_ServiceActivityType_Users,dbo,Users,EntityID
dbo,ServiceAuthoEligibility,ProvidedToEntityID,FK_ServiceAuthoEligibility_ProvidedToEntity,dbo,Entity,EntityID
dbo,ServiceAuthoEligibility,EnrollmentID,FK_ServiceAuthoEligibility_Enrollment,dbo,Enrollment,EnrollmentID
dbo,ServiceAuthoEligibility,ByProviderID,FK_ServiceAuthoEligibility_ByProvider,dbo,Entity,EntityID
dbo,ServiceAuthoEligibility,ServiceProvidedByID,FK_ServiceAuthoEligibility_ServiceProvidedBy,dbo,Entity,EntityID
dbo,ServiceAuthoEligibilityHistory,ServiceAuthoEligibilityID,FK_ServiceAuthoEligibilityHistory_ServiceAuthoEligibility,dbo,ServiceAuthoEligibility,ServiceAuthoEligibilityID
dbo,ServiceAuthoEligibilityService,ServiceAuthoEligibilityID,FK_ServiceAuthoEligibilityService_ServiceAuthoEligibility,dbo,ServiceAuthoEligibility,ServiceAuthoEligibilityID
dbo,ServiceAuthorization,ClientID,FK_ServiceAuthorization_Client,dbo,Client,EntityID
dbo,ServiceAuthorization,EnrollmentID,FK_ServiceAuthorization_Enrollment,dbo,Enrollment,EnrollmentID
dbo,ServiceAuthorization,RateScheduleID,FK_ServiceAuthorization_RateSchedule,dbo,RateSchedule,RateScheduleID
dbo,ServiceAuthorization,ToProviderID,FK_ServiceAuthorization_Provider1,dbo,Provider,EntityID
dbo,ServiceAuthorization,ProgramServiceID,FK_ServiceAuthorization_ProgramService,dbo,ProgramService,ProgramServiceID
dbo,ServiceAuthorization,ObligationProcessID,FK_ServiceAuthorization_ApprovalObligationProcess,dbo,ApprovalObligationProcess,ObligationProcessID
dbo,ServiceAuthorization,FromProviderID,FK_ServiceAuthorization_Provider2,dbo,Provider,EntityID
dbo,ServiceAuthorization,JobProcessitemID,FK_ServiceAuthorization_JobProcessitem,dbo,JobProcessItem,JobProcessItemID
dbo,ServiceAuthorizationOther,ServiceAuthSumID,FK_ServiceAuthorizationOther_ServiceAuthorizationSummary,dbo,ServiceAuthorizationSummary,ServiceAuthSumID
dbo,ServiceAuthorizationOther,ServiceTypeID,FK_ServiceAuthorizationOther_ProgramService,dbo,ServiceType,ServiceTypeID
dbo,ServiceAuthorizationOtherService,ServiceAuthorizationOtherID,FK_ServiceAuthorizationOtherService_ServiceAuthorizationOther,dbo,ServiceAuthorizationOther,ServiceAuthorizationOtherID
dbo,ServiceAuthorizationOtherService,ServiceID,FK_ServiceAuthorizationOtherService_Service,dbo,Service,ServiceID
dbo,ServiceAuthorizationOtherService,ProviderReferralID,FK_ServiceAuthorizationOtherService_ProviderReferral,dbo,ProviderReferral,ProviderReferralID
dbo,ServiceAuthorizationSummary,ServiceAuthSumID,FK_ServiceAuthorizationSummary_ServiceAuthorizationSummary,dbo,ServiceAuthorizationSummary,ServiceAuthSumID
dbo,ServiceAuthorizationSummary,EnrollmentID,FK_ServiceAuthorizationSummary_Enrollment,dbo,Enrollment,EnrollmentID
dbo,ServiceAuthorizationSummary,EntityID,FK_ServiceAuthorizationSummary_Entity,dbo,Entity,EntityID
dbo,ServiceBarList,ServiceTypeID,FK_ServiceBarList_ServiceType,dbo,ServiceType,ServiceTypeID
dbo,ServiceBarList,ClientID,FK_ServiceBarList_Client,dbo,Client,EntityID
dbo,ServiceBarList,CreatedBy,FK_ServiceBarList_CreatedBy,dbo,Users,EntityID
dbo,ServiceBillingExtension,ServiceID,FK_ServiceBillingExtension_ServiceID,dbo,Service,ServiceID
dbo,ServiceChildCareCheckIn,ServiceID,FK_ServiceChildCareCheckIn_ServiceID,dbo,Service,ServiceID
dbo,ServiceChildCareDailyLog,ServiceID,FK_ServiceChildCareDailyLog_ServiceID,dbo,Service,ServiceID
dbo,ServiceClientTransaction,ServiceID,FK_ServiceClientTransaction_Service,dbo,Service,ServiceID
dbo,ServiceClientTransaction,ClientAccountTransactionID,FK_ServiceClientTransaction_AccountTransaction,dbo,ClientAccountTransaction,TransactionID
dbo,ServiceDocumentationGoal,GoalID,FK_ServiceDocumentationGoal_Goal,dbo,Goal,GoalID
dbo,ServiceEligibility,CreatedBy,FK_ServiceEligibility_Users,dbo,Users,EntityID
dbo,ServiceEligibility,ServiceTypeID,FK_ServiceEligibility_ServiceType,dbo,ServiceType,ServiceTypeID
dbo,ServiceEligibility,AccountID,FK_ServiceEligibility_Account,dbo,Account,AccountID
dbo,ServiceEligibility,ProviderID,FK_ServiceEligibility_Provider,dbo,Provider,EntityID
dbo,ServiceEligibilityDetail,ServiceEligibilityID,FK_ServiceEligibilityDetail_ServiceEligibilityID_ServiceEligibility_ServiceEligibilityID,dbo,ServiceEligibility,ServiceEligibilityID
dbo,ServiceEligibilityDetail,FrequencyDetailMapID,FK_ServiceEligibilityDetail_FrequencyDetailMapID_FrequencyDetailMap_FrequencyDetailMapID,dbo,FrequencyDetailMap,FrequencyDetailMapID
dbo,ServiceEligibilityDetail,CreatedBy,FK_ServiceEligibilityDetail_CreatedBy_Users_EntityID,dbo,Users,EntityID
dbo,ServiceEligibilityDetail,DeletedBy,FK_ServiceEligibilityDetail_DeletedBy_Users_EntityID,dbo,Users,EntityID
dbo,ServiceEligibilityDetail,LastModifiedBy,FK_ServiceEligibilityDetail_LastModifiedBy_Users_EntityID,dbo,Users,EntityID
dbo,ServiceEligibilityDetail,OwnedByOrgID,FK_ServiceEligibilityDetail_OwnedByOrgID_Organization_EntityID,dbo,Organization,EntityID
dbo,ServiceEmploymentReportPrograms,ServiceEmploymentReportSetupID,FK_ServiceEmploymentReportPrograms_ServiceEmploymentReportSetupID,dbo,ServiceEmploymentReportSetup,ServiceEmploymentReportSetupID
dbo,ServiceEmploymentReportPrograms,ProgramID,FK_ServiceEmploymentReportPrograms_ProgramID,dbo,Program,ProgramID
dbo,ServiceEmploymentReportServices,ServiceEmploymentReportSetupID,FK_ServiceEmploymentReportServices_ServiceEmploymentReportSetupID,dbo,ServiceEmploymentReportSetup,ServiceEmploymentReportSetupID
dbo,ServiceEmploymentReportServices,ServiceTypeID,FK_ServiceEmploymentReportServices_ServiceTypeID,dbo,ServiceType,ServiceTypeID
dbo,ServiceEmploymentReportSetup,CreatedBy,FK_ServiceEmploymentReportSetup_Users,dbo,Users,EntityID
dbo,ServiceEmploymentReportSetup,OrgGroupID,FK_ServiceEmploymentReportSetup_OrgGroupID,dbo,OrgGroup,OrgGroupID
dbo,ServiceExtension,ServiceID,FK_ServiceExtension_ServiceID,dbo,Service,ServiceID
dbo,ServiceHistoryJournal,ProvidedToEntityID,FK_ServiceHistoryJournal_Entity,dbo,Entity,EntityID
dbo,ServiceHistoryJournal,ProvidedByEntityID,FK_ServiceHistoryJournal_Entity1,dbo,Entity,EntityID
dbo,ServiceHistoryJournal,EnrollmentID,FK_ServiceHistoryJournal_Enrollment,dbo,Enrollment,EnrollmentID
dbo,ServiceHistoryJournal,Location,FK_ServiceHistoryJournal_Location,dbo,Provider,EntityID
dbo,ServiceHMISExtension,ServiceID,FK_ServiceHMISExtension_ServiceID,dbo,Service,ServiceID
dbo,ServiceIndirect,ServiceID,FK_ServiceIndirect_Service,dbo,Service,ServiceID
dbo,ServiceIndirect,ProgramID,FK_ServiceIndirect_Program,dbo,Program,ProgramID
dbo,ServiceIssueType,ServiceID,FK_ServiceIssueType_ServiceID,dbo,Service,ServiceID
dbo,ServiceIssueType,IssueTypeID,FK_ServiceIssueType_IssueTypeID,dbo,IssueType,IssueTypeID
dbo,ServiceItem,ServiceID,FK_ServiceItem_Service,dbo,Service,ServiceID
dbo,ServiceItem,CreatedBy,FK_ServiceItem_CreatedBy_Users_EntityID,dbo,Users,EntityID
dbo,ServiceItem,DeletedBy,FK_ServiceItem_DeletedBy_Users_EntityID,dbo,Users,EntityID
dbo,ServiceItem,LastModifiedBy,FK_ServiceItem_LastModifiedBy_Users_EntityID,dbo,Users,EntityID
dbo,ServiceItem,Location,FK_ServiceItem_Location,dbo,Provider,EntityID
dbo,ServiceItem,EnrollmentID,FK_ServiceItem_Enrollment,dbo,Enrollment,EnrollmentID
dbo,ServiceItem,ProvidedByEntityID,FK_ServiceItem_Entity1,dbo,Entity,EntityID
dbo,ServiceItem,ProvidedToEntityID,FK_ServiceItem_Entity,dbo,Entity,EntityID
dbo,ServiceItem,ServicetypeID,FK_ServiceItem_ServiceType,dbo,ServiceType,ServiceTypeID
dbo,ServiceLease,ServiceID,FK_ServiceLease_Service,dbo,Service,ServiceID
dbo,ServiceLease,LeaseID,FK_ServiceLease_AssessHousingLease,dbo,AssessHousingLease,AssessmentID
dbo,ServiceLeaseClient,ServiceID,FK_ServiceLeaseClient_Service,dbo,Service,ServiceID
dbo,ServiceLeaseClient,LeaseID,FK_ServiceLeaseClient_AssessHousingLease,dbo,AssessHousingLease,AssessmentID
dbo,ServiceMedicalExt,ServiceID,FK_ServiceMedicalExt_ServiceID,dbo,Service,ServiceID
dbo,ServicePaymentCheck,BatchID,FK_ServicePaymentCheck_ServiceCheckBatch1,dbo,ServiceCheckBatch,BatchID
dbo,ServicePaymentCheck,TransactionID,FK_ServicePaymentCheck_AccountTransaction,dbo,AccountTransaction,TransactionID
dbo,ServicePaymentCheck,PayeeID,FK_ServicePaymentCheck_ProviderReferralOther,dbo,ProviderReferralOther,ReferralOtherID
dbo,ServicePlanComponentType,EnrollmentServicePlanID,FK_ServicePlanComponentType_EnrollmentServicePlan,dbo,EnrollmentServicePlan,EnrollmentServicePlanID
dbo,ServicePlanComponentType,ComponentTypeID,FK_ServicePlanComponentType_ComponentTypeID,dbo,ComponentType,ComponentTypeID
dbo,ServicePlanComponentTypeAudit,ServicePlanComponentTypeID,FK_ServicePlanComponentTypeAudit_ServicePlanComponentType,dbo,ServicePlanComponentType,ServicePlanComponentTypeID
dbo,ServicePlanComponentTypeAudit,EnrollmentServicePlanAuditID,FK_ServicePlanComponentTypeAudit_EnrollmentServicePlanAudit,dbo,EnrollmentServicePlanAudit,EnrollmentServicePlanAuditID
dbo,ServicePlanComponentTypeAudit,ComponentTypeID,FK_ServicePlanComponentTypeAudit_ComponentTypeID,dbo,ComponentType,ComponentTypeID
dbo,ServicePlanGoalOutcome,GoalID,FK_ServicePlanGoalOutcome_Goal,dbo,Goal,GoalID
dbo,ServicePlanGoals,GoalID,FK_ServicePlanGoals_Goal,dbo,Goal,GoalID
dbo,ServicePlanGoals,EnrollmentServicePlanID,FK_ServicePlanGoals_EnrollmentServicePlan,dbo,EnrollmentServicePlan,EnrollmentServicePlanID
dbo,ServicePlanIEP,EnrollmentServicePlanID,FK_ServicePlanIEP_EnrollmentServicePlanID,dbo,EnrollmentServicePlan,EnrollmentServicePlanID
dbo,ServicePlanIEP,EventLocation,FK_ServicePlanIEP_EventLocation,dbo,EventLocation,EventLocationID
dbo,ServicePlanIEPAudit,EnrollmentServicePlanAuditID,FK_ServicePlanIEPAudit_EnrollmentServicePlanAuditID,dbo,EnrollmentServicePlanAudit,EnrollmentServicePlanAuditID
dbo,ServicePlanIEPAudit,EventLocation,FK_ServicePlanIEPAudit_EventLocation,dbo,EventLocation,EventLocationID
dbo,ServicePlanOutcome,EnrollmentServicePlanID,FK_ServicePlanOutcome_EnrollmentServicePlan,dbo,EnrollmentServicePlan,EnrollmentServicePlanID
dbo,ServicePlanOutcome,DomainID,FK_ServicePlanOutcome_OutcomeDomain,dbo,OutcomeDomain,DomainID
dbo,ServicePlanServiceType,EnrollmentServicePlanID,FK_ServicePlanServiceType_EnrollmentServicePlan,dbo,EnrollmentServicePlan,EnrollmentServicePlanID
dbo,ServicePlanServiceType,ServiceTypeID,FK_ServicePlanServiceType_ServiceType,dbo,ServiceType,ServiceTypeID
dbo,ServicePost,ServiceTypeID,FK_ServicePost_ServiceTypeID,dbo,ServiceType,ServiceTypeID
dbo,ServicePost,CreatedBy,FK_ServicePost_CreatedBy,dbo,Users,EntityID
dbo,ServicePost,ProgramID,FK_ServicePost_ProgramID,dbo,Program,ProgramID
dbo,ServicePost,AccountID,FK_ServicePost_AccountID,dbo,Account,AccountID
dbo,ServiceReferral,ServiceID,FK_ServiceReferral_Service,dbo,Service,ServiceID
dbo,ServiceReferral,ProviderReferralID,FK_ServiceReferral_ProviderReferral,dbo,ProviderReferral,ProviderReferralID
dbo,ServiceReportingMapOpt,ReportingMapID,FK_ServiceReportingMapOpt_ServiceReportingMap,dbo,ServiceReportingMap,ReportingMapID
dbo,ServiceResource,ServiceID,FK_ServiceResource_Service,dbo,Service,ServiceID
dbo,ServiceResource,UsageID,FK_ServiceResource_ResourceUsage,dbo,ResourceUsage,UsageID
dbo,ServiceResource,LockerID,FK_ServiceResource_LOCKER,dbo,Locker,LockerID
dbo,ServiceResource,UsageEnrollmentID,FK_ServiceResource_ResourceUsageEnroll,dbo,ResourceUsageEnroll,UsageEnrollmentID
dbo,ServiceResourceEnroll,ServiceID,FK_ServiceResourceEnroll_Service,dbo,Service,ServiceID
dbo,ServiceResourceEnroll,UsageEnrollmentID,FK_ServiceResourceEnroll_ResourceUsageEnroll,dbo,ResourceUsageEnroll,UsageEnrollmentID
dbo,ServiceResourceServiceType,UsageEnrollmentID,FK_ServiceResourceServiceType_ResourceUsageEnroll,dbo,ResourceUsageEnroll,UsageEnrollmentID
dbo,ServiceTardyExtension,ServiceID,FK_ServiceTardyExtension_ServiceID,dbo,Service,ServiceID
dbo,ServiceTransaction,ServiceID,FK_ServiceTransaction_Service,dbo,Service,ServiceID
dbo,ServiceTransaction,TransactionID,FK_ServiceTransaction_AccountTransaction,dbo,AccountTransaction,TransactionID
dbo,ServiceType,OrgGroupID,FK_ServiceType_OrgGroup,dbo,OrgGroup,OrgGroupID
dbo,ServiceType,CreatedBy,FK_ServiceType_CreatedBy,dbo,Users,EntityID
dbo,ServiceTypeCategory,ServiceTypeID,FK_ServiceTypeCategory_ServiceType,dbo,ServiceType,ServiceTypeID
dbo,ServiceTypeCategory,CategoryID,FK_ServiceTypeCategory_ServiceTypeCategoryType,dbo,ServiceTypeCategoryType,CategoryID
dbo,ServiceTypeDuplicate,ServiceTypeID,FK_ServiceTypeDuplicate_ServiceType,dbo,ServiceType,ServiceTypeID
dbo,ServiceTypeExt,ServiceTypeID,FK_ServiceTypeExt_ServiceTypeID,dbo,ServiceType,ServiceTypeID
dbo,ServiceTypeHCBSExt,ServiceTypeID,FK_ServiceTypeHCBSExt_ServiceTypeID,dbo,ServiceType,ServiceTypeID
dbo,ServiceTypeHistory,CreatedBy,FK_ServiceTypeHistory_CreatedBy,dbo,Users,EntityID
dbo,ServiceTypeMap,ServiceTypeID,FK_ServiceTypeMap_ServiceType,dbo,ServiceType,ServiceTypeID
dbo,ServiceTypeMap,ReportingMapID,FK_ServiceTypeMap_ServiceReportingMap,dbo,ServiceReportingMap,ReportingMapID
dbo,ServiceTypeMap,ReportingMapID,FK_ServiceTypeMap_ServiceReportingMapOpt,dbo,ServiceReportingMapOpt,ReportingMapID
dbo,ServiceTypeMap,MapsToValue,FK_ServiceTypeMap_ServiceReportingMapOpt,dbo,ServiceReportingMapOpt,ReportingMapValue
dbo,ServiceTypeMedicalExt,ServiceTypeID,FK_ServiceTypeMedicalExt_ServiceTypeID,dbo,ServiceType,ServiceTypeID
dbo,ServiceTypeUnitValue,ServiceTypeID,FK_ServiceTypeUnitValue_ServiceTypeID,dbo,ServiceType,ServiceTypeID
dbo,ServiceTypeUnitValue,UnitValueTypeCategoryTypeID,FK_ServiceTypeUnitValue_UnitValueTypeCategoryTypeID,dbo,UnitValueTypeCategoryType,CategoryID
dbo,ServiceTypeUnitValue,CreatedBy,FK_ServiceTypeUnitValue_CreatedBy_Users_EntityID,dbo,Users,EntityID
dbo,ServiceTypeUnitValue,DeletedBy,FK_ServiceTypeUnitValue_DeletedBy_Users_EntityID,dbo,Users,EntityID
dbo,ServiceTypeUnitValue,LastModifiedBy,FK_ServiceTypeUnitValue_LastModifiedBy_Users_EntityID,dbo,Users,EntityID
dbo,ServiceTypeUnitValue,OwnedByOrgID,FK_ServiceTypeUnitValue_OwnedByOrgID_Organization_EntityID,dbo,Organization,EntityID
dbo,ServiceTypeUsage,ServiceTypeID,FK_ServiceTypeUsage_ServiceType,dbo,ServiceType,ServiceTypeID
dbo,ServiceTypeUValue,ServicetypeID,FK_ServiceTypeUValue_ServicetypeID,dbo,ServiceType,ServiceTypeID
dbo,ServiceTypeUValue,CreatedBy,FK_ServiceTypeUValue_CreatedBy_Users_EntityID,dbo,Users,EntityID
dbo,ServiceTypeUValue,OwnedByOrgID,FK_ServiceTypeUValue_OwnedByOrgID_Organization_EntityID,dbo,Organization,EntityID
dbo,ServiceTypeWZDetails,ServicetypeID,FK_ServiceTypeWZDetails_ServicetypeID,dbo,ServiceType,ServiceTypeID
dbo,ServiceTypeWZDetails,CreatedBy,FK_ServiceTypeWZDetails_CreatedBy_Users_EntityID,dbo,Users,EntityID
dbo,ServiceTypeWZDetails,OwnedByOrgID,FK_ServiceTypeWZDetails_OwnedByOrgID_Organization_EntityID,dbo,Organization,EntityID
dbo,ServiceWaitList,ServiceTypeID,FK_ServiceWaitList_ServiceType,dbo,ServiceType,ServiceTypeID
dbo,ServiceWaitList,ClientID,FK_ServiceWaitList_Client,dbo,Client,EntityID
dbo,ServiceWaitList,CreatedBy,FK_ServiceWaitList_CreatedBy,dbo,Users,EntityID
dbo,SexualAssaultTracking,EntityID,FK_SexualAssaultTracking_EntityID,dbo,Entity,EntityID
dbo,SexualAssaultTracking,EnrollmentID,FK_SexualAssaultTracking_EnrollmentID,dbo,Enrollment,EnrollmentID
dbo,SexualAssaultTracking,UserID,FK_SexualAssaultTracking_UserID,dbo,Users,EntityID
dbo,SexualAssaultTracking,ProviderID,FK_SexualAssaultTracking_ProviderID,dbo,Provider,EntityID
dbo,SexualAssaultTracking,PerpetratorID,FK_SexualAssaultTracking_PerpetratorID,dbo,Entity,EntityID
dbo,SexualAssaultTracking,CallCenterID,FK_SexualAssaultTracking_CallCenterID,dbo,CallCenter,CallCenterID
dbo,SexualAssaultTracking,CreatedBy,FK_SexualAssaultTracking_Users,dbo,Users,EntityID
dbo,SICNAICSBridge,SICTYPEID,FK_SICNAICSBridge_SICTYPE,dbo,SICType,SICTypeID
dbo,SICNAICSBridge,NAICSTYPEID,FK_SICNAICSBridge_NAICSTYPE,dbo,NAICSType,NAICSTypeID
dbo,SICType,CategoryID,FK_SICType_SICTypeCategory,dbo,SICTypeCategory,CategoryID
dbo,SICType,OrgGroupID,FK_SICType_OrgGroup,dbo,OrgGroup,OrgGroupID
dbo,Signature,CreatedBy,FK_Signature_Users,dbo,Users,EntityID
dbo,SignaturesAssessHousingLease,AssessmentID,FK_SignaturesAssessHousingLease_Assessment,dbo,Assessment,AssessmentID
dbo,SignaturesAssessHousingLease,SignatureID,FK_SignaturesAssessHousingLease_Signature,dbo,Signature,SignatureID
dbo,SignaturesAssessHousingLeaseUser,AssessmentID,FK_SignaturesAssessHousingLeaseUser_AssessmentID,dbo,Assessment,AssessmentID
dbo,SignaturesAssessHousingLeaseUser,SignatureID,FK_SignaturesAssessHousingLeaseUser_Signature,dbo,Signature,SignatureID
dbo,SignaturesCaseNotes,CaseNoteID,FK_CaseNotesSignatures_CaseNotes,dbo,CaseNotes,CaseNoteID
dbo,SignaturesCaseNotes,SignatureID,FK_SignaturesCaseNotes_Signature,dbo,Signature,SignatureID
dbo,SiteVisit,ResourceID,FK_SiteVisit_Resource,dbo,Resource,ResourceID
dbo,Skills,CredentialID,FK_Skills_Credential,dbo,Credential,CredentialID
dbo,Skills,SkillTypeID,FK_Skills_SkillType,dbo,SkillType,SkillTypeID
dbo,Skills,CreatedBy,FK_Skills_Users,dbo,Users,EntityID
dbo,SlotHistory,SlotID,FK_SlotHistory_ResourceUsageSlot,dbo,ResourceUsageSlot,SlotID
dbo,SlotInterval,UsageID,FK_SlotInterval_SlotIntervalUsage,dbo,ResourceUsage,UsageID
dbo,SlotInterval,CreatedBy,FK_SlotInterval_Users,dbo,Users,EntityID
dbo,SMSFromPhoneNumber,EntityID,FK_SMSFromPhoneNumber_Entity,dbo,Entity,EntityID
dbo,SMSLog,ContextTypeID,FK_SMSLog_ContextTypeID_ContextType_ContextTypeID,dbo,ContextType,ContextTypeID
dbo,SMSLog,EntityID,FK_SMSLog_EntityID_Entity_EntityID,dbo,Entity,EntityID
dbo,SMSLog,CreatedBy,FK_SMSLog_CreatedBy_Users_EntityID,dbo,Users,EntityID
dbo,SOCType,CreatedBy,FK_SOCType_Users,dbo,Users,EntityID
dbo,SOCTYPEBROADCATEGORYTYPE,CreatedBy,FK_SOCTYPEBROADCATEGORYTYPE_Users,dbo,Users,EntityID
dbo,SOCTYPEMINORCATEGORYTYPE,CreatedBy,FK_SOCTYPEMINORCATEGORYTYPE_Users,dbo,Users,EntityID
dbo,SSOApplicationUser,SSOApplicationID,FK_SSOApplicationUser_SSOApplicationID_SSOApplication_SSOApplicationID,dbo,SSOApplication,SSOApplicationID
dbo,SSOApplicationUser,UserID,FK_SSOApplicationUser_UserID_Users_EntityID,dbo,Users,EntityID
dbo,SSOProjectsResidentialProjects,SSOProgramID,FK_SSOProjectsResidentialProjects_SSOProgramID,dbo,ProgramHMIS,ProgramID
dbo,SSOProjectsResidentialProjects,ResidentialProgramID,FK_SSOProjectsResidentialProjects_ResidentialProgramID,dbo,ProgramHMIS,ProgramID
dbo,Stock,ContextTypeID,FK_Stock_ContextTypeID,dbo,ContextType,ContextTypeID
dbo,Stock,ReceivedFrom,FK_Stock_Entity,dbo,Entity,EntityID
dbo,Stock,CreatedBy,FK_Stock_Users,dbo,Users,EntityID
dbo,SUAServiceUnitRequeueServices,SUAServiceUnitRequeueID,FK_SUAServiceUnitRequeueServices_SUAServiceUnitRequeueID,dbo,SUAServiceUnitRequeue,SUAServiceUnitRequeueID
dbo,SUAServiceUnitRequeueServices,ServiceID,FK_SUAServiceUnitRequeueServices_ServiceID,dbo,Service,ServiceID
dbo,SubstanceAbuseLineItem,AssessmentID,FK_AssessmentID,dbo,Assessment,AssessmentID
dbo,SubstanceAbuseLineItem,SponsorContactID,FK_EntityID,dbo,Entity,EntityID
dbo,SubStatusJournal,EnrollmentID,FK_SubStatusJournal_EnrollmentID,dbo,Enrollment,EnrollmentID
dbo,SubStatusJournal,ChangedBy,FK_SubStatusJournal_Users,dbo,Users,EntityID
dbo,SubTestType,CreatedBy,FK_SubTestType_Users,dbo,Users,EntityID
dbo,SuccessStory,CreatedBy,FK_SuccessStory_CreatedBy_Users_EntityID,dbo,Users,EntityID
dbo,SuccessStory,DeletedBy,FK_SuccessStory_DeletedBy_Users_EntityID,dbo,Users,EntityID
dbo,SuccessStory,LastModifiedBy,FK_SuccessStory_LastModifiedBy_Users_EntityID,dbo,Users,EntityID
dbo,SuccessStory,OwnedByOrgID,FK_SuccessStory_OwnedByOrgID_Organization_EntityID,dbo,Organization,EntityID
dbo,SuccessStory,CaseNoteID,FK_SuccessStory_CaseNoteID,dbo,CaseNotes,CaseNoteID
dbo,SuggestDefaultTypeAndTable,CreatedBy,FK_SuggestDefaultTypeAndTable_Users,dbo,Users,EntityID
dbo,SuggestGoalOutcome,GoalTypeID,FK_SuggestGoalOutcome_GoalType,dbo,GoalType,GoalTypeID
dbo,SuggestGoalOutcome,DomainID,FK_SuggestGoalOutcome_OutcomeDomain,dbo,OutcomeDomain,DomainID
dbo,SuggestGoalOutcome,CreatedBy,FK_SuggestGoalOutcome_Users,dbo,Users,EntityID
dbo,SuggestIssueGoal,IssueTypeID,FK_SuggestIssueGoal_IssueType,dbo,IssueType,IssueTypeID
dbo,SuggestIssueGoal,GoalTypeID,FK_SuggestIssueGoal_GoalType,dbo,GoalType,GoalTypeID
dbo,SuggestIssueGoal,CreatedBy,FK_SuggestIssueGoal_Users,dbo,Users,EntityID
dbo,SuggestIssueOutcome,IssueTypeID,FK_SuggestIssueOutcome_IssueType,dbo,IssueType,IssueTypeID
dbo,SuggestIssueOutcome,DomainID,FK_SuggestIssueOutcome_OutcomeDomain,dbo,OutcomeDomain,DomainID
dbo,SuggestIssueOutcome,CreatedBy,FK_SuggestIssueOutcome_Users,dbo,Users,EntityID
dbo,SuggestIssueProgram,IssueTypeID,FK_SuggestIssueProgram_IssueType,dbo,IssueType,IssueTypeID
dbo,SuggestIssueProgram,ProgramID,FK_SuggestIssueProgram_Program,dbo,Program,ProgramID
dbo,SuggestIssueProgram,CreatedBy,FK_SuggestIssueProgram_Users,dbo,Users,EntityID
dbo,SuggestIssueService,IssueTypeID,FK_SuggestIssueService_IssueType,dbo,IssueType,IssueTypeID
dbo,SuggestIssueService,ServiceTypeID,FK_SuggestIssueService_ServiceType,dbo,ServiceType,ServiceTypeID
dbo,SuggestIssueService,ProviderID,FK_SuggestIssueService_Provider,dbo,Provider,EntityID
dbo,SuggestIssueService,CreatedBy,FK_SuggestIssueService_Users,dbo,Users,EntityID
dbo,SuggestIssueUsage,IssueTypeID,FK_SuggestIssueUsage_IssueType,dbo,IssueType,IssueTypeID
dbo,SuggestIssueUsage,UsageID,FK_SuggestIssueUsage_Usage,dbo,ResourceUsage,UsageID
dbo,SuggestIssueUsage,CreatedBy,FK_SuggestIssueUsage_Users,dbo,Users,EntityID
dbo,SuggestPlanTypeProgramGoal,PlanTypeProgramID,FK_SuggestPlanTypeProgramGoal_PlanTypeProgram,dbo,PlanTypeProgram,PlanTypeProgramID
dbo,SuggestPlanTypeProgramGoal,GoalTypeID,FK_SuggestPlanTypeProgramGoal_GoalType,dbo,GoalType,GoalTypeID
dbo,SuggestProgramGoal,ProgramID,FK_SuggestProgramGoal_Program,dbo,Program,ProgramID
dbo,SuggestProgramGoal,GoalTypeID,FK_SuggestProgramGoal_GoalType,dbo,GoalType,GoalTypeID
dbo,SuggestQuestionTypeCategoryProgram,QuestionTypeCategoryID,FK_SuggestQuestionTypeCategoryProgram_QuestionTypeCategory,dbo,QuestionTypeCategory,QuestionTypeCategoryID
dbo,SuggestQuestionTypeCategoryProgram,ProgramID,FK_SuggestQuestionTypeCategoryProgram_Program,dbo,Program,ProgramID
dbo,SuggestQuestionTypeCategoryProgram,CreatedBy,FK_SuggestQuestionTypeCategoryProgram_Users,dbo,Users,EntityID
dbo,SuggestUsageProgram,ProgramID,FK_SuggestUsageProgram_Program,dbo,Program,ProgramID
dbo,SuggestUsageProgram,UsageID,FK_SuggestUsageProgram_ResourceUsage,dbo,ResourceUsage,UsageID
dbo,SurveyCatBridge,EntitySurveyID,FK_SurveyCatBridge_EntitySurvey,dbo,EntitySurvey,EntitySurveyID
dbo,SurveyCatBridge,CategoryID,FK_SurveyCatBridge_Category,dbo,DomainTypeCategoryType,CategoryID
dbo,SurveyCatBridge,CreatedBy,FK_SurveyCatBridge_Users,dbo,Users,EntityID
dbo,SurveyQuestionCategoryType,QuestionTypeCategoryID,FK_SurveyQuestionCategoryType_QuestionTypeCategory,dbo,QuestionTypeCategory,QuestionTypeCategoryID
dbo,SurveyQuestionCategoryType,CreatedBy,FK_SurveyQuestionCategoryType_Users,dbo,Users,EntityID
dbo,SurveyQuestionCategoryType,SurveyTypeID,FK_SurveyQuestionCategoryType_SurveyType,dbo,SurveyType,SurveyTypeID
dbo,SurveyType,CreatedBy,FK_SurveyType_Users,dbo,Users,EntityID
dbo,SurveyTypeQuestionType,QuestionTypeID,FK_SurveyTypeQuestionType_QuestionType,dbo,QuestionType,QuestionTypeID
dbo,SurveyTypeQuestionType,CreatedBy,FK_SurveyTypeQuestionType_Users,dbo,Users,EntityID
dbo,SurveyTypeQuestionType,SurveyTypeID,FK_SurveyTypeQuestionType_SurveyType,dbo,SurveyType,SurveyTypeID
dbo,TaskMgmtObjectMap,P_ActivityTypeID,FK_TaskMgmtObjectMap_P_ActivityType,dbo,P_ActivityType,P_ActivityTypeID
dbo,TaxCredit,EntityID,FK_TaxCredit_EntityID,dbo,Entity,EntityID
dbo,TaxCredit,CreatedBy,FK_TaxCredit_Users,dbo,Users,EntityID
dbo,TaxCreditTransaction,TaxCreditID,FK_TaxCreditTransaction_TaxCredit,dbo,TaxCredit,TaxCreditID
dbo,TaxCreditTransaction,ContextType,FK_TaxCreditTransaction_ContextType,dbo,ContextType,ContextTypeID
dbo,TaxCreditTransaction,RequestedByEntity,FK_TaxCreditTransaction_EntityID,dbo,Entity,EntityID
dbo,TaxCreditTransaction,ProvidedByEntity,FK_TaxCreditTransaction_EntityID2,dbo,Entity,EntityID
dbo,TaxCreditTransaction,SentToApproverByID,FK_TaxCreditTransaction_EntityID3,dbo,Entity,EntityID
dbo,TaxCreditTransaction,CreatedBy,FK_TaxCreditTransaction_Users,dbo,Users,EntityID
dbo,TaxType,OrgGroupID,FK_TaxType_OrgGroup,dbo,OrgGroup,OrgGroupID
dbo,TestResults,TestTypeID,FK_TestResults_TestType,dbo,TestType,TestTypeID
dbo,TestResults,CreatedBy,FK_TestResults_Users,dbo,Users,EntityID
dbo,TestResultsDevelopmental,TestResultID,FK_TestResultsDevelopmental_TestResults,dbo,TestResults,TestResultID
dbo,TestResultsEducation,TestResultID,FK_TestResultsEducation_TestResults,dbo,TestResults,TestResultID
dbo,TestResultsEducation,CourseTypeID,FK_TestResultsEducation_CourseTypeID,dbo,CourseType,CourseTypeID
dbo,TestResultsMedical,TestResultID,FK_TestResultsMedical_TestResults,dbo,TestResults,TestResultID
dbo,TestResultsVisionHearing,TestResultID,FK_TestResultsVisionHearing_TestResults,dbo,TestResults,TestResultID
dbo,TestType,ServiceTypeID,FK_TestType_ServiceType,dbo,ServiceType,ServiceTypeID
dbo,TestType,FollowUpTypeID,FK_TestType_FollowUpType,dbo,FollowUpType,FollowUpTypeID
dbo,TestTypeContext,TestTypeID,FK_TestTypeContext_TestType,dbo,TestType,TestTypeID
dbo,TestTypeContext,ContextTypeID,FK_TestTypeContext_ContextTypeID,dbo,ContextType,ContextTypeID
dbo,TestTypeContext,CreatedBy,FK_TestTypeContext_Users,dbo,Users,EntityID
dbo,TestTypeSubTest,SubTestTypeID,FK_TestTypeSubTest_SubTestType,dbo,SubTestType,SubTestTypeID
dbo,TestTypeSubTest,TestTypeID,FK_TestTypeSubTest_TestType,dbo,TestType,TestTypeID
dbo,Thread,ThreadSummaryID,FK_Thread_ThreadSummary,dbo,ThreadSummary,ThreadSummaryID
dbo,Thread,CreatedBy,FK_Thread_Users,dbo,Users,EntityID
dbo,Thread,TeamID,FK_Thread_ApprovalGroup,dbo,ApprovalGroup,ApprovalGroupID
dbo,Thread,UserID,FK_Thread_User2,dbo,Users,EntityID
dbo,Thread,TemplateID,FK_Thread_Template,dbo,CaseNoteTemplate,TemplateID
dbo,ThreadSummary,CreatedBy,FK_ThreadSummary_Users,dbo,Users,EntityID
dbo,ThreadSummary,OrgID,FK_ThreadSummary_OrgID,dbo,Organization,EntityID
dbo,ThreadSummary,ProviderID,FK_ThreadSummary_Provider,dbo,Provider,EntityID
dbo,ThreadUser,ThreadID,FK_ThreadUser_Thread,dbo,Thread,ThreadID
dbo,ThreadUser,EntityID,FK_ThreadUser_Entity,dbo,Entity,EntityID
dbo,ThreadUser,CreatedBy,FK_ThreadUser_Users1,dbo,Users,EntityID
dbo,Time,CreatedBy,FK_Time_Users1,dbo,Users,EntityID
dbo,TimeActivityLocation,TimeID,FK_TimeActivityLocation_Time,dbo,TimeEntry,TimeID
dbo,TimeActivityLocation,ActivityLocationID,FK_TimeActivityLocation_ActivityLocation,dbo,ActivityLocationType,ActivityLocationTypeID
dbo,TimeActivityLocation,ActivityTypeID,FK_TimeActivityLocation_ActivityType,dbo,ActivityType,ActivityTypeID
dbo,TimeActivityLocation,EnrollmentID,FK_TimeActivityLocation_Enrollment,dbo,Enrollment,EnrollmentID
dbo,TimeActivityLocation,ServiceID,FK_TimeActivityLocation_Service,dbo,Service,ServiceID
dbo,TimeActivityLocation,UsageID,FK_TimeActivityLocation_ResourceUsage,dbo,ResourceUsage,UsageID
dbo,TimeCostCenters,AccountID,FK_TimeCostCenters_Account,dbo,Account,AccountID
dbo,TimeCostCenters,OrgGroupID,FK_TimeCostCenters_OrgGroup,dbo,OrgGroup,OrgGroupID
dbo,TimeCostCenters,CreatedBy,FK_TimeCostCenters_Users,dbo,Users,EntityID
dbo,TimeEntry,EntityID,FK_TimeEntry_Entity,dbo,Entity,EntityID
dbo,TimeEntry,EntityID,FK_TimeEntry_Users,dbo,Users,EntityID
dbo,TimeEntry,CostCenterID,FK_TimeEntry_TimeCostCenters,dbo,TimeCostCenters,CostCenterID
dbo,TimeEntry,ClientID,FK_TimeEntry_Client,dbo,Client,EntityID
dbo,TimeEntry,CreatedBy,FK_TimeEntry_Users1,dbo,Users,EntityID
dbo,TimeOff,CreatedBy,FK_TimeOff_Users,dbo,Users,EntityID
dbo,TimeOff,EntityID,FK_TimeOff_Entity,dbo,Entity,EntityID
dbo,TimePhase,ContextID,FK_TimePhase_Entity_EntityID,dbo,Entity,EntityID
dbo,TimePhase,UserID,FK_TimePhase_Users_EntityID,dbo,Users,EntityID
dbo,TrainingCertificate,ModuleID,FK_TrainingCertificate_TrainingModule,dbo,TrainingModule,ModuleID
dbo,TrainingCertificate,TemplateID,FK_TrainingCertificate_CaseNoteTemplate,dbo,CaseNoteTemplate,TemplateID
dbo,TrainingCertificate,TemplateID,FK_TrainingCertificate_TemplateID,dbo,CaseNoteTemplate,TemplateID
dbo,TrainingCertificate,CreatedBy,FK_TrainingCertificate_Users,dbo,Users,EntityID
dbo,TrainingCertificate,CredentialTypeSkillTypeID,FK_TrainingCertificate_CredentialTypeSkillType,dbo,CredentialTypeSkillType,CredentialTypeSkillTypeID
dbo,TrainingCourseInstance,CourseID,FK_TrainingCourseInstance_TrainingCourse,dbo,TrainingCourse,CourseID
dbo,TrainingCourseInstance,CourseVersionID,FK_TrainingCourseInstance_TrainingCourseVersion,dbo,TrainingCourseVersion,CourseVersionID
dbo,TrainingCourseInstanceScore,CourseInstanceID,FK_TrainingCourseInstanceScore_TrainingCourseInstance,dbo,TrainingCourseInstance,CourseInstanceID
dbo,TrainingCourseVersion,CourseID,FK_TrainingCourseVersion_TrainingCourse,dbo,TrainingCourse,CourseID
dbo,TrainingGrade,ScoringID,FK_TrainingGrade_TrainingScoring,dbo,TrainingScoring,ScoringID
dbo,TrainingLMSModule,ModuleID,FK_TrainingLMSModule_ModuleID,dbo,TrainingModule,ModuleID
dbo,TrainingLMSModule,ServiceTypeID,FK_TrainingLMSModule_ServiceTypeID,dbo,ServiceType,ServiceTypeID
dbo,TrainingLMSModule,ProgramID,FK_TrainingLMSModule_ProgramID,dbo,Program,ProgramID
dbo,TrainingLMSModule,CreatedBy,FK_TrainingLMSModule_CreatedBy_Users_EntityID,dbo,Users,EntityID
dbo,TrainingLMSModule,DeletedBy,FK_TrainingLMSModule_DeletedBy_Users_EntityID,dbo,Users,EntityID
dbo,TrainingLMSModule,LastModifiedBy,FK_TrainingLMSModule_LastModifiedBy_Users_EntityID,dbo,Users,EntityID
dbo,TrainingLMSModule,OwnedByOrgID,FK_TrainingLMSModule_OwnedByOrgID_Organization_EntityID,dbo,Organization,EntityID
dbo,TrainingLMSModule,ProviderID,FK_TrainingLMSModule_ProviderID,dbo,Provider,EntityID
dbo,TrainingLMSModule,AccountID,FK_TrainingLMSModule_AccountID,dbo,Account,AccountID
dbo,TrainingModule,CourseID,FK_TrainingModule_TrainingCourse,dbo,TrainingCourse,CourseID
dbo,TrainingOption,QuestionID,FK_TrainingOption_TrainingQuestion,dbo,TrainingQuestion,QuestionID
dbo,TrainingQuestion,SlideID,FK_TrainingQuestion_TrainingSlide,dbo,TrainingSlide,SlideID
dbo,TrainingScoring,ModuleID,FK_TrainingScoring_TrainingModule,dbo,TrainingModule,ModuleID
dbo,TrainingSlide,ModuleID,FK_TrainingSlide_TrainingModule,dbo,TrainingModule,ModuleID
dbo,TransactionTypeConfigExt,ID,FK_TransactionTypeConfigExt_TransactionTypeConfig,dbo,TransactionTypeConfig,ID
dbo,TransportationRequest,FromEntityLocationID,FK_TransportationRequest_FromEntityLocationID,dbo,Entity,EntityID
dbo,TransportationRequest,ToEntityLocationID,FK_TransportationRequest_ToEntityLocationID,dbo,Entity,EntityID
dbo,TransportationRequest,DriverEntityID,FK_TransportationRequest_DriverEntityID,dbo,Entity,EntityID
dbo,TransportationRequest,OnBehalfOfEntityID,FK_TransportationRequest_OnBehalfOfEntityID,dbo,Entity,EntityID
dbo,TransportationRequest,EquipmentInventoryID,FK_TransportationRequest_EquipmentInventoryID,dbo,Inventory,InventoryID
dbo,TransportationRequest,TeamID,FK_TransportationRequest_TeamID,dbo,ApprovalGroup,ApprovalGroupID
dbo,TransportationRequest,CreatedBy,FK_TransportationRequest_CreatedBy,dbo,Users,EntityID
dbo,TransportationRequest,ZipCodeFrom,FK_TransportationRequest_ZipCodeFrom,dbo,ZipCode,ZipCode
dbo,TransportationRequest,ZipCodeTo,FK_TransportationRequest_ZipCodeTo,dbo,ZipCode,ZipCode
dbo,TypeClass,CreatedBy,FK_TypeClass_Users,dbo,Users,EntityID
dbo,UnitedWayComplDetail,CreatedBy,FK_UnitedWayComplDetail_Users1,dbo,Users,EntityID
dbo,UnitedWayCompliance,ProgramID,FK_UnitedWayCompliance_Program,dbo,Program,ProgramID
dbo,UnitedWayCompliance,FiscalCalendarID,FK_UnitedWayCompliance_FiscalCalendar,dbo,FiscalCalendar,FiscalCalendarID
dbo,UnitedWayProgClient,CreatedBy,FK_UnitedWayProgClient_Users1,dbo,Users,EntityID
dbo,UnitValueTypeCategoryType,CreatedBy,FK_UnitValueTypeCategoryType_CreatedBy,dbo,Users,EntityID
dbo,UpdatedClientList,EntityID,FK_UpdatedClientList_Entity,dbo,Entity,EntityID
dbo,UpdatedClientList,UpdatedBy,FK_UpdatedClientList_Users,dbo,Users,EntityID
dbo,URLLibrary,CreatedBy,FK_URLLibrary_Users,dbo,Users,EntityID
dbo,UsageEndReservation,CreatedBy,FK_UsageEndReservation_Users,dbo,Users,EntityID
dbo,UsageEndReservationUsage,UsageEndReservationID,FK_UsageEndReservationUsage_UsageEndReservation,dbo,UsageEndReservation,UsageEndReservationID
dbo,UserCalendarSync,UserID,FK_UserCalendarSync_UserID_Users_EntityID,dbo,Users,EntityID
dbo,UserClientTime,TimeID,FK_UserClientTime_Time,dbo,Time,TimeID
dbo,UserClientTime,ClientID,FK_UserClientTime_Client,dbo,Client,EntityID
dbo,UserClientTime,UserID,FK_UserClientTime_Users1,dbo,Entity,EntityID
dbo,UserClientTime,EnrollmentID,FK_UserClientTime_Enrollment,dbo,Enrollment,EnrollmentID
dbo,UserClientTime,ServiceTypeID,FK_UserClientTime_ServiceType,dbo,ServiceType,ServiceTypeID
dbo,UserClientTime,CaseNoteID,FK_UserClientTime_CaseNotes,dbo,CaseNotes,CaseNoteID
dbo,UserClientTime,ProviderToID,FK_UserClientTime_ProviderTo,dbo,Provider,EntityID
dbo,UserClientTime,ObligationProcessID,FK_UserClientTime_ApprovalObligationProcess,dbo,ApprovalObligationProcess,ObligationProcessID
dbo,UserClientTime,CostCenterID,FK_UserClientTime_TimeCostCenters,dbo,TimeCostCenters,CostCenterID
dbo,UserClientTime,JobProcessitemID,FK_UserClientTime_JobProcessitem,dbo,JobProcessItem,JobProcessItemID
dbo,UserClientTime,ServiceAuthorizationID,FK_UserClientTime_ServiceAuthorization,dbo,ServiceAuthorization,ServiceAuthorizationID
dbo,UserClientTime,UsageEnrollmentID,FK_UserClientTime_ResourceUsageEnroll,dbo,ResourceUsageEnroll,UsageEnrollmentID
dbo,UserClientTime,ServicePlanID,FK_UserClientTime_ServicePlanID,dbo,EnrollmentServicePlan,EnrollmentServicePlanID
dbo,UserExt,EntityID,FK_UserExt_Users,dbo,Users,EntityID
dbo,UserExt,DecibelMeterDeviceID,FK_UserExt_DecibelMeterDevice,dbo,DecibelMeterDevice,DecibelMeterDeviceID
dbo,UserFormDefault,UserId,FK_UserFormDefault_Users,dbo,Users,EntityID
dbo,UserFormDefault,FormId,FK_UserFormDefault_Form,dbo,Form,FormID
dbo,UserFormDefault,CreatedBy,FK_UserFormDefault_Users1,dbo,Users,EntityID
dbo,UserHistory,UserID,FK_UserHistory_Users,dbo,Users,EntityID
dbo,UserLanguage,UserID,FK_UserLanguage_Users,dbo,Users,EntityID
dbo,UserLanguage,CreatedBy,FK_UserLanguage_Users1,dbo,Users,EntityID
dbo,UserOrganization,UserID,FK_UserOrganization_Users,dbo,Users,EntityID
dbo,UserOrganization,OrganizationID,FK_UserOrganization_Organization,dbo,Organization,EntityID
dbo,UserPasswordHistory,UserID,FK_UserPasswordHistory_Users,dbo,Users,EntityID
dbo,UserPortalLocation,UserID,FK_UserPortalLocation_UserID,dbo,Users,EntityID
dbo,UserProviders,UserID,FK_UserProviders_Users,dbo,Users,EntityID
dbo,UserProviders,OrganizationID,FK_UserProviders_Organization,dbo,Organization,EntityID
dbo,UserProviders,ProviderID,FK_UserProviders_Provider,dbo,Provider,EntityID
dbo,UserRole,UserID,FK_UserRole_Users,dbo,Users,EntityID
dbo,UserRole,RoleID,FK_UserRole_UserRoleDefinition,dbo,RoleDefinition,RoleID
dbo,Users,EntityID,FK_Users_Entity,dbo,Entity,EntityID
dbo,Users,OrganizationID,FK_Users_Organization,dbo,Organization,EntityID
dbo,Users,ProviderID,FK_Users_Provider,dbo,Provider,EntityID
dbo,Users,RoleID,FK_Users_UserRole,dbo,RoleDefinition,RoleID
dbo,Users,SupervisorUserID,FK_Users_SupervisorUsersID,dbo,Users,EntityID
dbo,Users,DefaultOrganizationID,FK_Users_Default_Organization,dbo,Organization,EntityID
dbo,Users,DefaultProviderID,FK_Users_Default_Provider,dbo,Provider,EntityID
dbo,Users,DefaultRoleID,FK_Users_Default_RoleDefinition,dbo,RoleDefinition,RoleID
dbo,UserSkills,UserID,FK_UserSkills_Users,dbo,Users,EntityID
dbo,UserSkills,SkillTypeID,FK_UserSkills_UserSkillTypes,dbo,UserSkillTypes,SkillTypeID
dbo,UserSpeechProfile,UserSpeechProfileId,FK_UserSpeechProfile_UserId,dbo,Users,EntityID
dbo,UserSupervisorHistory,UserID,FK_UserSupervisorHistory_User,dbo,Users,EntityID
dbo,UserSupervisorHistory,SupervisorID,FK_UserSupervisorHistory_Users1,dbo,Users,EntityID
dbo,UserSupervisorHistory,CreatedBy,FK_UserSupervisorHistory_Users2,dbo,Users,EntityID
dbo,UsersUsage,UsageID,FK_UsersUsage_UsageID,dbo,ResourceUsage,UsageID
dbo,UsersUsage,UserEntityID,FK_UsersUsage_UserEntityID,dbo,Users,EntityID
dbo,UserTypeCategory,UserID,FK_AssessUserTypeCategory_User,dbo,Users,EntityID
dbo,VAMCStationCodes,CreatedBy,FK_VAMCStationCodes_Users,dbo,Users,EntityID
dbo,VeteranEra,AssessmentID,FK_VeteranEra_Assessment,dbo,Assessment,AssessmentID
dbo,VeteranEra,VeteranEraTypeID,FK_VeteranEra_VeteranEraType,dbo,VeteranEraType,VeteranEraTypeID
dbo,VeteranEra,CreatedBy,FK_VeteranEra_Users,dbo,Users,EntityID
dbo,ViewJob,EntityID,FK_ViewJob_Entity,dbo,Entity,EntityID
dbo,ViewJob,CreatedBy,FK_ViewJob_Users,dbo,Users,EntityID
dbo,Vital,EntityID,FK_Vital_Entity,dbo,Entity,EntityID
dbo,Vital,CaseNoteID,FK_Vital_CaseNotes,dbo,CaseNotes,CaseNoteID
dbo,Vital,CreatedBy,FK_Vital_Users,dbo,Users,EntityID
dbo,VolunteerTime,TimeID,FK_VolunteerTime_Time,dbo,Time,TimeID
dbo,VolunteerTime,PatternID,FK_VolunteerTime_ResourceUsagePattern,dbo,ResourceUsagePattern,PatternID
dbo,VolunteerTime,RecurrencePatternSlotID,FK_VolunteerTime_ResourceUsageRecurrence,dbo,ResourceUsageRecurrenceSlot,RecurrencePatternSlotID
dbo,VolunteerTime,ServiceTypeID,FK_VolunteerTime_ServiceType,dbo,ServiceType,ServiceTypeID
dbo,VolunteerTime,UsageID,FK_VolunteerTime_ResourceUsage,dbo,ResourceUsage,UsageID
dbo,VolunteerTime,CaseNoteID,FK_VolunteerTime_CaseNotes,dbo,CaseNotes,CaseNoteID
dbo,VolunteerTime,CreatedBy,FK_VolunteerTime_CreatedBy,dbo,Users,EntityID
dbo,VolunteerTime,EntityID,FK_VolunteerTime_Entity,dbo,Entity,EntityID
dbo,VolunteerTime,UsageEnrollmentID,FK_VolunteerTime_ResourceUsageEnroll,dbo,ResourceUsageEnroll,UsageEnrollmentID
dbo,WaitListPoints,CreatedBy,FK_WaitListPoints_Users,dbo,Users,EntityID
dbo,WeightForAgeType,OrgGroupID,FK_WeightForAgeType_OrgGroup,dbo,OrgGroup,OrgGroupID
dbo,WeightForAgeType,CreatedBy,FK_WeightForAgeType_CreatedBy,dbo,Users,EntityID
dbo,WIOAServiceExtension,ServiceID,FK_WIOAServiceExtension_ServiceID,dbo,Service,ServiceID
dbo,WIOAServiceExtension,ONETIDTraining,FK_WIOAServiceExtension_ONETIDTraining,dbo,ONETCodes,ONETID
dbo,WIOAServiceExtension,ONETIDContract,FK_WIOAServiceExtension_ONETIDContract,dbo,ONETCodes,ONETID
dbo,Workflow,CreatedBy,FK_Workflow_Users,dbo,Users,EntityID
dbo,WorkflowImportXmlData,WorkflowImportID,FK_WorkflowImportXmlData_WorkflowImport,dbo,WorkflowImport,WorkflowImportID
dbo,WorkflowInstance,WorkflowID,FK_WorkflowInstance_Workflow,dbo,Workflow,WorkflowID
dbo,WorkflowInstance,CreatedBy,FK_WorkflowInstance_Users,dbo,Users,EntityID
dbo,WorkflowInstanceStatus,WorkflowStepID,FK_WorkflowInstanceStatus_WorkflowStep,dbo,WorkflowStep,WorkflowStepID
dbo,WorkflowRouting,WorkflowStepID,FK_WorkflowRouting_WorkflowStep,dbo,WorkflowStep,WorkflowStepID
dbo,WorkflowStep,WorkflowID,FK_WorkflowStep_Workflow,dbo,Workflow,WorkflowID
dbo,WorkflowStep,StepTypeID,FK_WorkflowStep_WorkflowStepType,dbo,WorkflowStepType,StepTypeID
dbo,WorkflowStepDependency,WorkflowStepID,FK_WorkflowStepDependency_WorkflowStep,dbo,WorkflowStep,WorkflowStepID
dbo,WorkflowStepDependency,DependencyStepID,FK_WorkflowStepDependency_WorkflowStep1,dbo,WorkflowStep,WorkflowStepID
dbo,WorkflowStepRule,WorkflowStepID,FK_WorkflowStepRule_WorkflowStep,dbo,WorkflowStep,WorkflowStepID
dbo,WorkflowStepRule,RuleID,FK_WorkflowStepRule_Rule,dbo,Rule,RuleID
dbo,WorkHistory,ClientID,FK_WorkHistory_Entity,dbo,Entity,EntityID
dbo,WorkHistory,EmployerID,FK_WorkHistory_Employer,dbo,Employer,EmployerID
dbo,WorkHistory,CreatedBy,FK_WorkHistory_Users1,dbo,Users,EntityID
dbo,WorkHistory,PlacementBy,FK_WorkHistory_Users,dbo,Users,EntityID
dbo,WorkHistory,SICTypeID,FK_WorkHistory_SICTypeID,dbo,SICType,SICTypeID
dbo,WorkHistory,ProviderID,FK_WorkHistory_Provider,dbo,Provider,EntityID
dbo,WorkHistory,EmployerContact,FK_WorkHistory_EmployerContactID,dbo,Entity,EntityID
dbo,WorkHistory,NAICSTypeID,FK_WorkHistory_NAICSTypeID,dbo,NAICSType,NAICSTypeID
dbo,WorkHistory,SOCTypeID,fk_WH_SOCTypeID,dbo,SOCType,SOCTypeID
dbo,WorkHistory,ONETID,FK_WorkHistory_ONETID_ONETCodes_ONETID,dbo,ONETCodes,ONETID
dbo,WorkHistoryBenefitType,WorkHistoryID,FK_WorkHistoryBenefitType_WorkHistoryID,dbo,WorkHistory,WorkHistoryID
dbo,WorkHistoryJournal,WorkHistoryID,FK_WorkHistoryJournal_WorkHistory,dbo,WorkHistory,WorkHistoryID
dbo,WorkHistoryJournal,CreatedBy,FK_WorkHistoryJournal_Users1,dbo,Users,EntityID
dbo,WorkHistoryJournal,AssessmentID,FK_WorkHistoryJournal_AssessHousingPlacement,dbo,Assessment,AssessmentID
dbo,WorkHistoryJournal,ClientID,FK_WorkHistoryJournal_Entity,dbo,Entity,EntityID
dbo,WorkHistoryOtherInfo,WorkHistoryID,FK_WorkHistoryOtherInfo_WorkHistory,dbo,WorkHistory,WorkHistoryID
dbo,WorkReferral,ClientID,FK_WorkReferral_Client,dbo,Client,EntityID
dbo,WorkReferral,EmployerID,FK_WorkReferral_Employer,dbo,Employer,EmployerID
dbo,WorkReferral,ProviderID,FK_WorkReferral_Provider,dbo,Provider,EntityID
dbo,WriteOffs,BilledProvider,FK_WriteOffs_Provider,dbo,Provider,EntityID
dbo,WriteOffs,ServiceID,FK_WriteOffs_ServiceID,dbo,Service,ServiceID
dbo,WriteOffs,CaseNoteID,FK_InvoiceLineItem_CaseNoteID,dbo,CaseNotes,CaseNoteID
dbo,WZEnergyBTU,ListItemID,FK_WZEnergyBTU_ListItemID,dbo,ListItem,ListItemID
dbo,WZEnergyBTU,CreatedBy,FK_WZEnergyBTU_CreatedBy_Users_EntityID,dbo,Users,EntityID
dbo,WZEnergyBTU,OwnedByOrgID,FK_WZEnergyBTU_OwnedByOrgID_Organization_EntityID,dbo,Organization,EntityID
dbo,WZJobCompletion,ProjectID,FK_WZJobCompletion_Project,dbo,Project,ProjectID
dbo,WZJobCompletion,CreatedBy,FK_WZJobCompletion_Users,dbo,Users,EntityID
dbo,WZJobCompletion,OwnedByOrgID,FK_WZJobCompletion_Organization,dbo,Organization,EntityID
dbo,WZOwnerInvestment,ClientID,FK_WZOwnerInvestment_Client,dbo,Entity,EntityID
dbo,WZOwnerInvestment,EnrollmentID,FK_WZOwnerInvestment_Enrollment,dbo,Enrollment,EnrollmentID
dbo,WZOwnerInvestment,CreatedBy,FK_WZOwnerInvestment_Users,dbo,Users,EntityID
dbo,WZQualityControlInspection,ProjectID,FK_WZQualityControlInspection_ProjectID,dbo,Project,ProjectID
dbo,WZQualityControlInspection,EntityID,FK_WZQualityControlInspection_EntityID,dbo,Entity,EntityID
dbo,WZQualityControlInspection,CreatedBy,FK_WZQualityControlInspection_CreatedBy_Users_EntityID,dbo,Users,EntityID
dbo,WZQualityControlInspection,DeletedBy,FK_WZQualityControlInspection_DeletedBy_Users_EntityID,dbo,Users,EntityID
dbo,WZQualityControlInspection,LastModifiedBy,FK_WZQualityControlInspection_LastModifiedBy_Users_EntityID,dbo,Users,EntityID
dbo,WZQualityControlInspection,OwnedByOrgID,FK_WZQualityControlInspection_OwnedByOrgID_Organization_EntityID,dbo,Organization,EntityID
dbo,ZipCode,State,FK_ZipCode_ZipState,dbo,ZipState,State
dbo,ZipCodeJunction,ZipCode,FK_ZipCodeJunction_ZipCode,dbo,ZipCode,ZipCode
dbo,ZipCodeJunction,CreatedBy,FK_ZipCodeJunction_CreatedBy,dbo,Users,EntityID
import,Crosswalk,ImportSourceID,FK_Crosswalk_ImportSourceID_ImportSource_ImportSourceID,import,ImportSource,ImportSourceID
import,Crosswalk,CreatedBy,FK_Crosswalk_CreatedBy_Users_EntityID,dbo,Users,EntityID
import,Crosswalk,DeletedBy,FK_Crosswalk_DeletedBy_Users_EntityID,dbo,Users,EntityID
import,Crosswalk,LastModifiedBy,FK_Crosswalk_LastModifiedBy_Users_EntityID,dbo,Users,EntityID
import,Crosswalk,OwnedByOrgID,FK_Crosswalk_OwnedByOrgID_Organization_EntityID,dbo,Organization,EntityID
import,CrosswalkMap,CrosswalkID,FK_CrosswalkMap_CrosswalkID_Crosswalk_CrosswalkID,import,Crosswalk,CrosswalkID
import,CrosswalkMap,ContextTypeID,FK_CrosswalkMap_ContextTypeID_ContextType_ContextTypeID,dbo,ContextType,ContextTypeID
import,CrosswalkMap,CreatedBy,FK_CrosswalkMap_CreatedBy_Users_EntityID,dbo,Users,EntityID
import,CrosswalkMap,DeletedBy,FK_CrosswalkMap_DeletedBy_Users_EntityID,dbo,Users,EntityID
import,CrosswalkMap,LastModifiedBy,FK_CrosswalkMap_LastModifiedBy_Users_EntityID,dbo,Users,EntityID
import,CrosswalkMap,OwnedByOrgID,FK_CrosswalkMap_OwnedByOrgID_Organization_EntityID,dbo,Organization,EntityID
import,EntityMetaData,ImportSourceID,FK_EntityMetaData_ImportSourceID_ImportSource_ImportSourceID,import,ImportSource,ImportSourceID
import,EntityMetaData,EntityID,FK_EntityMetaData_EntityID_Entity_EntityID,dbo,Entity,EntityID
import,EntityMetaData,ContextTypeID,FK_EntityMetaData_ContextTypeID_ContextType_ContextTypeID,dbo,ContextType,ContextTypeID
import,HMISImportMapping_Client,CW_ImportID,FK_HMISImportMapping_Client_CW_ImportID_HMISImportSettings_ImportID,import,HMISImportSettings,ImportID
import,HMISImportMapping_ProjectCoC,CW_CrosswalkMapID,FK_HMISImportMapping_ProjectCoC_CW_CrosswalkMapID_CrosswalkMap_CrosswalkMapID,import,CrosswalkMap,CrosswalkMapID
import,HMISImportMapping_ProjectCoC,CW_OrganizationID,FK_HMISImportMapping_ProjectCoC_CW_OrganizationID_Organization_EntityID,dbo,Organization,EntityID
import,HMISImportMapping_ProjectCoC,CW_OrganizationID,FK_HMISImportMapping_ProjectCoC_CW_ProviderID_CW_OrganizationID_Provider_EntityID_OrganizationID,dbo,Provider,OrganizationID
import,HMISImportMapping_ProjectCoC,CW_ProviderID,FK_HMISImportMapping_ProjectCoC_CW_ProviderID_CW_OrganizationID_Provider_EntityID_OrganizationID,dbo,Provider,EntityID
import,HMISImportMapping_ProjectCoC,CW_UsageID,FK_HMISImportMapping_ProjectCoC_CW_UsageID_ResourceUsage_UsageID,dbo,ResourceUsage,UsageID
import,HMISImportMapping_ProjectCoC,CW_LastImportID,FK_HMISImportStaging_ProjectCoC_CW_LastImportID_HMISImportSettings_ImportID,import,HMISImportSettings,ImportID
import,HMISImportSettings,ImportID,FK_HMISImportSettings_ImportID_Import_ImportID,import,Import,ImportID
import,HMISImportSettings,ExactMatchConfigID,FK_HMISImportSettings_ExactMatchConfigID_EntityDuplicateConfig_EntityDuplicateConfigID,dbo,EntityDuplicateConfig,EntityDuplicateConfigID
import,HMISImportSettings,PotentialMatchConfigID,FK_HMISImportSettings_PotentialMatchConfigID_EntityDuplicateConfig_EntityDuplicateConfigID,dbo,EntityDuplicateConfig,EntityDuplicateConfigID
import,HMISImportSettings,CreatedBy,FK_HMISImportSettings_CreatedBy_Users_EntityID,dbo,Users,EntityID
import,HMISImportSettings,DeletedBy,FK_HMISImportSettings_DeletedBy_Users_EntityID,dbo,Users,EntityID
import,HMISImportSettings,LastModifiedBy,FK_HMISImportSettings_LastModifiedBy_Users_EntityID,dbo,Users,EntityID
import,HMISImportSettings,OwnedByOrgID,FK_HMISImportSettings_OwnedByOrgID_Organization_EntityID,dbo,Organization,EntityID
import,HMISImportStaging_Affiliation,CW_ImportID,FK_HMISImportStaging_Affiliation_CW_ImportID_HMISImportSettings_ImportID,import,HMISImportSettings,ImportID
import,HMISImportStaging_Affiliation,CW_ImportID,FK_HMISImportStaging_Affiliation_CW_ImportID_ProjectID_HMISImportStaging_Project_CW_ImportID_ProjectID,import,HMISImportStaging_Project,CW_ImportID
import,HMISImportStaging_Affiliation,CW_ImportID,FK_HMISImportStaging_Affiliation_CW_ImportID_ResProjectID_HMISImportStaging_Project_CW_ImportID_ProjectID,import,HMISImportStaging_Project,CW_ImportID
import,HMISImportStaging_Affiliation,CW_ImportID,FK_HMISImportStaging_Affiliation_CW_ImportID_UserID_HMISImportStaging_User_CW_ImportID_UserID,import,HMISImportStaging_User,CW_ImportID
import,HMISImportStaging_Affiliation,CW_ImportID,FK_HMISImportStaging_Affiliation_CW_ImportID_ExportID_HMISImportStaging_Export_CW_ImportID_ExportID,import,HMISImportStaging_Export,CW_ImportID
import,HMISImportStaging_Affiliation,ProjectID,FK_HMISImportStaging_Affiliation_CW_ImportID_ProjectID_HMISImportStaging_Project_CW_ImportID_ProjectID,import,HMISImportStaging_Project,ProjectID
import,HMISImportStaging_Affiliation,ResProjectID,FK_HMISImportStaging_Affiliation_CW_ImportID_ResProjectID_HMISImportStaging_Project_CW_ImportID_ProjectID,import,HMISImportStaging_Project,ProjectID
import,HMISImportStaging_Affiliation,UserID,FK_HMISImportStaging_Affiliation_CW_ImportID_UserID_HMISImportStaging_User_CW_ImportID_UserID,import,HMISImportStaging_User,UserID
import,HMISImportStaging_Affiliation,ExportID,FK_HMISImportStaging_Affiliation_CW_ImportID_ExportID_HMISImportStaging_Export_CW_ImportID_ExportID,import,HMISImportStaging_Export,ExportID
import,HMISImportStaging_Assessment,CW_ImportID,FK_HMISImportStaging_Assessment_CW_ImportID_HMISImportSettings_ImportID,import,HMISImportSettings,ImportID
import,HMISImportStaging_Assessment,CW_ImportID,FK_HMISImportStaging_Assessment_CW_ImportID_UserID_HMISImportStaging_User_CW_ImportID_UserID,import,HMISImportStaging_User,CW_ImportID
import,HMISImportStaging_Assessment,CW_ImportID,FK_HMISImportStaging_Assessment_CW_ImportID_ExportID_HMISImportStaging_Export_CW_ImportID_ExportID,import,HMISImportStaging_Export,CW_ImportID
import,HMISImportStaging_Assessment,UserID,FK_HMISImportStaging_Assessment_CW_ImportID_UserID_HMISImportStaging_User_CW_ImportID_UserID,import,HMISImportStaging_User,UserID
import,HMISImportStaging_Assessment,ExportID,FK_HMISImportStaging_Assessment_CW_ImportID_ExportID_HMISImportStaging_Export_CW_ImportID_ExportID,import,HMISImportStaging_Export,ExportID
import,HMISImportStaging_AssessmentQuestions,CW_ImportID,FK_HMISImportStaging_AssessmentQuestions_CW_ImportID_HMISImportSettings_ImportID,import,HMISImportSettings,ImportID
import,HMISImportStaging_AssessmentQuestions,CW_ImportID,FK_HMISImportStaging_AssessmentQuestions_CW_ImportID_AssessmentID_HMISImportStaging_Assessment_CW_ImportID_AssessmentID,import,HMISImportStaging_Assessment,CW_ImportID
import,HMISImportStaging_AssessmentQuestions,CW_ImportID,FK_HMISImportStaging_AssessmentQuestions_CW_ImportID_UserID_HMISImportStaging_User_CW_ImportID_UserID,import,HMISImportStaging_User,CW_ImportID
import,HMISImportStaging_AssessmentQuestions,CW_ImportID,FK_HMISImportStaging_AssessmentQuestions_CW_ImportID_ExportID_HMISImportStaging_Export_CW_ImportID_ExportID,import,HMISImportStaging_Export,CW_ImportID
import,HMISImportStaging_AssessmentQuestions,AssessmentID,FK_HMISImportStaging_AssessmentQuestions_CW_ImportID_AssessmentID_HMISImportStaging_Assessment_CW_ImportID_AssessmentID,import,HMISImportStaging_Assessment,AssessmentID
import,HMISImportStaging_AssessmentQuestions,UserID,FK_HMISImportStaging_AssessmentQuestions_CW_ImportID_UserID_HMISImportStaging_User_CW_ImportID_UserID,import,HMISImportStaging_User,UserID
import,HMISImportStaging_AssessmentQuestions,ExportID,FK_HMISImportStaging_AssessmentQuestions_CW_ImportID_ExportID_HMISImportStaging_Export_CW_ImportID_ExportID,import,HMISImportStaging_Export,ExportID
import,HMISImportStaging_AssessmentResults,CW_ImportID,FK_HMISImportStaging_AssessmentResults_CW_ImportID_HMISImportSettings_ImportID,import,HMISImportSettings,ImportID
import,HMISImportStaging_AssessmentResults,CW_ImportID,FK_HMISImportStaging_AssessmentResults_CW_ImportID_AssessmentID_HMISImportStaging_Assessment_CW_ImportID_AssessmentID,import,HMISImportStaging_Assessment,CW_ImportID
import,HMISImportStaging_AssessmentResults,CW_ImportID,FK_HMISImportStaging_AssessmentResults_CW_ImportID_UserID_HMISImportStaging_User_CW_ImportID_UserID,import,HMISImportStaging_User,CW_ImportID
import,HMISImportStaging_AssessmentResults,CW_ImportID,FK_HMISImportStaging_AssessmentResults_CW_ImportID_ExportID_HMISImportStaging_Export_CW_ImportID_ExportID,import,HMISImportStaging_Export,CW_ImportID
import,HMISImportStaging_AssessmentResults,AssessmentID,FK_HMISImportStaging_AssessmentResults_CW_ImportID_AssessmentID_HMISImportStaging_Assessment_CW_ImportID_AssessmentID,import,HMISImportStaging_Assessment,AssessmentID
import,HMISImportStaging_AssessmentResults,UserID,FK_HMISImportStaging_AssessmentResults_CW_ImportID_UserID_HMISImportStaging_User_CW_ImportID_UserID,import,HMISImportStaging_User,UserID
import,HMISImportStaging_AssessmentResults,ExportID,FK_HMISImportStaging_AssessmentResults_CW_ImportID_ExportID_HMISImportStaging_Export_CW_ImportID_ExportID,import,HMISImportStaging_Export,ExportID
import,HMISImportStaging_CEParticipation,CW_ImportID,FK_HMISImportStaging_CEParticipation_CW_ImportID_HMISImportSettings_ImportID,import,HMISImportSettings,ImportID
import,HMISImportStaging_CEParticipation,CW_ImportID,FK_HMISImportStaging_CEParticipation_CW_ImportID_ProjectID_HMISImportStaging_Project_CW_ImportID_ProjectID,import,HMISImportStaging_Project,CW_ImportID
import,HMISImportStaging_CEParticipation,CW_ImportID,FK_HMISImportStaging_CEParticipation_CW_ImportID_UserID_HMISImportStaging_User_CW_ImportID_UserID,import,HMISImportStaging_User,CW_ImportID
import,HMISImportStaging_CEParticipation,CW_ImportID,FK_HMISImportStaging_CEParticipation_CW_ImportID_ExportID_HMISImportStaging_Export_CW_ImportID_ExportID,import,HMISImportStaging_Export,CW_ImportID
import,HMISImportStaging_CEParticipation,ProjectID,FK_HMISImportStaging_CEParticipation_CW_ImportID_ProjectID_HMISImportStaging_Project_CW_ImportID_ProjectID,import,HMISImportStaging_Project,ProjectID
import,HMISImportStaging_CEParticipation,UserID,FK_HMISImportStaging_CEParticipation_CW_ImportID_UserID_HMISImportStaging_User_CW_ImportID_UserID,import,HMISImportStaging_User,UserID
import,HMISImportStaging_CEParticipation,ExportID,FK_HMISImportStaging_CEParticipation_CW_ImportID_ExportID_HMISImportStaging_Export_CW_ImportID_ExportID,import,HMISImportStaging_Export,ExportID
import,HMISImportStaging_Client,CW_ImportID,FK_HMISImportStaging_Client_CW_ImportID_ExportID_HMISImportStaging_Export_CW_ImportID_ExportID,import,HMISImportStaging_Export,CW_ImportID
import,HMISImportStaging_Client,CW_ImportID,FK_HMISImportStaging_Client_CW_ImportID_HMISImportSettings_ImportID,import,HMISImportSettings,ImportID
import,HMISImportStaging_Client,CW_ImportID,FK_HMISImportStaging_Client_CW_ImportID_UserID_HMISImportStaging_User_CW_ImportID_UserID,import,HMISImportStaging_User,CW_ImportID
import,HMISImportStaging_Client,UserID,FK_HMISImportStaging_Client_CW_ImportID_UserID_HMISImportStaging_User_CW_ImportID_UserID,import,HMISImportStaging_User,UserID
import,HMISImportStaging_Client,ExportID,FK_HMISImportStaging_Client_CW_ImportID_ExportID_HMISImportStaging_Export_CW_ImportID_ExportID,import,HMISImportStaging_Export,ExportID
import,HMISImportStaging_CurrentLivingSituation,CW_ImportID,FK_HMISImportStaging_CurrentLivingSituation_CW_ImportID_HMISImportSettings_ImportID,import,HMISImportSettings,ImportID
import,HMISImportStaging_CurrentLivingSituation,CW_ImportID,FK_HMISImportStaging_CurrentLivingSituation_CW_ImportID_UserID_HMISImportStaging_User_CW_ImportID_UserID,import,HMISImportStaging_User,CW_ImportID
import,HMISImportStaging_CurrentLivingSituation,CW_ImportID,FK_HMISImportStaging_CurrentLivingSituation_CW_ImportID_ExportID_HMISImportStaging_Export_CW_ImportID_ExportID,import,HMISImportStaging_Export,CW_ImportID
import,HMISImportStaging_CurrentLivingSituation,UserID,FK_HMISImportStaging_CurrentLivingSituation_CW_ImportID_UserID_HMISImportStaging_User_CW_ImportID_UserID,import,HMISImportStaging_User,UserID
import,HMISImportStaging_CurrentLivingSituation,ExportID,FK_HMISImportStaging_CurrentLivingSituation_CW_ImportID_ExportID_HMISImportStaging_Export_CW_ImportID_ExportID,import,HMISImportStaging_Export,ExportID
import,HMISImportStaging_Disabilities,CW_ImportID,FK_HMISImportStaging_Disabilities_CW_ImportID_HMISImportSettings_ImportID,import,HMISImportSettings,ImportID
import,HMISImportStaging_Disabilities,CW_ImportID,FK_HMISImportStaging_Disabilities_CW_ImportID_UserID_HMISImportStaging_User_CW_ImportID_UserID,import,HMISImportStaging_User,CW_ImportID
import,HMISImportStaging_Disabilities,CW_ImportID,FK_HMISImportStaging_Disabilities_CW_ImportID_ExportID_HMISImportStaging_Export_CW_ImportID_ExportID,import,HMISImportStaging_Export,CW_ImportID
import,HMISImportStaging_Disabilities,UserID,FK_HMISImportStaging_Disabilities_CW_ImportID_UserID_HMISImportStaging_User_CW_ImportID_UserID,import,HMISImportStaging_User,UserID
import,HMISImportStaging_Disabilities,ExportID,FK_HMISImportStaging_Disabilities_CW_ImportID_ExportID_HMISImportStaging_Export_CW_ImportID_ExportID,import,HMISImportStaging_Export,ExportID
import,HMISImportStaging_EmploymentEducation,CW_ImportID,FK_HMISImportStaging_EmploymentEducation_CW_ImportID_HMISImportSettings_ImportID,import,HMISImportSettings,ImportID
import,HMISImportStaging_EmploymentEducation,CW_ImportID,FK_HMISImportStaging_EmploymentEducation_CW_ImportID_UserID_HMISImportStaging_User_CW_ImportID_UserID,import,HMISImportStaging_User,CW_ImportID
import,HMISImportStaging_EmploymentEducation,CW_ImportID,FK_HMISImportStaging_EmploymentEducation_CW_ImportID_ExportID_HMISImportStaging_Export_CW_ImportID_ExportID,import,HMISImportStaging_Export,CW_ImportID
import,HMISImportStaging_EmploymentEducation,UserID,FK_HMISImportStaging_EmploymentEducation_CW_ImportID_UserID_HMISImportStaging_User_CW_ImportID_UserID,import,HMISImportStaging_User,UserID
import,HMISImportStaging_EmploymentEducation,ExportID,FK_HMISImportStaging_EmploymentEducation_CW_ImportID_ExportID_HMISImportStaging_Export_CW_ImportID_ExportID,import,HMISImportStaging_Export,ExportID
import,HMISImportStaging_Enrollment,CW_ImportID,FK_HMISImportStaging_Enrollment_CW_ImportID_ExportID_HMISImportStaging_Export_CW_ImportID_ExportID,import,HMISImportStaging_Export,CW_ImportID
import,HMISImportStaging_Enrollment,CW_ImportID,FK_HMISImportStaging_Enrollment_CW_ImportID_HMISImportSettings_ImportID,import,HMISImportSettings,ImportID
import,HMISImportStaging_Enrollment,CW_ImportID,FK_HMISImportStaging_Enrollment_CW_ImportID_PersonalID_HMISImportStaging_Client_CW_ImportID_PersonalID,import,HMISImportStaging_Client,CW_ImportID
import,HMISImportStaging_Enrollment,CW_ImportID,FK_HMISImportStaging_Enrollment_CW_ImportID_ProjectID_HMISImportStaging_Project_CW_ImportID_ProjectID,import,HMISImportStaging_Project,CW_ImportID
import,HMISImportStaging_Enrollment,CW_ImportID,FK_HMISImportStaging_Enrollment_CW_ImportID_UserID_HMISImportStaging_User_CW_ImportID_UserID,import,HMISImportStaging_User,CW_ImportID
import,HMISImportStaging_Enrollment,PersonalID,FK_HMISImportStaging_Enrollment_CW_ImportID_PersonalID_HMISImportStaging_Client_CW_ImportID_PersonalID,import,HMISImportStaging_Client,PersonalID
import,HMISImportStaging_Enrollment,ProjectID,FK_HMISImportStaging_Enrollment_CW_ImportID_ProjectID_HMISImportStaging_Project_CW_ImportID_ProjectID,import,HMISImportStaging_Project,ProjectID
import,HMISImportStaging_Enrollment,UserID,FK_HMISImportStaging_Enrollment_CW_ImportID_UserID_HMISImportStaging_User_CW_ImportID_UserID,import,HMISImportStaging_User,UserID
import,HMISImportStaging_Enrollment,ExportID,FK_HMISImportStaging_Enrollment_CW_ImportID_ExportID_HMISImportStaging_Export_CW_ImportID_ExportID,import,HMISImportStaging_Export,ExportID
import,HMISImportStaging_Event,CW_ImportID,FK_HMISImportStaging_Event_CW_ImportID_HMISImportSettings_ImportID,import,HMISImportSettings,ImportID
import,HMISImportStaging_Event,CW_ImportID,FK_HMISImportStaging_Event_CW_ImportID_UserID_HMISImportStaging_User_CW_ImportID_UserID,import,HMISImportStaging_User,CW_ImportID
import,HMISImportStaging_Event,CW_ImportID,FK_HMISImportStaging_Event_CW_ImportID_ExportID_HMISImportStaging_Export_CW_ImportID_ExportID,import,HMISImportStaging_Export,CW_ImportID
import,HMISImportStaging_Event,UserID,FK_HMISImportStaging_Event_CW_ImportID_UserID_HMISImportStaging_User_CW_ImportID_UserID,import,HMISImportStaging_User,UserID
import,HMISImportStaging_Event,ExportID,FK_HMISImportStaging_Event_CW_ImportID_ExportID_HMISImportStaging_Export_CW_ImportID_ExportID,import,HMISImportStaging_Export,ExportID
import,HMISImportStaging_Exit,CW_ImportID,FK_HMISImportStaging_Exit_CW_ImportID_UserID_HMISImportStaging_User_CW_ImportID_UserID,import,HMISImportStaging_User,CW_ImportID
import,HMISImportStaging_Exit,CW_ImportID,FK_HMISImportStaging_Exit_CW_ImportID_ExportID_HMISImportStaging_Export_CW_ImportID_ExportID,import,HMISImportStaging_Export,CW_ImportID
import,HMISImportStaging_Exit,CW_ImportID,FK_HMISImportStaging_Exit_CW_ImportID_HMISImportSettings_ImportID,import,HMISImportSettings,ImportID
import,HMISImportStaging_Exit,UserID,FK_HMISImportStaging_Exit_CW_ImportID_UserID_HMISImportStaging_User_CW_ImportID_UserID,import,HMISImportStaging_User,UserID
import,HMISImportStaging_Exit,ExportID,FK_HMISImportStaging_Exit_CW_ImportID_ExportID_HMISImportStaging_Export_CW_ImportID_ExportID,import,HMISImportStaging_Export,ExportID
import,HMISImportStaging_Export,CW_ImportID,FK_HMISImportStaging_Export_CW_ImportID_HMISImportSettings_ImportID,import,HMISImportSettings,ImportID
import,HMISImportStaging_Funder,CW_ImportID,FK_HMISImportStaging_Funder_CW_ImportID_HMISImportSettings_ImportID,import,HMISImportSettings,ImportID
import,HMISImportStaging_Funder,CW_ImportID,FK_HMISImportStaging_Funder_CW_ImportID_ProjectID_HMISImportStaging_Project_CW_ImportID_ProjectID,import,HMISImportStaging_Project,CW_ImportID
import,HMISImportStaging_Funder,CW_ImportID,FK_HMISImportStaging_Funder_CW_ImportID_UserID_HMISImportStaging_User_CW_ImportID_UserID,import,HMISImportStaging_User,CW_ImportID
import,HMISImportStaging_Funder,CW_ImportID,FK_HMISImportStaging_Funder_CW_ImportID_ExportID_HMISImportStaging_Export_CW_ImportID_ExportID,import,HMISImportStaging_Export,CW_ImportID
import,HMISImportStaging_Funder,ProjectID,FK_HMISImportStaging_Funder_CW_ImportID_ProjectID_HMISImportStaging_Project_CW_ImportID_ProjectID,import,HMISImportStaging_Project,ProjectID
import,HMISImportStaging_Funder,UserID,FK_HMISImportStaging_Funder_CW_ImportID_UserID_HMISImportStaging_User_CW_ImportID_UserID,import,HMISImportStaging_User,UserID
import,HMISImportStaging_Funder,ExportID,FK_HMISImportStaging_Funder_CW_ImportID_ExportID_HMISImportStaging_Export_CW_ImportID_ExportID,import,HMISImportStaging_Export,ExportID
import,HMISImportStaging_HealthAndDV,CW_ImportID,FK_HMISImportStaging_HealthAndDV_CW_ImportID_HMISImportSettings_ImportID,import,HMISImportSettings,ImportID
import,HMISImportStaging_HealthAndDV,CW_ImportID,FK_HMISImportStaging_HealthAndDV_CW_ImportID_UserID_HMISImportStaging_User_CW_ImportID_UserID,import,HMISImportStaging_User,CW_ImportID
import,HMISImportStaging_HealthAndDV,CW_ImportID,FK_HMISImportStaging_HealthAndDV_CW_ImportID_ExportID_HMISImportStaging_Export_CW_ImportID_ExportID,import,HMISImportStaging_Export,CW_ImportID
import,HMISImportStaging_HealthAndDV,UserID,FK_HMISImportStaging_HealthAndDV_CW_ImportID_UserID_HMISImportStaging_User_CW_ImportID_UserID,import,HMISImportStaging_User,UserID
import,HMISImportStaging_HealthAndDV,ExportID,FK_HMISImportStaging_HealthAndDV_CW_ImportID_ExportID_HMISImportStaging_Export_CW_ImportID_ExportID,import,HMISImportStaging_Export,ExportID
import,HMISImportStaging_HMISParticipation,CW_ImportID,FK_HMISImportStaging_HMISParticipation_CW_ImportID_HMISImportSettings_ImportID,import,HMISImportSettings,ImportID
import,HMISImportStaging_HMISParticipation,CW_ImportID,FK_HMISImportStaging_HMISParticipation_CW_ImportID_ProjectID_HMISImportStaging_Project_CW_ImportID_ProjectID,import,HMISImportStaging_Project,CW_ImportID
import,HMISImportStaging_HMISParticipation,CW_ImportID,FK_HMISImportStaging_HMISParticipation_CW_ImportID_UserID_HMISImportStaging_User_CW_ImportID_UserID,import,HMISImportStaging_User,CW_ImportID
import,HMISImportStaging_HMISParticipation,CW_ImportID,FK_HMISImportStaging_HMISParticipation_CW_ImportID_ExportID_HMISImportStaging_Export_CW_ImportID_ExportID,import,HMISImportStaging_Export,CW_ImportID
import,HMISImportStaging_HMISParticipation,ProjectID,FK_HMISImportStaging_HMISParticipation_CW_ImportID_ProjectID_HMISImportStaging_Project_CW_ImportID_ProjectID,import,HMISImportStaging_Project,ProjectID
import,HMISImportStaging_HMISParticipation,UserID,FK_HMISImportStaging_HMISParticipation_CW_ImportID_UserID_HMISImportStaging_User_CW_ImportID_UserID,import,HMISImportStaging_User,UserID
import,HMISImportStaging_HMISParticipation,ExportID,FK_HMISImportStaging_HMISParticipation_CW_ImportID_ExportID_HMISImportStaging_Export_CW_ImportID_ExportID,import,HMISImportStaging_Export,ExportID
import,HMISImportStaging_IncomeBenefits,CW_ImportID,FK_HMISImportStaging_IncomeBenefits_CW_ImportID_HMISImportSettings_ImportID,import,HMISImportSettings,ImportID
import,HMISImportStaging_IncomeBenefits,CW_ImportID,FK_HMISImportStaging_IncomeBenefits_CW_ImportID_UserID_HMISImportStaging_User_CW_ImportID_UserID,import,HMISImportStaging_User,CW_ImportID
import,HMISImportStaging_IncomeBenefits,CW_ImportID,FK_HMISImportStaging_IncomeBenefits_CW_ImportID_ExportID_HMISImportStaging_Export_CW_ImportID_ExportID,import,HMISImportStaging_Export,CW_ImportID
import,HMISImportStaging_IncomeBenefits,UserID,FK_HMISImportStaging_IncomeBenefits_CW_ImportID_UserID_HMISImportStaging_User_CW_ImportID_UserID,import,HMISImportStaging_User,UserID
import,HMISImportStaging_IncomeBenefits,ExportID,FK_HMISImportStaging_IncomeBenefits_CW_ImportID_ExportID_HMISImportStaging_Export_CW_ImportID_ExportID,import,HMISImportStaging_Export,ExportID
import,HMISImportStaging_Inventory,CW_ImportID,FK_HMISImportStaging_Inventory_CW_ImportID_HMISImportSettings_ImportID,import,HMISImportSettings,ImportID
import,HMISImportStaging_Inventory,CW_ImportID,FK_HMISImportStaging_Inventory_CW_ImportID_ProjectID_HMISImportStaging_Project_CW_ImportID_ProjectID,import,HMISImportStaging_Project,CW_ImportID
import,HMISImportStaging_Inventory,CW_ImportID,FK_HMISImportStaging_Inventory_CW_ImportID_ProjectID_CoCCode_HMISImportStaging_ProjectCoC_CW_ImportID_ProjectID_CoCCode,import,HMISImportStaging_ProjectCoC,CW_ImportID
import,HMISImportStaging_Inventory,CW_ImportID,FK_HMISImportStaging_Inventory_CW_ImportID_UserID_HMISImportStaging_User_CW_ImportID_UserID,import,HMISImportStaging_User,CW_ImportID
import,HMISImportStaging_Inventory,CW_ImportID,FK_HMISImportStaging_Inventory_CW_ImportID_ExportID_HMISImportStaging_Export_CW_ImportID_ExportID,import,HMISImportStaging_Export,CW_ImportID
import,HMISImportStaging_Inventory,ProjectID,FK_HMISImportStaging_Inventory_CW_ImportID_ProjectID_HMISImportStaging_Project_CW_ImportID_ProjectID,import,HMISImportStaging_Project,ProjectID
import,HMISImportStaging_Inventory,ProjectID,FK_HMISImportStaging_Inventory_CW_ImportID_ProjectID_CoCCode_HMISImportStaging_ProjectCoC_CW_ImportID_ProjectID_CoCCode,import,HMISImportStaging_ProjectCoC,ProjectID
import,HMISImportStaging_Inventory,CoCCode,FK_HMISImportStaging_Inventory_CW_ImportID_ProjectID_CoCCode_HMISImportStaging_ProjectCoC_CW_ImportID_ProjectID_CoCCode,import,HMISImportStaging_ProjectCoC,CoCCode
import,HMISImportStaging_Inventory,UserID,FK_HMISImportStaging_Inventory_CW_ImportID_UserID_HMISImportStaging_User_CW_ImportID_UserID,import,HMISImportStaging_User,UserID
import,HMISImportStaging_Inventory,ExportID,FK_HMISImportStaging_Inventory_CW_ImportID_ExportID_HMISImportStaging_Export_CW_ImportID_ExportID,import,HMISImportStaging_Export,ExportID
import,HMISImportStaging_Organization,CW_ImportID,FK_HMISImportStaging_Organization_CW_ImportID_HMISImportSettings_ImportID,import,HMISImportSettings,ImportID
import,HMISImportStaging_Organization,CW_ImportID,FK_HMISImportStaging_Organization_CW_ImportID_UserID_HMISImportStaging_User_CW_ImportID_UserID,import,HMISImportStaging_User,CW_ImportID
import,HMISImportStaging_Organization,CW_ImportID,FK_HMISImportStaging_Organization_CW_ImportID_ExportID_HMISImportStaging_Export_CW_ImportID_ExportID,import,HMISImportStaging_Export,CW_ImportID
import,HMISImportStaging_Organization,UserID,FK_HMISImportStaging_Organization_CW_ImportID_UserID_HMISImportStaging_User_CW_ImportID_UserID,import,HMISImportStaging_User,UserID
import,HMISImportStaging_Organization,ExportID,FK_HMISImportStaging_Organization_CW_ImportID_ExportID_HMISImportStaging_Export_CW_ImportID_ExportID,import,HMISImportStaging_Export,ExportID
import,HMISImportStaging_Project,CW_ImportID,FK_HMISImportStaging_Project_CW_ImportID_HMISImportSettings_ImportID,import,HMISImportSettings,ImportID
import,HMISImportStaging_Project,CW_ImportID,FK_HMISImportStaging_Project_CW_ImportID_OrganizationID_HMISImportStaging_Organization_CW_ImportID_OrganizationID,import,HMISImportStaging_Organization,CW_ImportID
import,HMISImportStaging_Project,CW_ImportID,FK_HMISImportStaging_Project_CW_ImportID_UserID_HMISImportStaging_User_CW_ImportID_UserID,import,HMISImportStaging_User,CW_ImportID
import,HMISImportStaging_Project,CW_ImportID,FK_HMISImportStaging_Project_CW_ImportID_ExportID_HMISImportStaging_Export_CW_ImportID_ExportID,import,HMISImportStaging_Export,CW_ImportID
import,HMISImportStaging_Project,OrganizationID,FK_HMISImportStaging_Project_CW_ImportID_OrganizationID_HMISImportStaging_Organization_CW_ImportID_OrganizationID,import,HMISImportStaging_Organization,OrganizationID
import,HMISImportStaging_Project,UserID,FK_HMISImportStaging_Project_CW_ImportID_UserID_HMISImportStaging_User_CW_ImportID_UserID,import,HMISImportStaging_User,UserID
import,HMISImportStaging_Project,ExportID,FK_HMISImportStaging_Project_CW_ImportID_ExportID_HMISImportStaging_Export_CW_ImportID_ExportID,import,HMISImportStaging_Export,ExportID
import,HMISImportStaging_ProjectCoC,CW_ImportID,FK_HMISImportStaging_ProjectCoC_CW_ImportID_HMISImportSettings_ImportID,import,HMISImportSettings,ImportID
import,HMISImportStaging_ProjectCoC,CW_ImportID,FK_HMISImportStaging_ProjectCoC_CW_ImportID_ProjectID_HMISImportStaging_Project_CW_ImportID_ProjectID,import,HMISImportStaging_Project,CW_ImportID
import,HMISImportStaging_ProjectCoC,CW_ImportID,FK_HMISImportStaging_ProjectCoC_CW_ImportID_UserID_HMISImportStaging_User_CW_ImportID_UserID,import,HMISImportStaging_User,CW_ImportID
import,HMISImportStaging_ProjectCoC,CW_ImportID,FK_HMISImportStaging_ProjectCoC_CW_ImportID_ExportID_HMISImportStaging_Export_CW_ImportID_ExportID,import,HMISImportStaging_Export,CW_ImportID
import,HMISImportStaging_ProjectCoC,CW_OrganizationID,FK_HMISImportStaging_ProjectCoC_CW_OrganizationID_Organization_EntityID,dbo,Organization,EntityID
import,HMISImportStaging_ProjectCoC,CW_OrganizationID,FK_HMISImportStaging_ProjectCoC_CW_ProviderID_CW_OrganizationID_Provider_EntityID_OrganizationID,dbo,Provider,OrganizationID
import,HMISImportStaging_ProjectCoC,CW_ProviderID,FK_HMISImportStaging_ProjectCoC_CW_ProviderID_CW_OrganizationID_Provider_EntityID_OrganizationID,dbo,Provider,EntityID
import,HMISImportStaging_ProjectCoC,CW_UsageID,FK_HMISImportStaging_ProjectCoC_CW_UsageID_ResourceUsage_UsageID,dbo,ResourceUsage,UsageID
import,HMISImportStaging_ProjectCoC,ProjectID,FK_HMISImportStaging_ProjectCoC_CW_ImportID_ProjectID_HMISImportStaging_Project_CW_ImportID_ProjectID,import,HMISImportStaging_Project,ProjectID
import,HMISImportStaging_ProjectCoC,UserID,FK_HMISImportStaging_ProjectCoC_CW_ImportID_UserID_HMISImportStaging_User_CW_ImportID_UserID,import,HMISImportStaging_User,UserID
import,HMISImportStaging_ProjectCoC,ExportID,FK_HMISImportStaging_ProjectCoC_CW_ImportID_ExportID_HMISImportStaging_Export_CW_ImportID_ExportID,import,HMISImportStaging_Export,ExportID
import,HMISImportStaging_Services,CW_ImportID,FK_HMISImportStaging_Services_CW_ImportID_ExportID_HMISImportStaging_Export_CW_ImportID_ExportID,import,HMISImportStaging_Export,CW_ImportID
import,HMISImportStaging_Services,CW_ImportID,FK_HMISImportStaging_Services_CW_ImportID_HMISImportSettings_ImportID,import,HMISImportSettings,ImportID
import,HMISImportStaging_Services,CW_ImportID,FK_HMISImportStaging_Services_CW_ImportID_UserID_HMISImportStaging_User_CW_ImportID_UserID,import,HMISImportStaging_User,CW_ImportID
import,HMISImportStaging_Services,UserID,FK_HMISImportStaging_Services_CW_ImportID_UserID_HMISImportStaging_User_CW_ImportID_UserID,import,HMISImportStaging_User,UserID
import,HMISImportStaging_Services,ExportID,FK_HMISImportStaging_Services_CW_ImportID_ExportID_HMISImportStaging_Export_CW_ImportID_ExportID,import,HMISImportStaging_Export,ExportID
import,HMISImportStaging_User,CW_ImportID,FK_HMISImportStaging_User_CW_ImportID_HMISImportSettings_ImportID,import,HMISImportSettings,ImportID
import,HMISImportStaging_User,CW_ImportID,FK_HMISImportStaging_User_CW_ImportID_ExportID_HMISImportStaging_Export_CW_ImportID_ExportID,import,HMISImportStaging_Export,CW_ImportID
import,HMISImportStaging_User,ExportID,FK_HMISImportStaging_User_CW_ImportID_ExportID_HMISImportStaging_Export_CW_ImportID_ExportID,import,HMISImportStaging_Export,ExportID
import,HMISImportStaging_YouthEducationStatus,CW_ImportID,FK_HMISImportStaging_YouthEducationStatus_CW_ImportID_HMISImportSettings_ImportID,import,HMISImportSettings,ImportID
import,HMISImportStaging_YouthEducationStatus,CW_ImportID,FK_HMISImportStaging_YouthEducationStatus_CW_ImportID_UserID_HMISImportStaging_User_CW_ImportID_UserID,import,HMISImportStaging_User,CW_ImportID
import,HMISImportStaging_YouthEducationStatus,CW_ImportID,FK_HMISImportStaging_YouthEducationStatus_CW_ImportID_ExportID_HMISImportStaging_Export_CW_ImportID_ExportID,import,HMISImportStaging_Export,CW_ImportID
import,HMISImportStaging_YouthEducationStatus,UserID,FK_HMISImportStaging_YouthEducationStatus_CW_ImportID_UserID_HMISImportStaging_User_CW_ImportID_UserID,import,HMISImportStaging_User,UserID
import,HMISImportStaging_YouthEducationStatus,ExportID,FK_HMISImportStaging_YouthEducationStatus_CW_ImportID_ExportID_HMISImportStaging_Export_CW_ImportID_ExportID,import,HMISImportStaging_Export,ExportID
import,Import,ImportTypeID,FK_Import_ImportTypeID_ImportType_ImportTypeID,import,ImportType,ImportTypeID
import,Import,ImportSourceID,FK_Import_ImportSourceID_ImportSource_ImportSourceID,import,ImportSource,ImportSourceID
import,Import,CrosswalkID,FK_Import_CrosswalkID_Crosswalk_CrosswalkID,import,Crosswalk,CrosswalkID
import,Import,CreatedBy,FK_Import_CreatedBy_Users_EntityID,dbo,Users,EntityID
import,Import,DeletedBy,FK_Import_DeletedBy_Users_EntityID,dbo,Users,EntityID
import,Import,LastModifiedBy,FK_Import_LastModifiedBy_Users_EntityID,dbo,Users,EntityID
import,Import,OwnedByOrgID,FK_Import_OwnedByOrgID_Organization_EntityID,dbo,Organization,EntityID
import,ImportConfigurationContextType,ImportConfigurationID,FK_ImportConfigurationContextType_ImportConfigurationID_ImportConfiguration_ImportConfigurationID,import,ImportConfiguration,ImportConfigurationID
import,ImportConfigurationContextType,ContextTypeID,FK_ImportConfigurationContextType_ContextTypeID_ContextType_ContextTypeID,dbo,ContextType,ContextTypeID
import,ImportCrosswalkMapJunction,ImportID,FK_ImportCrosswalkMapJunction_ImportID_Import_ImportID,import,Import,ImportID
import,ImportCrosswalkMapJunction,ImportConfigurationID,FK_ImportCrosswalkMapJunction_ImportConfigurationID_ImportConfiguration_ImportConfigurationID,import,ImportConfiguration,ImportConfigurationID
import,ImportCrosswalkMapJunction,CrosswalkMapID,FK_ImportCrosswalkMapJunction_CrosswalkMapID_CrosswalkMap_CrosswalkMapID,import,CrosswalkMap,CrosswalkMapID
import,ImportEntityMetaDataJunction,ImportID,FK_ImportEntityMetaDataJunction_ImportID_Import_ImportID,import,Import,ImportID
import,ImportEntityMetaDataJunction,ImportConfigurationID,FK_ImportEntityMetaDataJunction_ImportConfigurationID_ImportConfiguration_ImportConfigurationID,import,ImportConfiguration,ImportConfigurationID
import,ImportEntityMetaDataJunction,EntityMetaDataID,FK_ImportEntityMetaDataJunction_EntityMetaDataID_EntityMetaData_EntityMetaDataID,import,EntityMetaData,EntityMetaDataID
import,ImportError,ImportID,FK_ImportError_ImportID_Import_ImportID,import,Import,ImportID
import,ImportError,ImportConfigurationID,FK_ImportError_ImportConfigurationID_ImportConfiguration_ImportConfigurationID,import,ImportConfiguration,ImportConfigurationID
import,ImportError,CreatedBy,FK_ImportError_CreatedBy_Users_EntityID,dbo,Users,EntityID
import,ImportError,DeletedBy,FK_ImportError_DeletedBy_Users_EntityID,dbo,Users,EntityID
import,ImportError,LastModifiedBy,FK_ImportError_LastModifiedBy_Users_EntityID,dbo,Users,EntityID
import,ImportError,OwnedByOrgID,FK_ImportError_OwnedByOrgID_Organization_EntityID,dbo,Organization,EntityID
import,ImportSource,CreatedBy,FK_ImportSource_CreatedBy_Users_EntityID,dbo,Users,EntityID
import,ImportSource,DeletedBy,FK_ImportSource_DeletedBy_Users_EntityID,dbo,Users,EntityID
import,ImportSource,LastModifiedBy,FK_ImportSource_LastModifiedBy_Users_EntityID,dbo,Users,EntityID
import,ImportSource,OwnedByOrgID,FK_ImportSource_OwnedByOrgID_Organization_EntityID,dbo,Organization,EntityID
import,ImportSourceCode,ImportSourceID,FK_ImportSourceCode_ImportSourceID_ImportSource_ImportSourceID,import,ImportSource,ImportSourceID
import,ImportSourceCode,ListID,FK_ImportSourceCode_ListID_Lists_ListID,dbo,Lists,ListID
import,ImportSourceCode,CreatedBy,FK_ImportSourceCode_CreatedBy_Users_EntityID,dbo,Users,EntityID
import,ImportSourceCode,DeletedBy,FK_ImportSourceCode_DeletedBy_Users_EntityID,dbo,Users,EntityID
import,ImportSourceCode,LastModifiedBy,FK_ImportSourceCode_LastModifiedBy_Users_EntityID,dbo,Users,EntityID
import,ImportSourceCode,OwnedByOrgID,FK_ImportSourceCode_OwnedByOrgID_Organization_EntityID,dbo,Organization,EntityID
import,ImportSourceEntity,ImportSourceID,FK_ImportSourceEntity_ImportSourceID_ImportSource_ImportSourceID,import,ImportSource,ImportSourceID
import,ImportSourceEntity,EntityID,FK_ImportSourceEntity_EntityID_Entity_EntityID,dbo,Entity,EntityID
import,ImportSourceModule,ImportSourceID,FK_ImportSourceModule_ImportSourceID_ImportSource_ImportSourceID,import,ImportSource,ImportSourceID
import,ImportSourceModule,IntegrationModuleID,FK_ImportSourceModule_IntegrationModuleID_IntegrationModule_IntegrationModuleID,import,IntegrationModule,IntegrationModuleID
import,ImportSourceModule,CreatedBy,FK_ImportSourceModule_CreatedBy_Users_EntityID,dbo,Users,EntityID
import,ImportSourceModule,DeletedBy,FK_ImportSourceModule_DeletedBy_Users_EntityID,dbo,Users,EntityID
import,ImportSourceModule,LastModifiedBy,FK_ImportSourceModule_LastModifiedBy_Users_EntityID,dbo,Users,EntityID
import,ImportSourceServTrackerConfig,ImportSourceID,FK_ImportSourceServTrackerConfig_ImportSourceID_ImportSource_ImportSourceID,import,ImportSource,ImportSourceID
import,ImportSourceServTrackerConfig,CreatedBy,FK_ImportSourceServTrackerConfig_CreatedBy_Users_EntityID,dbo,Users,EntityID
import,ImportSourceServTrackerConfig,DeletedBy,FK_ImportSourceServTrackerConfig_DeletedBy_Users_EntityID,dbo,Users,EntityID
import,ImportSourceServTrackerConfig,LastModifiedBy,FK_ImportSourceServTrackerConfig_LastModifiedBy_Users_EntityID,dbo,Users,EntityID
import,ImportTypeStep,ImportTypeID,FK_ImportTypeStep_ImportTypeID_ImportType_ImportTypeID,import,ImportType,ImportTypeID
import,ImportTypeStep,ImportConfigurationID,FK_ImportTypeStep_ImportConfigurationID_ImportConfiguration_ImportConfigurationID,import,ImportConfiguration,ImportConfigurationID
import,IntegrationModule,CreatedBy,FK_IntegrationModule_CreatedBy_Users_EntityID,dbo,Users,EntityID
import,IntegrationModule,DeletedBy,FK_IntegrationModule_DeletedBy_Users_EntityID,dbo,Users,EntityID
import,IntegrationModule,LastModifiedBy,FK_IntegrationModule_LastModifiedBy_Users_EntityID,dbo,Users,EntityID
import,ModuleExecution,ImportSourceID,FK_ModuleExecution_ImportSourceID_ImportSource_ImportSourceID,import,ImportSource,ImportSourceID
import,ModuleExecution,IntegrationModuleID,FK_ModuleExecution_IntegrationModuleID_IntegrationModule_IntegrationModuleID,import,IntegrationModule,IntegrationModuleID
import,ServiceAuthoEligibilitySync,ServiceAuthoEligibilityID,FK_ServiceAuthoEligibilitySync_ServiceAuthoEligibility,dbo,ServiceAuthoEligibility,ServiceAuthoEligibilityID
import,ServTrackerIntegration_Service,ModuleExecutionID,FK_ServTrackerIntegration_Service_ModuleExecutionID_ModuleExecution_ModuleExecutionID,import,ModuleExecution,ModuleExecutionID
import,ServTrackerIntegration_Service,ImportSourceID,FK_ServTrackerIntegration_Service_ImportSourceID_ImportSource_ImportSourceID,import,ImportSource,ImportSourceID
import,ServTrackerIntegration_ServiceValidationQueue,ImportSourceID,FK_ServTrackerIntegration_ServiceValidationQueue_ImportSourceID_ImportSource_ImportSourceID,import,ImportSource,ImportSourceID
import,ServTrackerIntegration_ServiceValidationQueue,ModuleExecutionID,FK_ServTrackerIntegration_ServiceValidationQueue_ModuleExecutionID_ModuleExecution_ModuleExecutionID,import,ModuleExecution,ModuleExecutionID
import,ServTrackerIntegration_ServiceValidationQueue,CreatedBy,FK_ServTrackerIntegration_ServiceValidationQueue_CreatedBy_Users_EntityID,dbo,Users,EntityID
import,ServTrackerReferralStatus,ProviderReferralID,FK_ServTrackerReferralStatus_ProviderReferral,dbo,ProviderReferral,ProviderReferralID
sync,ChildObject,ChildObjectTypeID,FK_ChildObject_ChildObjectTypeID_ChildObjectType_ChildObjectTypeID,sync,ChildObjectType,ChildObjectTypeID
sync,ImportHistory,ImportBy,FK_ImportHistory_Users,dbo,Users,EntityID
sync,ImportHistory,ObjectTypeID,FK_ImportHistory_ObjectType,sync,ObjectType,ObjectTypeID
sync,ImportHistoryObject,ImportHistoryID,FK_ImportHistoryObject_ImportHistory,sync,ImportHistory,ImportHistoryID
sync,ImportHistoryObject,ObjectTypeID,FK_ImportHistoryObject_ObjectType,sync,ObjectType,ObjectTypeID
sync,ImportHistoryObject,SyncActionID,FK_ImportHistoryObject_SyncAction,sync,SyncAction,SyncActionID
sync,ImportHistorySchema,ImportHistoryID,FK_ImportHistorySchema_ImportHistory,sync,ImportHistory,ImportHistoryID
sync,ImportHistorySchema,ObjectTypeID,FK_ImportHistorySchema_ObjectType,sync,ObjectType,ObjectTypeID
sync,ImportHistorySchema,SyncActionID,FK_ImportHistorySchema_SyncAction,sync,SyncAction,SyncActionID
sync,ImportHistoryTable,ImportHistoryID,FK_ImportHistoryTable_ImportHistory,sync,ImportHistory,ImportHistoryID
sync,ImportHistoryTable,SyncActionID,FK_ImportHistoryTable_SyncAction,sync,SyncAction,SyncActionID
sync,Object,ObjectTypeID,FK_Object_ObjectType,sync,ObjectType,ObjectTypeID
sync,SyncError,ObjectTypeID,FK_SyncError_ObjectType,sync,ObjectType,ObjectTypeID
sync,VersionRelease,CreatedBy,FK_VersionRelease_Users_CreatedBy,dbo,Users,EntityID
sync,VersionRelease,LastModifiedBy,FK_VersionRelease_Users_LastModifiedBy,dbo,Users,EntityID
sync,VersionRelease,DeletedBy,FK_VersionRelease_Users_DeletedBy,dbo,Users,EntityID
sync,VersionReleaseObject,VersionReleaseID,FK_VersionReleaseObject_VersionRelease,sync,VersionRelease,VersionReleaseID
sync,VersionReleaseObject,CreatedBy,FK_VersionReleaseObject_Users_CreatedBy,dbo,Users,EntityID
sync,VersionReleaseObject,LastModifiedBy,FK_VersionReleaseObject_Users_LastModifiedBy,dbo,Users,EntityID
sync,VersionReleaseObject,DeletedBy,FK_VersionReleaseObject_Users_DeletedBy,dbo,Users,EntityID
test,AsmntTable,AssessmentID,FK_AsmntTable_AssessmentID_Assessment_AssessmentID,dbo,Assessment,AssessmentID
test,AsmntTable,CreatedBy,FK_AsmntTable_CreatedBy_Users_EntityID,dbo,Users,EntityID
test,AsmntTable,DeletedBy,FK_AsmntTable_DeletedBy_Users_EntityID,dbo,Users,EntityID
test,AsmntTable,LastModifiedBy,FK_AsmntTable_LastModifiedBy_Users_EntityID,dbo,Users,EntityID
test,AsmntTable,OwnedByOrgID,FK_AsmntTable_OwnedByOrgID_Organization_EntityID,dbo,Organization,EntityID
test,TransactionTable,CreatedBy,FK_TransactionTable_CreatedBy_Users_EntityID,dbo,Users,EntityID
test,TransactionTable,DeletedBy,FK_TransactionTable_DeletedBy_Users_EntityID,dbo,Users,EntityID
test,TransactionTable,LastModifiedBy,FK_TransactionTable_LastModifiedBy_Users_EntityID,dbo,Users,EntityID
test,TransactionTable,OwnedByOrgID,FK_TransactionTable_OwnedByOrgID_Organization_EntityID,dbo,Organization,EntityID
test,TransactionTable,ClientID,FK_TransactionTable_ClientID_Client_EntityID,dbo,Client,EntityID
