Gender,1,-1,Non-Binary
Gender,1,0,Multiple Gender identities
Gender,1,1,"Man (Boy, if child)"
Gender,1,2,"Woman (Girl, if child)"
Gender,1,3,Trans Female (MTF or Male to Female)
Gender,1,4,Trans Male (FTM or Female to Male)
Gender,1,5,Other
Gender,1,6,Client Doesn't Know
Gender,1,7,Client Prefers Not to Answer
Gender,1,8,Transgender Unknown
Gender,1,9,Transgender
Gender,1,10,Questioning
Gender,1,11,"Culturally Specific Identity (e.g., Two-Spirit)"
Gender,1,12,Different Identity
Gender,1,99,Data Not Collected
Unit of Measure,2,1,Days
Unit of Measure,2,2,Hours
Unit of Measure,2,3,Minutes
Unit of Measure,2,4,Each
Unit of Measure,2,5,Dollar
Unit of Measure,2,6,Mileage
Unit of Measure,2,7,1/4 Hours (15 Min Intervals)
Unit of Measure,2,8,1/6 Hours (10 Min Intervals)
Unit of Measure,2,9,Pounds
Unit of Measure,2,10,1/2 Hours (30 Min Intervals)
Unit of Measure,2,25,Vocational Hours
Usage Types,3,1,Unit
Usage Types,3,2,One Bedroom
Usage Types,3,3,Two Bedroom
Usage Types,3,4,Three Bedroom
Usage Types,3,5,Four Bedroom
Usage Types,3,6,Studio
Usage Types,3,7,Single Room Occupancy
Usage Types,3,8,Suite
Usage Types,3,9,One Bedroom
Usage Types,3,10,Two Bedroom
Usage Types,3,11,Three Bedroom
Usage Types,3,12,Four Bedroom
Usage Types,3,13,Five Bedroom
Usage Types,3,14,Six Bedroom
Usage Types,3,15,Five Bedroom
Usage Types,3,16,Six Bedroom
Relation to Head of Household,4,1,Self
Relation to Head of Household,4,2,Spouse
Relation to Head of Household,4,3,Child
Relation to Head of Household,4,4,Step-Child
Relation to Head of Household,4,5,Grandparent
Relation to Head of Household,4,6,Guardian
Relation to Head of Household,4,7,Other Relative
Relation to Head of Household,4,8,Other Non-Relative
Relation to Head of Household,4,9,Unknown
Relation to Head of Household,4,10,Grandchild
Relation to Head of Household,4,11,Foster-Child
Address Type,5,1,Current Address
Address Type,5,2,Mailing Address
Address Type,5,3,Previous Address
Race,6,-1,Other
Race,6,0,Multi-Racial
Race,6,1,"American Indian, Alaska Native, or Indigenous"
Race,6,2,Asian or Asian American
Race,6,3,"Black, African American or African"
Race,6,4,Native Hawaiian or Pacific Islander
Race,6,5,White
Race,6,6,Hispanic/Latina/o
Race,6,7,Middle Eastern or North African
Race,6,8,Client Doesn't Know
Race,6,9,Client Prefers Not to Answer
Race,6,20,Haitian
Race,6,21,Cape Verdean
Race,6,22,Arab
Race,6,23,Caribbean
Race,6,24,East Asian
Race,6,25,Persian
Race,6,26,Korean
Race,6,27,Asian Indian
Race,6,28,Chinese
Race,6,29,Samoan
Race,6,30,Guamanian or Chamorro
Race,6,31,Vietnamese
Race,6,32,Filipino
Race,6,33,Japanese
Race,6,99,Data Not Collected
Ethnicity,7,1,Non-Hispanic/Non-Latina/o
Ethnicity,7,2,Hispanic/Latina/o
Ethnicity,7,8,Client Doesn't Know
Ethnicity,7,9,Client Prefers Not to Answer
Ethnicity,7,99,Data Not Collected
User Types,8,1,Unauthenticated Public
User Types,8,2,Authenticated Users
User Types,8,3,Alter Own Role
User Types,8,4,Alter Any Role
Payment Types,13,1,Cash
Payment Types,13,3,Money Order
Payment Types,13,5,Check
Payment Types,13,7,Credit Card
Payment Types,13,9,Write-off
Payment Types,13,10,Refund Service
Payment Types,13,50,Void/Declined
Payment Types,13,99,Deposit Refunds
Document Check,14,1,Income Tax Return
Document Check,14,2,Pay Stub
Document Check,14,3,Notarized Statement
Document Check,14,4,Federal Assistance Documents
Document Check,14,5,Utility Bill
Document Check,14,6,Government Issued
Bulletin Board Permission Types,15,1,All Users
Bulletin Board Permission Types,15,2,Organization
Bulletin Board Permission Types,15,3,Organizations Assigned To A Program
Bulletin Board Permission Types,15,4,User
Bulletin Board Permission Types,15,5,Case Managers Assigned To Clients Within A Program
Bulletin Board Permission Types,15,6,Provider
Bulletin Board Permission Types,15,7,Provider Programs
Bulletin Board Permission Types,15,8,Provider Categories
Bulletin Board Permission Types,15,9,Role
Bulletin Board Permission Types,15,10,Team
Secondary Resource UI Element Types,17,1,Horizontal Corridor
Secondary Resource UI Element Types,17,2,Vertical Corridor
Secondary Resource UI Element Types,17,3,Horizontal Road
Secondary Resource UI Element Types,17,4,Vertical Road
Grade Level,19,0,0 Kindergarten
Grade Level,19,1,1st Grade
Grade Level,19,2,2nd Grade
Grade Level,19,3,3rd Grade
Grade Level,19,4,4th Grade
Grade Level,19,5,5th Grade
Grade Level,19,6,6th Grade
Grade Level,19,7,7th Grade
Grade Level,19,8,8th Grade
Grade Level,19,12,9th Grade or higher
Grade Level,19,98,0-Pre-K
Grade Level,19,99,0-Not Applicable
Affordability Program,21,0,Not In Program
Affordability Program,21,1,Loss of job/Change in income
Affordability Program,21,2,Medical Bills
Affordability Program,21,3,Accident w/ Bills
Affordability Program,21,4,House Repairs
Affordability Program,21,5,Fire
Affordability Program,21,6,Other
Frequency Types (Polling Service),22,1,Once
Frequency Types (Polling Service),22,2,Hours
Frequency Types (Polling Service),22,3,Days
Frequency Types (Polling Service),22,4,Weeks
Frequency Types (Polling Service),22,5,Months
Frequency Types (Polling Service),22,6,Quarters
Frequency Types (Polling Service),22,7,Years
Start Times (Polling Service),23,0,12 AM
Start Times (Polling Service),23,1,1 AM
Start Times (Polling Service),23,2,2 AM
Start Times (Polling Service),23,3,3 AM
Start Times (Polling Service),23,4,4 AM
Start Times (Polling Service),23,5,5 AM
Start Times (Polling Service),23,6,6 AM
Start Times (Polling Service),23,7,7 AM
Start Times (Polling Service),23,8,8 AM
Start Times (Polling Service),23,9,9 AM
Start Times (Polling Service),23,10,10 AM
Start Times (Polling Service),23,11,11 AM
Start Times (Polling Service),23,12,12 PM
Start Times (Polling Service),23,13,1 PM
Start Times (Polling Service),23,14,2 PM
Start Times (Polling Service),23,15,3 PM
Start Times (Polling Service),23,16,4 PM
Start Times (Polling Service),23,17,5 PM
Start Times (Polling Service),23,18,6 PM
Start Times (Polling Service),23,19,7 PM
Start Times (Polling Service),23,20,8 PM
Start Times (Polling Service),23,21,9 PM
Start Times (Polling Service),23,22,10 PM
Start Times (Polling Service),23,23,11 PM
Usage Statuses,24,1,Available
Usage Statuses,24,2,Under Repair
Usage Statuses,24,3,In Development
Client Restriction,25,1,Shared
Client Restriction,25,2,Not Shared
Assessment Association,26,1,HOH only
Assessment Association,26,2,All enrolled members
Assessment Event,27,1,At Entry
Assessment Event,27,2,During
Assessment Event,27,3,At Exit
Assessment Event,27,5,Annual
Assessment Event,27,6,Post-Exit
Data Quality,28,0,Value Provided
Data Quality,28,1,Partial Value
Data Quality,28,2,Don't Know
Data Quality,28,3,Won't Answer
Service Type Usage,31,1,Direct
Service Type Usage,31,2,Indirect
Service Type Usage,31,3,Referral / Service Request
Service Type Usage,31,4,Account - No Obligation
Service Type Usage,31,5,Account - Obligation
Service Type Usage,31,6,Account - Client Paid
Service Type Usage,31,7,Time
Service Type Usage,31,9,Medical Billing
Service Type Usage,31,40,"Need Authorization "
Resource Types,33,1,Classroom
Resource Types,33,2,Housing
Resource Types,33,4,Housing Emergency
Resource Types,33,9,"Volunteer Events "
Resource Types,33,15,Front Office
Resource Types,33,20,Cemetery
Resource Types,33,21,Coordination Center
Resource Types,33,25,Encounter
Resource Types,33,30,Group Service Time
Resource Types,33,35,Medication Administration
Resource Types,33,40,Event - In / Out
Resource Types,33,45,Scattered Site Housing
Resource Types,33,50,Meals on Wheels Event
Resource Types,33,55,Workshop Series
Resource Types,33,60,Work Therapy / Chores
Resource Types,33,65,"Manage Facility "
Resource Types,33,66,Staffed Housing
Resource Types,33,70,Domestic Violence
Resource Types,33,75,Resource Availability
Resource Types,33,76,Clinic
Resource Types,33,80,QA Location
Recurrence,34,0,Hourly
Recurrence,34,1,Daily
Recurrence,34,3,Weekly
Recurrence,34,4,BiWeekly (every two weeks)
Recurrence,34,5,Monthly
Recurrence,34,10,Semi Monthly (twice monthly)
Recurrence,34,15,Annually
Recurrence,34,20,BiMonthly
Recurrence,34,25,Semi Annually
Recurrence,34,26,Other
Case Note Restriction,36,1,Shared
Case Note Restriction,36,2,"Not Shared (Org Only) "
Case Note Restriction,36,3,My eyes only
YesNoDontKnowWontAnswer,37,1,Yes
YesNoDontKnowWontAnswer,37,2,No
YesNoDontKnowWontAnswer,37,3,Client doesn't know
YesNoDontKnowWontAnswer,37,4,Client Prefers Not to Answer
YesNoDontKnowWontAnswer,37,99,Data Not Collected
HMIS Prior Residence,38,-1,Other
HMIS Prior Residence,38,1,"Emergency shelter, including hotel or motel paid for with emergency shelter voucher, Host Home shelter"
HMIS Prior Residence,38,2,Transitional housing for homeless persons (including homeless youth)
HMIS Prior Residence,38,4,Psychiatric hospital or other psychiatric facility
HMIS Prior Residence,38,5,Substance abuse treatment facility or detox center
HMIS Prior Residence,38,6,Hospital or other residential non-psychiatric medical facility
HMIS Prior Residence,38,7,"Jail, prison or juvenile detention facility"
HMIS Prior Residence,38,8,Client doesn't know
HMIS Prior Residence,38,9,Client Prefers Not to Answer
HMIS Prior Residence,38,10,"Rental by client, no ongoing housing subsidy"
HMIS Prior Residence,38,11,"Owned by client, no ongoing housing subsidy"
HMIS Prior Residence,38,12,"Staying or living with family, temporary tenure (e.g., room, apartment or house)"
HMIS Prior Residence,38,13,"Staying or living with friends, temporary tenure (e.g., room, apartment or house)"
HMIS Prior Residence,38,14,Hotel or motel paid for without emergency shelter voucher
HMIS Prior Residence,38,15,Foster care home or foster care group home
HMIS Prior Residence,38,16,"Place not meant for habitation (e.g., a vehicle, an abandoned building, bus/train/subway station/airport or anywhere outside)"
HMIS Prior Residence,38,18,Safe Haven
HMIS Prior Residence,38,19,"Owned by client, with ongoing housing subsidy"
HMIS Prior Residence,38,20,Client Doesn't Know
HMIS Prior Residence,38,21,"Owned by client, with ongoing housing subsidy"
HMIS Prior Residence,38,22,"Staying or living with family, permanent tenure"
HMIS Prior Residence,38,23,"Staying or living with friends, permanent tenure"
HMIS Prior Residence,38,24,Deceased
HMIS Prior Residence,38,25,Long-term care facility or nursing home
HMIS Prior Residence,38,26,Moved from one HOPWA funded project to HOPWA PH
HMIS Prior Residence,38,27,Moved from one HOPWA funded project to HOPWA TH
HMIS Prior Residence,38,29,Residential Project or halfway house with no homeless criteria
HMIS Prior Residence,38,31,Rental by client with RRH or equivalent subsidy
HMIS Prior Residence,38,32,Host Home (non-crisis)
HMIS Prior Residence,38,33,Rental by client with HCV voucher (tenant or project based)
HMIS Prior Residence,38,34,Rental by client in a public housing unit
HMIS Prior Residence,38,35,"Staying or living in a family member's room, apartment or house"
HMIS Prior Residence,38,36,"Staying or living in a friend's room, apartment or house"
HMIS Prior Residence,38,49,"Rental by client, with ongoing housing subsidy"
HMIS Prior Residence,38,50,HOMELESS SITUATION
HMIS Prior Residence,38,51,INSTITUTIONAL SITUATION
HMIS Prior Residence,38,52,TEMPORARY AND PERMANENT HOUSING SITUATION
HMIS Prior Residence,38,53,OTHER
HMIS Prior Residence,38,99,Data Not Collected
HMIS Length Of Stay,39,1,Two to six nights
HMIS Length Of Stay,39,2,"One week or more, but less than one month"
HMIS Length Of Stay,39,3,"One month or more, but less than 90 days"
HMIS Length Of Stay,39,4,"90 days or more, but less than one year"
HMIS Length Of Stay,39,5,One year or longer
HMIS Length Of Stay,39,8,Client Doesn't Know
HMIS Length Of Stay,39,9,Client Prefers Not to Answer
HMIS Length Of Stay,39,10,One Night or Less
HMIS Length Of Stay,39,99,Data Not Collected
Housing Type,40,1,Site-based- single site
Housing Type,40,2,Site-based- clustered / multiple sites
Housing Type,40,3,Tenant-based- scattered site
Housing Type,40,90,No Value- Field Retired from HMIS Standards
HMIS Site Type,41,1,Non-Residential:Services Only
HMIS Site Type,41,2,Residential:Special Needs and Non-special Needs
HMIS Site Type,41,3,Residential:Special Needs Only
HMIS Site Type,41,90,No Value- Field Retired from HMIS Standards
HMIS Primary Housing Type,42,1,Mass shelter/barracks
HMIS Primary Housing Type,42,2,Dormitory/hotel/motel
HMIS Primary Housing Type,42,3,Shared housing
HMIS Primary Housing Type,42,4,Single Room Occupancy (SRO) units
HMIS Primary Housing Type,42,5,Single apartment (non-SRO) units
HMIS Primary Housing Type,42,6,Single homes/townhouses/duplexes
HMIS Primary Housing Type,42,7,Not applicable (Non-Residential Program)
HMIS Program Type Codes,43,1,Emergency Shelter - Entry Exit
HMIS Program Type Codes,43,2,Transitional Housing (TH)
HMIS Program Type Codes,43,3,PH - Permanent Supportive Housing (disability required for entry)
HMIS Program Type Codes,43,4,Street Outreach
HMIS Program Type Codes,43,6,Services Only
HMIS Program Type Codes,43,7,Other
HMIS Program Type Codes,43,8,Safe Haven (SH)
HMIS Program Type Codes,43,9,PH - Housing Only
HMIS Program Type Codes,43,10,*PH - Housing with Services (no disability required)
HMIS Program Type Codes,43,11,Innovative Supportive Housing
HMIS Program Type Codes,43,12,Homelessness Prevention and Rapid Re-Housing (HPRP)
HMIS Program Type Codes,43,13,Homeless Assistance
HMIS Program Type Codes,43,14,PATH
HMIS Program Type Codes,43,15,PH - Rapid Re-Housing
HMIS Program Type Codes,43,16,Homelessness Prevention
HMIS Program Type Codes,43,17,Coordinated Assessment
HMIS Program Type Codes,43,18,Day Shelter
HMIS Program Type Codes,43,25,Not a HUD HMIS Project
HMIS Program Type Codes,43,30,"Emergency Shelter - Night-by-Night "
HMIS Household Type,44,1,Households without children
HMIS Household Type,44,2,Households with children
HMIS Bed Type,45,1,Facility-Based
HMIS Bed Type,45,2,Voucher
HMIS Bed Type,45,3,Other
HMIS Bed Availability,46,1,Year Round
HMIS Bed Availability,46,2,Seasonal
HMIS Bed Availability,46,3,Overflow
HMIS Target Pop A,47,1,Single Males (18 years and older)
HMIS Target Pop A,47,2,Single Females (18 years and older)
HMIS Target Pop A,47,3,Single Males and Females (18 years and older)
HMIS Target Pop A,47,4,"Couples Only, No Children"
HMIS Target Pop A,47,5,Single Males and Households with Children
HMIS Target Pop A,47,6,Single Females and Households with Children
HMIS Target Pop A,47,7,Households with Children
HMIS Target Pop A,47,8,Unaccompanied Young Males (under 18)
HMIS Target Pop A,47,9,Unaccompanied Young Females (under 18)
HMIS Target Pop A,47,10,Unaccompanied Young Males and Females (under 18)
HMIS Target Pop A,47,11,Single Male and Female and Households w/Children
HMIS Target Population B,48,1,DV: Survivors of Domestic Violence
HMIS Target Population B,48,2,Veterans
HMIS Target Population B,48,3,HIV: Persons with HIV/AIDS
HMIS Target Population B,48,4,NA: Not applicable
HMIS Occupancy Model,49,1,Program Entry and Exit Date Comparison
HMIS Occupancy Model,49,2,Bed Management Model
HMIS Occupancy Model,49,3,Service Transaction Model
HMIS Occupancy Model,49,4,Night by Night
HMIS Housing Status,50,1,Category 1 - Homeless
HMIS Housing Status,50,2,Category 2 - At imminent risk of losing housing
HMIS Housing Status,50,3,At-risk of homelessness
HMIS Housing Status,50,4,Stably housed
HMIS Housing Status,50,5,Category 3 - Homeless only under other federal statutes
HMIS Housing Status,50,6,Category 4 - Fleeing domestic violence
HMIS Housing Status,50,8,Client Doesn't Know
HMIS Housing Status,50,9,Client Prefers Not to Answer
HMIS Housing Status,50,99,Data Not Collected
Financial Income/Expense,51,1,Income
Financial Income/Expense,51,2,Expenses
Financial Income/Expense,51,3,"Earned Income (i.e., employment income)"
Financial Income/Expense,51,4,Unemployment Insurance
Financial Income/Expense,51,5,Rent/House Payment
Financial Income/Expense,51,6,Supplemental Security Income (SSI)
Financial Income/Expense,51,7,Social Security Disability Income (SSDI)
Financial Income/Expense,51,8,Veteran’s disability payment
Financial Income/Expense,51,9,Private disability insurance
Financial Income/Expense,51,10,Temporary Assistance for Needy Families
Financial Income/Expense,51,11,General Public Assistance (GA)
Financial Income/Expense,51,12,Retirement income from Social Security
Financial Income/Expense,51,13,Veteran’s pension
Financial Income/Expense,51,14,Pension from a former job
Financial Income/Expense,51,15,Child support
Financial Income/Expense,51,16,Alimony or other spousal support
Financial Income/Expense,51,17,Other Income
Financial Income/Expense,51,18,Electric Bill
Financial Income/Expense,51,19,Gas Bill
Financial Income/Expense,51,20,Phone Bill
Financial Income/Expense,51,21,Groceries/Food
Financial Income/Expense,51,22,Transportation
Financial Income/Expense,51,23,Other Expenses
Financial Income/Expense,51,24,Day Care
Financial Income/Expense,51,25,Life/Medical Insurance
Financial Income/Expense,51,26,Water/Sewer
Financial Income/Expense,51,27,Infant Supplies
Financial Income/Expense,51,28,Credit/Loans
Financial Income/Expense,51,29,Recreation
Financial Income/Expense,51,30,Auto Maintenance
Financial Income/Expense,51,31,Auto Insurance
Financial Income/Expense,51,32,Cable TV
Financial Income/Expense,51,33,No Financial Resources
Financial Income/Expense,51,35,Social Security Income
Financial Income/Expense,51,38,Worker’s Compensation
Enrollment Status,52,1,Unknown
Enrollment Status,52,10,Ineligible
Enrollment Status,52,20,Assessments Pending
Enrollment Status,52,100,Enrolled
Enrollment Status,52,200,Exited
Recurrence Day Of Week,53,0,Sunday
Recurrence Day Of Week,53,1,Monday
Recurrence Day Of Week,53,2,Tuesday
Recurrence Day Of Week,53,3,Wednesday
Recurrence Day Of Week,53,4,Thursday
Recurrence Day Of Week,53,5,Friday
Recurrence Day Of Week,53,6,Saturday
Recurrence Day Of Week,53,7,Everyday
Recurrence Day Of Week,53,8,Monthly
Recurrence Day Of Week,53,10,1st
Recurrence Day Of Week,53,11,2nd
Recurrence Day Of Week,53,12,3rd
Recurrence Day Of Week,53,13,4th
Recurrence Day Of Week,53,14,5th
Recurrence Day Of Week,53,15,6th
Recurrence Day Of Week,53,16,7th
Recurrence Day Of Week,53,17,8th
Recurrence Day Of Week,53,18,9th
Recurrence Day Of Week,53,19,10th
Recurrence Day Of Week,53,20,11th
Recurrence Day Of Week,53,21,12th
Recurrence Day Of Week,53,22,13th
Recurrence Day Of Week,53,23,14th
Recurrence Day Of Week,53,24,15th
Recurrence Day Of Week,53,25,16th
Recurrence Day Of Week,53,26,17th
Recurrence Day Of Week,53,27,18th
Recurrence Day Of Week,53,28,19th
Recurrence Day Of Week,53,29,20th
Recurrence Day Of Week,53,30,21st
Recurrence Day Of Week,53,31,22nd
Recurrence Day Of Week,53,32,23rd
Recurrence Day Of Week,53,33,24th
Recurrence Day Of Week,53,34,25th
Recurrence Day Of Week,53,35,26th
Recurrence Day Of Week,53,36,27th
Recurrence Day Of Week,53,37,28th
Recurrence Day Of Week,53,40,First Sunday
Recurrence Day Of Week,53,41,First Monday
Recurrence Day Of Week,53,42,First Tuesday
Recurrence Day Of Week,53,43,First Wednesday
Recurrence Day Of Week,53,44,First Thursday
Recurrence Day Of Week,53,45,First Friday
Recurrence Day Of Week,53,46,First Saturday
Recurrence Day Of Week,53,70,Last Sunday
Recurrence Day Of Week,53,71,Last Monday
Recurrence Day Of Week,53,72,Last Tuesday
Recurrence Day Of Week,53,73,Last Wednesday
Recurrence Day Of Week,53,74,Last Thursday
Recurrence Day Of Week,53,75,Last Friday
Recurrence Day Of Week,53,76,Last Saturday
Medication Type Category,56,1,Alzheimer's & Parkinson's
Medication Type Category,56,5,Allergies & Asthma
Medication Type Category,56,10,Anti-Depressants
Medication Type Category,56,15,Anti-Epileptics
Medication Type Category,56,20,Antibiotic
Medication Type Category,56,25,Anti-Psychotics
Medication Type Category,56,30,Anxiety
Medication Type Category,56,32,Asthma
Medication Type Category,56,33,ADD and ADHD
Medication Type Category,56,35,Cholesterol
Medication Type Category,56,37,Cough and Cold
Medication Type Category,56,40,Diabetes
Medication Type Category,56,43,Fungal Infection
Medication Type Category,56,45,Eyes & Ears
Medication Type Category,56,50,Heart & Circulatory System
Medication Type Category,56,55,Men's Health
Medication Type Category,56,60,Other
Medication Type Category,56,65,Pain & Inflammation
Medication Type Category,56,70,Skeletal System
Medication Type Category,56,75,Skin
Medication Type Category,56,80,Sleeping Aids
Medication Type Category,56,85,Smoking Cessation
Medication Type Category,56,90,"Stomach, Digestion & Urinary"
Medication Type Category,56,100,Thyroid
Medication Type Category,56,105,Weight Loss & Nutrition
"Test Type Categories ",57,1,Skill Test
"Test Type Categories ",57,10,Education
"Test Type Categories ",57,30,Developmental Screening - Head Start
"Test Type Categories ",57,35,Behavioral Screening - Head Start
"Test Type Categories ",57,50,Medical
"Test Type Categories ",57,55,Medical - Head Start
"Test Type Categories ",57,56,Standard - Head Start
"Test Type Categories ",57,60,HIV/AIDS
"Test Type Categories ",57,65,Drug Screening
"Test Type Categories ",57,66,Urine
"Test Type Categories ",57,67,Blood
"Test Type Categories ",57,68,Hair
"Test Type Categories ",57,69,Breathalyzer
"Test Type Categories ",57,70,Financial Literacy Education
"Test Type Categories ",57,99,Other
HUD Employment Tenure,58,1,Permanent
HUD Employment Tenure,58,2,Temporary
HUD Employment Tenure,58,3,Seasonal
HUD Employment Tenure,58,4,Day Labor
HUD Employment Tenure,58,8,Don't Know
HUD Employment Tenure,58,9,Refused
HUD Non-Cash Benefits,59,-1,Other source
HUD Non-Cash Benefits,59,1,Supplemental Nutrition Assistance Program (SNAP) (Previously known as Food  Stamps)
HUD Non-Cash Benefits,59,2,MEDICAID Health Insurance program
HUD Non-Cash Benefits,59,3,MEDICARE  Health Insurance program
HUD Non-Cash Benefits,59,4,(CHIP) State Children’s Health Insurance Program
HUD Non-Cash Benefits,59,5,"Special Supplemental Nutrition Program for Women, Infants, and Children (WIC)"
HUD Non-Cash Benefits,59,6,(VA) Veteran’s Administration Medical Services
HUD Non-Cash Benefits,59,7,TANF Child Care services
HUD Non-Cash Benefits,59,10,TANF transportation services
HUD Non-Cash Benefits,59,11,Other TANF-funded services
HUD Non-Cash Benefits,59,12,"Section 8, Public Housing, or other Rental Assist"
HUD Non-Cash Benefits,59,13,Other source
HUD Non-Cash Benefits,59,16,Temporary Rental Assistance
HUD Highest Grade Completed,60,0,No schooling completed
HUD Highest Grade Completed,60,1,Nursery school to 4th grade
HUD Highest Grade Completed,60,2,5th grade or 6th grade
HUD Highest Grade Completed,60,3,7th or 8th grade
HUD Highest Grade Completed,60,4,9th grade
HUD Highest Grade Completed,60,5,10th grade
HUD Highest Grade Completed,60,6,11th grade
HUD Highest Grade Completed,60,7,"12th grade, No diploma"
HUD Highest Grade Completed,60,8,Unknown
HUD Highest Grade Completed,60,9,Refused
HUD Highest Grade Completed,60,10,High school diploma
HUD Highest Grade Completed,60,11,GED
HUD Highest Grade Completed,60,12,Post-secondary school
HMIS When Domestic Violence,61,1,Within the past three months
HMIS When Domestic Violence,61,2,Three to six months (exluding six months exactly)
HMIS When Domestic Violence,61,3,From six months to one year (excluding one year exactly)
HMIS When Domestic Violence,61,4,One year ago or more
HMIS When Domestic Violence,61,8,Client doesn't know
HMIS When Domestic Violence,61,9,Client Prefers Not to Answer
HMIS When Domestic Violence,61,10,N/A
HMIS When Domestic Violence,61,99,Data not collected
HUD College Degree,62,0,None
HUD College Degree,62,1,Associates Degree
HUD College Degree,62,2,Bachelors Degree
HUD College Degree,62,3,Masters Degree
HUD College Degree,62,4,Doctorate Degree
HUD College Degree,62,5,Other graduate/professional degree
HUD College Degree,62,6,Certificate of training or skilled artisan
HUD College Degree,62,8,Don't Know
HUD College Degree,62,9,Won't Answer
HUD Health Status,63,1,Excellent
HUD Health Status,63,2,Very good
HUD Health Status,63,3,Good
HUD Health Status,63,4,Fair
HUD Health Status,63,5,Poor
HUD Health Status,63,8,Client doesn't know
HUD Health Status,63,9,Client Prefers Not to Answer
HUD Health Status,63,99,Data not collected
HUD Veteran Service Era,64,-1,Other
HUD Veteran Service Era,64,1,Persian Gulf Era (August 1991 – Present)
HUD Veteran Service Era,64,2,Post Vietnam (May 1975 – July 1991)
HUD Veteran Service Era,64,3,Vietnam Era (August 1964 – April 1975)
HUD Veteran Service Era,64,4,Between Korean and Vietnam War(Feb 1955–July 1964)
HUD Veteran Service Era,64,5,Korean War (June 1950 – January 1955)
HUD Veteran Service Era,64,6,Between WWII and Korean War (Aug 1947 – May 1950)
HUD Veteran Service Era,64,7,World War II (September 1940 – July 1947)
HUD Veteran Service Era,64,8,Don’t know
HUD Veteran Service Era,64,9,Won't answer
HUD Veteran Service Era,64,10,"Post September 11, 2001 (September 11, 2001 -Prese"
HUD Veteran Service Era,64,15,"Afghanistan/Iraq "
HUD Veteran Discharge Status,65,1,Honorable
HUD Veteran Discharge Status,65,2,General under honorable conditions
HUD Veteran Discharge Status,65,3,Medical
HUD Veteran Discharge Status,65,4,Bad conduct
HUD Veteran Discharge Status,65,5,Dishonorable
HUD Veteran Discharge Status,65,6,Under other than honorable conditions
HUD Veteran Discharge Status,65,8,Client doesn't know
HUD Veteran Discharge Status,65,9,Client Prefers Not to Answer
HUD Veteran Discharge Status,65,10,Uncharacterized
HUD Veteran Discharge Status,65,99,Data not collected
HUD Veteran Branch,66,1,Army
HUD Veteran Branch,66,2,Air Force
HUD Veteran Branch,66,3,Navy
HUD Veteran Branch,66,4,Marines
HUD Veteran Branch,66,5,Other
HUD Veteran Branch,66,7,Space Force
HUD Veteran Branch,66,8,Client Doesn't know
HUD Veteran Branch,66,9,Client Prefers Not to Answer
HUD Veteran Branch,66,10,Coast Guard
HUD Veteran Branch,66,11,National Guard
HUD Veteran Branch,66,12,Reserves
HUD Veteran Branch,66,99,Data Not Collected
HUD Child Type of School,67,1,Public school
HUD Child Type of School,67,2,Parochial or other private school
HUD Child Type of School,67,8,Don't Know
HUD Child Type of School,67,9,Won't Answer
HUD Child Enrollment Problem,68,1,None
HUD Child Enrollment Problem,68,2,Residency requirements
HUD Child Enrollment Problem,68,3,Availability of school records
HUD Child Enrollment Problem,68,4,Birth certificates
HUD Child Enrollment Problem,68,5,Legal guardianship requirements
HUD Child Enrollment Problem,68,6,Transportation
HUD Child Enrollment Problem,68,7,Lack of available preschool programs
HUD Child Enrollment Problem,68,8,Don't Know
HUD Child Enrollment Problem,68,9,Refused
HUD Child Enrollment Problem,68,10,Immunization requirements
HUD Child Enrollment Problem,68,11,Physical examination records
HUD Child Enrollment Problem,68,12,Other
HUD Exit Destination,69,-1,Other
HUD Exit Destination,69,1,Emergency Shelter including hotel or motel paid for with emergency shelter voucher or RHY Funded Host Home Shelter
HUD Exit Destination,69,2,Transitional housing for homeless persons (including homeless youth)
HUD Exit Destination,69,3,Permanent housing (other than RRH) for formerly homeless persons
HUD Exit Destination,69,4,Psychiatric hospital or other psychiatric facility
HUD Exit Destination,69,5,Substance abuse treatment facility or detox center
HUD Exit Destination,69,6,Hospital or other residential non-psychiatric medical facility
HUD Exit Destination,69,7,"Jail, prison or juvenile detention facility"
HUD Exit Destination,69,8,Client doesn't know
HUD Exit Destination,69,9,Client Prefers Not to Answer
HUD Exit Destination,69,10,"Rental by client, no ongoing housing subsidy"
HUD Exit Destination,69,11,"Owned by client, no ongoing housing subsidy"
HUD Exit Destination,69,12,"Staying or living with family, temporary tenure (e.g., room, apartment or house)"
HUD Exit Destination,69,13,"Staying or living with friends, temporary tenure (e.g., room, apartment or house)"
HUD Exit Destination,69,14,Hotel or motel paid for without emergency shelter voucher
HUD Exit Destination,69,15,Foster care home or foster care group home
HUD Exit Destination,69,16,"Place not meant for habitation (e.g., a vehicle, an abandoned building, bus/train/subway station/airport or anywhere outside)"
HUD Exit Destination,69,17,Other
HUD Exit Destination,69,18,Safe Haven
HUD Exit Destination,69,19,"Rental by client, with VASH housing subsidy"
HUD Exit Destination,69,20,"Rental by client, with other ongoing housing subsidy"
HUD Exit Destination,69,21,"Owned by client, with ongoing housing subsidy"
HUD Exit Destination,69,22,"Staying or living with family, permanent tenure"
HUD Exit Destination,69,23,"Staying or living with friends, permanent tenure"
HUD Exit Destination,69,24,Deceased
HUD Exit Destination,69,25,Long-term care facility or nursing home
HUD Exit Destination,69,26,Moved from one HOPWA funded project to HOPWA PH
HUD Exit Destination,69,27,Moved from one HOPWA funded project to HOPWA TH
HUD Exit Destination,69,28,"Rental by client, with GPD TIP housing subsidy"
HUD Exit Destination,69,29,Residential Project or halfway house with no homeless criteria
HUD Exit Destination,69,30,No exit interview completed
HUD Exit Destination,69,31,"Rental by client, with RRH or equivalent subsidy"
HUD Exit Destination,69,32,Host Home (non-crisis)
HUD Exit Destination,69,33,Rental by client with HCV voucher (tenant or project based)
HUD Exit Destination,69,34,Rental by client in a public housing unit
HUD Exit Destination,69,95,HOMELESS SITUATIONS
HUD Exit Destination,69,96,INSTITUTIONAL SITUATIONS
HUD Exit Destination,69,97,TEMPORARY AND PERMANENT SITUATIONS
HUD Exit Destination,69,98,OTHER
HUD Exit Destination,69,99,Data Not Collected
"Allergy Category List ",70,1,Food
"Allergy Category List ",70,5,Medication
"Allergy Category List ",70,6,Environmental
"Allergy Category List ",70,10,Other
Crimes Category ID,71,1,Felony
Crimes Category ID,71,5,Misdemeanor
Immunization Category List,72,1,Hepatitis B
Immunization Category List,72,5,Rotavirus
Immunization Category List,72,10,"Dipheria, Tetanus, pertussis"
Immunization Category List,72,15,Haemophilu Influenzae type b
Immunization Category List,72,20,Pneumococcal
Immunization Category List,72,25,Inactive Poliovirus
Immunization Category List,72,35,"Measles, Mumps, Rubella"
Immunization Category List,72,40,Varicella
Immunization Category List,72,45,Hepatitis A
Immunization Category List,72,50,Meningococcal
Immunization Category List,72,55,Human Papillomavirus
Usage/Slot Availability,73,0,Available
Usage/Slot Availability,73,1,Future Reserved
Usage/Slot Availability,73,2,Reserved
Usage/Slot Availability,73,3,Checked In
Usage/Slot Availability,73,4,Unavailable
"Allergy Severity ",74,1,Potentially Lethal
"Allergy Severity ",74,10,Major Discomfort
"Allergy Severity ",74,20,Mild Discomfort
Classification-PrimarySecondaryTertiaryQuaternary,76,1,"Primary "
Classification-PrimarySecondaryTertiaryQuaternary,76,5,Secondary
Classification-PrimarySecondaryTertiaryQuaternary,76,10,"Tertiary "
Classification-PrimarySecondaryTertiaryQuaternary,76,15,Quaternary
HUD Reason For Leaving,77,1,"Client voluntarily left early "
HUD Reason For Leaving,77,2,Completed project
HUD Reason For Leaving,77,3,Client was expelled or otherwise involuntarily discharged from project
HUD Reason For Leaving,77,4,Involuntary left - Non-compliance with program rules
HUD Reason For Leaving,77,5,Involuntary left - Criminal activity/destruction of property/violence
HUD Reason For Leaving,77,6,Involuntary left - Reached maximum time allowed by program
HUD Reason For Leaving,77,7,Voluntarily left early - Needs could not be met by project
HUD Reason For Leaving,77,8,Disagreement with rules/persons
HUD Reason For Leaving,77,9,Death
HUD Reason For Leaving,77,10,Voluntarily left early for other opportunities - Other
HUD Reason For Leaving,77,11,Involuntarily left  - Unknown/disappeared
HUD Reason For Leaving,77,12,Voluntarily left early for other opportunities - Education
HUD Reason For Leaving,77,13,Voluntarily left early for other opportunities - Military
HUD Reason For Leaving,77,14,Involuntarily left - Project Terminated
HUD Reason For Leaving,77,15,Ongoing
HUD Reason For Leaving,77,16,Dropped Out
HUD Reason For Leaving,77,17,Referred
HUD Reason For Leaving,77,18,No Further Contact
HUD Reason For Leaving,77,19,Other
MedicalTestResults,78,1,Positive
MedicalTestResults,78,10,"Negative "
MedicalTestResults,78,20,Unknown
MedicalTestResults,78,30,Refused
MedicalTestResults,78,40,Not Administered
MedicalTestResults,78,45,Not Medically Indicated
Slot Assignment Method,79,1,None
Slot Assignment Method,79,2,Sequential
Slot Assignment Method,79,3,Reserved
Slot Assignment Method,79,4,Manual
Grade List,80,1,A +
Grade List,80,2,A
Grade List,80,3,A -
Grade List,80,4,B +
Grade List,80,5,B
Grade List,80,6,B -
Grade List,80,7,C +
Grade List,80,8,C
Grade List,80,9,C-
Grade List,80,10,D+
Grade List,80,11,D
Grade List,80,12,D -
Grade List,80,13,F +
Grade List,80,14,F
Grade List,80,15,F -
Verification List (Doc Check),81,1,Scanned
Verification List (Doc Check),81,5,Copied
Verification List (Doc Check),81,10,Visual
Verification List (Doc Check),81,99,"Missing "
Storage Location,82,1,Paper File
Storage Location,82,2,"Electronic File "
Role Preference Types,83,1,Entity Information Display
File Type List,84,1,Client Photo
File Type List,84,2,Client Photo Thumbnail
File Type List,84,3,Scanned Document
File Type List,84,4,Other File
File Type List,84,5,"XML Export "
File Type List,84,6,MS WORD
File Type List,84,7,CD4 Count
File Type List,84,8,Viral Load
File Type List,84,9,CE File 837
"Contact Relationship Type ",86,1,Friend
"Contact Relationship Type ",86,2,Client
"Contact Relationship Type ",86,5,Physician
"Contact Relationship Type ",86,10,Counselor
"Contact Relationship Type ",86,15,Legal
"Contact Relationship Type ",86,20,Landlord
"Contact Relationship Type ",86,25,Attorney
"Contact Relationship Type ",86,30,Parole Officer
"Contact Relationship Type ",86,35,Mentor
"Contact Relationship Type ",86,40,"Guardian "
"Contact Relationship Type ",86,45,Sponsor
"Contact Relationship Type ",86,50,Supervisor
"Contact Relationship Type ",86,51,Employment Supervisor
"Contact Relationship Type ",86,52,Claimant
"Contact Relationship Type ",86,53,Caregiver
"Contact Relationship Type ",86,54,Relative
"Contact Relationship Type ",86,55,Dentist
"Contact Relationship Type ",86,57,Next of Kin
"Contact Relationship Type ",86,60,Other Family Member
"Contact Relationship Type ",86,65,Parent / Guardian
"Contact Relationship Type ",86,66,Mother
"Contact Relationship Type ",86,67,Father
"Contact Relationship Type ",86,68,Father Figure
"Contact Relationship Type ",86,70,Teacher
"Contact Relationship Type ",86,71,Abuser
"Contact Relationship Type ",86,75,Professor
"Contact Relationship Type ",86,76,Occupant - Does Not Count Against Licensed Capacity
"Contact Relationship Type ",86,77,Occupant- Counts Against Licensed Capacity
"Contact Relationship Type ",86,78,Home
"Contact Relationship Type ",86,79,Employer
"Contact Relationship Type ",86,80,Other
"Contact Relationship Type ",86,81,Physician Assistant
"Contact Relationship Type ",86,82,Nurse Practitioner
"Contact Relationship Type ",86,83,Co Borrower
"Contact Relationship Type ",86,84,Renovator
"Contact Relationship Type ",86,85,Care Receiver
Release Levels,87,0,No Information
Release Levels,87,50,Non-sensitive Information Only
Release Levels,87,100,All Information
ProviderReleationshipContact,88,1,Executive Director
ProviderReleationshipContact,88,5,"Program Director "
ProviderReleationshipContact,88,10,Case Manager
Spirituality Assistance,89,1,No
Spirituality Assistance,89,5,"Yes, Provide information only"
Spirituality Assistance,89,10,"Yes, Provide Referral to Minister"
Spirituality Assistance,89,15,"Yes, Both Information and Referral"
Medication UofM,90,1,100 mg
Medication UofM,90,5,200 mg
Medication UofM,90,10,500 mg
Medication UofM,90,15,1000 mg
Medication UofM,90,20,1 Pill
Medication UofM,90,25,Tsp
HPRPProgramType,91,1,Homelessness Assistance
HPRPProgramType,91,2,Homelessness Prevention
"Parking Location ",92,1,On Campus
"Parking Location ",92,5,Off Campus
"Parking Location ",92,15,Garage
"Parking Location ",92,20,Street
Insurance Type,93,1,None
Insurance Type,93,5,"Liability Only "
Insurance Type,93,10,Complete Coverage
Ownership Type,94,1,"Own "
Ownership Type,94,5,"Leased "
Ownership Type,94,10,Rented
Ownership Type,94,15,Borrowed
Ownership Type,94,101,Making Payments
Ownership Type,94,102,Not Applicable
Ownership Type,94,103,Data not collected
Shifts,95,1,Day
Shifts,95,5,Evening
Shifts,95,10,Midnight
Type of Work,97,1,Full Time
Type of Work,97,5,Part Time
Type of Work,97,7,Contract
Type of Work,97,10,Seasonal / sporadic (including day labor)
Type of Work,97,15,Full Time - Seasonal
Type of Work,97,20,"Part Time - Seasonal "
Type of Work,97,25,Other
Type of Work,97,30,Volunteer
Type of Work,97,99,Not Looking for Work
"Set or Varied ",98,1,Set Schedule
"Set or Varied ",98,5,Varied Schedule
APR Operating Year,99,1,1
APR Operating Year,99,2,2
APR Operating Year,99,3,3
APR Operating Year,99,4,4
APR Operating Year,99,5,5
APR Operating Year,99,6,6
APR Operating Year,99,7,7
APR Operating Year,99,8,8
APR Operating Year,99,9,9
APR Operating Year,99,10,10
APR Operating Year,99,11,11
APR Operating Year,99,12,12
APR Operating Year,99,13,13
APR Operating Year,99,14,14
APR Operating Year,99,15,15
APR Operating Year,99,16,16
APR Operating Year,99,17,17
APR Operating Year,99,18,18
APR Operating Year,99,19,19
APR Operating Year,99,20,20
Yes or No,100,1,Yes
Yes or No,100,2,No
"Employment Limitation ",101,1,"Sight "
"Employment Limitation ",101,5,"Hearing "
"Employment Limitation ",101,10,"Physical "
"Employment Limitation ",101,15,Must work indoors
"Employment Limitation ",101,20,Can't stand for long periods
"Employment Limitation ",101,25,Disabled and Barrier to Employment
SHP Expenses,102,1,Leasing
SHP Expenses,102,2,Supportive Services
SHP Expenses,102,3,Operating Costs
SHP Expenses,102,4,HMIS Activities
SHP Expenses,102,5,Administration
SHP Expenses,102,6,Acquisition
SHP Expenses,102,7,Rehabilitation
SHP Expenses,102,8,New construction
Cash Match Source Group,103,1,Grantee/project sponsor cash
Cash Match Source Group,103,2,Local government (please specify)
Cash Match Source Group,103,3,State government  (please specify)
Cash Match Source Group,103,4,Federal government (please specify)
Cash Match Source Group,103,5,Community Development Block Grant (CDBG)
Cash Match Source Group,103,6,Foundations (please specify)
Cash Match Source Group,103,7,Private cash resources (please specify)
Cash Match Source Group,103,8,Occupancy charge / fees
Apr HMIS Activities,104,1,Central Server(s)
Apr HMIS Activities,104,2,Personal Computers and Printers
Apr HMIS Activities,104,3,"Networking "
Apr HMIS Activities,104,4,"Security "
Apr HMIS Activities,104,5,"Software / User Licensing "
Apr HMIS Activities,104,6,Software Installation
Apr HMIS Activities,104,7,Support and Maintenance
Apr HMIS Activities,104,8,Supporting Software Tools
Apr HMIS Activities,104,9,Training by Third Parties
Apr HMIS Activities,104,10,Hosting / Technical Services
Apr HMIS Activities,104,11,"Programming: Customization "
Apr HMIS Activities,104,12,"Programming: System Interface "
Apr HMIS Activities,104,13,"Programming: Data Conversion "
Apr HMIS Activities,104,14,Security Assessment and Setup
Apr HMIS Activities,104,15,On-line Connectivity  (Internet Access)
Apr HMIS Activities,104,16,Facilitation
Apr HMIS Activities,104,17,Disaster and Recovery
Apr HMIS Activities,104,18,Project Management / Coordination
Apr HMIS Activities,104,19,Data Analysis
Apr HMIS Activities,104,20,Programming
Apr HMIS Activities,104,21,Technical Assistance and Training
Apr HMIS Activities,104,22,"Administrative Support Staff "
Apr HMIS Activities,104,23,"Space Costs "
Apr HMIS Activities,104,24,Operational Costs
Apr HMIS Activities,104,25,Equipment
Apr HMIS Activities,104,26,Software
Apr HMIS Activities,104,27,Services
Apr HMIS Activities,104,28,Personnel
Apr HMIS Activities,104,29,HMIS Space and Operations
Xml Form Types,105,1,Report Parameters
"Payment Method ",107,1,Hourly
"Payment Method ",107,5,Salary/Fixed
"Payment Method ",107,10,Volunteer
"Payment Method ",107,11,Encounter Rate
"Payment Method ",107,12,Fee Schedule
Termination Reason,108,-1,Other
Termination Reason,108,1,Poor Job Performance
Termination Reason,108,5,Reduction In Force
Termination Reason,108,10,Theft
Termination Reason,108,15,Higher compensation/benefits package in the same field
Termination Reason,108,20,Change in job field
Work History Exit Reason,109,1,Quit
Work History Exit Reason,109,5,Laid Off
Work History Exit Reason,109,10,Terminated
Work History Exit Reason,109,15,Unknown
Crime Status,110,1,Convicted
Crime Status,110,2,Paroled
Conviction Status,112,5,Convicted
Conviction Status,112,10,Accused
Conviction Status,112,15,Acquitted
Probation Reason,113,1,Good Behavior
Probation Reason,113,2,Overcrowding
Abuser Relationship,114,1,Boy or Girl Friend
Abuser Relationship,114,5,Husband/Wife
Abuser Relationship,114,10,Father/Mother
Abuser Relationship,114,20,Sibling
Abuser Relationship,114,25,Relative
Length of Abuse,115,1,Under 1 Year
Length of Abuse,115,5,1 to 5 Years
Length of Abuse,115,10,6 to 10 Years
Length of Abuse,115,15,11 to 20 Years
Length of Abuse,115,20,Over 20 Years
Drug and Alcohol Association,116,1,"Yes, by abuser"
Drug and Alcohol Association,116,5,"Yes, by victim"
Drug and Alcohol Association,116,10,"Yes, by both"
Drug and Alcohol Association,116,15,No
Weapons Used,117,1,Hands
Weapons Used,117,5,Gun
Weapons Used,117,10,Knife
Weapons Used,117,35,Other
Date Options (Report Parameters),119,10,Beginning Of This Week
Date Options (Report Parameters),119,20,End Of This Week
Date Options (Report Parameters),119,30,Beginning Of Last Week
Date Options (Report Parameters),119,40,End Of Last Week
Date Options (Report Parameters),119,50,Beginning Of This Month
Date Options (Report Parameters),119,60,End Of This Month
Date Options (Report Parameters),119,70,Beginning Of Last Month
Date Options (Report Parameters),119,80,End Of Last Month
Date Options (Report Parameters),119,90,Beginning Of This Quarter
Date Options (Report Parameters),119,100,End Of This Quarter
Date Options (Report Parameters),119,110,Beginning Of Last Quarter
Date Options (Report Parameters),119,120,End Of Last Quarter
Date Options (Report Parameters),119,130,Beginning Of This Year
Date Options (Report Parameters),119,140,End Of This Year
Date Options (Report Parameters),119,150,Beginning Of Last Year
Date Options (Report Parameters),119,160,End Of Last Year
Not Looking for Work Reason,120,1,Full Time Student
Not Looking for Work Reason,120,5,Child Care Needs
Not Looking for Work Reason,120,10,Sick Family Member Living with Us
Days of Week,121,1,"Sunday "
Days of Week,121,5,Monday
Days of Week,121,10,Tuesday
Days of Week,121,15,Wednesday
Days of Week,121,20,Thursday
Days of Week,121,25,Friday
Days of Week,121,30,Saturday
,122,1,Justice Star
,122,2,Homelessness Star
Report Format Types,124,1,PDF
Report Format Types,124,2,Excel
CitizenshipStatus,127,1,U.S. Citizen
CitizenshipStatus,127,2,Eligible Non-Citizen
CitizenshipStatus,127,3,Ineligible Non-Citizen
CitizenshipStatus,127,4,Undocumented
Marital Status,128,1,Single
Marital Status,128,2,Divorced
Marital Status,128,3,Married & Living with Spouse
Marital Status,128,4,Married & Not Living with Spouse
Marital Status,128,5,Common Law
Marital Status,128,6,Living Together
Marital Status,128,7,Widowed
Marital Status,128,8,Other
Marital Status,128,9,Unknown
Marital Status,128,10,Separated
Marital Status,128,11,Choose not to respond
Victimization List (PPO),129,1,Sexual Assault
Victimization List (PPO),129,5,"Domestic Violence "
Victimization List (PPO),129,10,Stalking
"Protection Order Types ",130,1,"Restraining "
"Protection Order Types ",130,5,Stalking
Family Member Behavior Issues List,131,1,Child Tantrums
Family Member Behavior Issues List,131,5,Fights in School
Family Member Behavior Issues List,131,10,Hits in Anger
Family Member Behavior Issues List,131,15,Throws Things in Anger
Family Member Behavior Issues List,131,20,Every in a Program
Referral Status,132,1,Referred
Referral Status,132,2,Acknowledged
Referral Status,132,3,Pending Approval
Referral Status,132,4,Accepted/Approved
Referral Status,132,5,Turned Away
Referral Status,132,6,Ineligible
Referral Status,132,8,Client Turned Down Referral
Referral Status,132,99,Client Did Not Follow up
Language,133,-1,Other
Language,133,1,English
Language,133,2,Spanish
Language,133,3,Chinese
Language,133,4,Hindi
Language,133,5,Russian
Language,133,6,Arabic
Language,133,7,Portuguese
Language,133,8,Bengali
Language,133,9,French
Language,133,10,"Malay,Indonesian"
Language,133,11,German
Language,133,12,Japanese
Language,133,13,Farsi (Persian)
Language,133,14,Urdu
Language,133,15,Punjabi
Language,133,16,Vietnamese
Language,133,17,Tamil
Language,133,18,Javanese
Language,133,19,Korean
Language,133,20,Turkish
Language,133,21,Telugu
Language,133,22,Marathi
Language,133,23,Italian
Language,133,24,Thai
Language,133,25,Burmese
Language,133,26,Kannada
Language,133,27,Gujarati
Language,133,28,Polish
Language,133,30,Bilingual - English/Spanish
Language,133,31,Albanian
Language,133,32,Bulgarian
Language,133,33,Cantonese
Language,133,34,Cape Verdean Creole
Language,133,35,Georgian
Language,133,36,Haitian Creole
Language,133,38,Khmer
Language,133,39,Somali
Language,133,40,Bilingual – English/French
Language,133,41,Bilingual – English Loas
Language,133,42,Cambodian
Language,133,43,Czech
Language,133,44,Swahili
Language,133,45,Ukrainian
Language,133,46,ASL
Language,133,47,Hmong
Language,133,48,Mixteco
Language,133,49,Quichean
Language,133,50,Haitian-Creole
Language,133,51,Patois
Language,133,52,Hebrew
Language,133,53,Navajo
Language,133,54,Cree
Language,133,55,Ojibwa
Language,133,56,Cherokee
Language,133,57,Yup'ik
Language,133,58,Inupiat
Language,133,59,Koyukon
Language,133,60,Palawan
Language,133,61,Fijian
Language,133,62,Chinese - Mandarin
Language,133,63,Bosnian
Language,133,64,Sign Language
Language,133,65,Amharic
Language,133,66,Armenian
Language,133,67,Croatian
Language,133,68,Hungarian
Language,133,69,Kurdish
Language,133,70,Laotian
Language,133,71,Maltese
Language,133,72,Serbian
Language,133,73,Slovak
Language,133,74,Slovenian
Language,133,75,Tagalog
Language,133,76,Taiwanese
Language,133,77,Tigrinya
Language,133,78,Greek
Language,133,99,Unknown
Provider Type,136,1,Housing / Homeless
Provider Type,136,5,"Service "
Provider Type,136,10,Substance Abuse
Step Status,137,1,"Open "
Step Status,137,10,Partially Complete
Step Status,137,20,Completed
Step Status,137,25,Abandoned
Lease Type,138,1,Month to Month
Lease Type,138,5,Two Months
Lease Type,138,10,Three Months
Lease Type,138,15,Six Months
Lease Type,138,20,Twelve Months
Lease Type,138,25,Thirteen Months
Housing Type,139,4,House
Housing Type,139,5,Apartment
Housing Type,139,10,Mobile Home
"Utilities ",140,1,Gas
"Utilities ",140,5,Electric
"Utilities ",140,10,Water
"Utilities ",140,15,Cable
"Utilities ",140,20,Garbage
"Utilities ",140,25,Sewer
Behind Payment List,142,1,No
Behind Payment List,142,2,1 Month
Behind Payment List,142,5,2 Months
Behind Payment List,142,10,3 Months
Behind Payment List,142,15,4 Months or More
Verification Method,143,1,Phone Call
Verification Method,143,5,Email
Verification Method,143,10,Letter
Verification Method,143,15,Spoke with Representative
Needed Repairs,144,1,None
Needed Repairs,144,5,Leak in Roof
Needed Repairs,144,10,No AC or Heating
Needed Repairs,144,15,No Running Water
Needed Repairs,144,20,Exposed Outlet
Needed Repairs,144,25,Other Safety Hazard
Housing Roommates,145,1,Family
Housing Roommates,145,5,Friend
Housing Roommates,145,10,Boy/Girl Friend
Housing Roommates,145,15,Husband/Wife
Housing Roommates,145,20,Other
Number of Additional Roommates,146,1,None
Number of Additional Roommates,146,5,One Person
Number of Additional Roommates,146,10,Two Persons
Number of Additional Roommates,146,15,Three Persons
Number of Additional Roommates,146,20,Four Persons
Number of Additional Roommates,146,25,Five or More Perons
Drug Frequency of Use,147,1,Daily
Drug Frequency of Use,147,5,Once or Twice a Week
Drug Frequency of Use,147,10,Weekly
Drug Frequency of Use,147,15,Once or Twice a Month
Drug Frequency of Use,147,20,Monthly
Drug Frequency of Use,147,25,Less than Monthly
Measurement of Free,148,1,"Day (s) "
Measurement of Free,148,2,Week (s)
Measurement of Free,148,5,Month (s)
Measurement of Free,148,10,Year (s)
Religious Preference,149,1,Bahai
Religious Preference,149,5,Buddist
Religious Preference,149,10,Christian (Catholic)
Religious Preference,149,15,Christian (Orthodox)
Religious Preference,149,20,Christian (Protestant)
Religious Preference,149,25,Hindu
Religious Preference,149,30,Jewish (Orthodox)
Religious Preference,149,35,"Jewish (Reform) "
Religious Preference,149,37,Latter-Day Saints
Religious Preference,149,40,Muslim
Religious Preference,149,45,Native American
Religious Preference,149,50,Unitarian
Religious Preference,149,55,"Other "
Religious Preference,149,60,None
Protestant Demonination,150,1,Espiscopal
Protestant Demonination,150,5,Disciplies of Christ
Protestant Demonination,150,10,Evangelical
Protestant Demonination,150,15,Luthern
Protestant Demonination,150,20,Mennonite
Protestant Demonination,150,25,Methodist
Protestant Demonination,150,30,Non-Denominational
Protestant Demonination,150,35,Presbyterian
Protestant Demonination,150,40,Quaker
Protestant Demonination,150,45,United Church of Christ
Protestant Demonination,150,50,Other
FollowUp Type,152,0,Not Applicable
FollowUp Type,152,1,30 Day
FollowUp Type,152,2,365 Day
FollowUp Type,152,3,45 Day
FollowUp Type,152,5,60 Day
FollowUp Type,152,10,90 Day
FollowUp Type,152,15,6 Month
FollowUp Type,152,20,"12 Month "
FollowUp Type,152,21,1 Day
FollowUp Type,152,22,7 Day
FollowUp Type,152,110,120 Day
FollowUp Type,152,115,150 Day
FollowUp Type,152,120,180 Day
FollowUp Type,152,125,270 Day
ClientAttendance,154,5,N/A
ClientAttendance,154,10,No Show
ClientAttendance,154,15,Attended
ClientAttendance,154,20,Attended but Tardy
ClientAttendance,154,25,Absence - Excused
ClientAttendance,154,30,Absence - Unexcused
Ownership Home & Apt Time Period,155,1,Less than a year
Ownership Home & Apt Time Period,155,5,1 to 9 years
Ownership Home & Apt Time Period,155,10,10 to 19 years
Ownership Home & Apt Time Period,155,15,20+ years
Reason for Homeloss,156,1,Foreclosure
Reason for Homeloss,156,5,Divorce
Reason for Homeloss,156,10,Adandonment
Reason for Homeloss,156,15,Disaster
Reason for Homeloss,156,20,Other
Desired Housing,157,1,Rent Apartment
Desired Housing,157,5,Rent Home
Desired Housing,157,10,Buy Home
Desired Housing,157,15,Other
Desired Housing,157,20,None of the above
Reason for Leaving Apartment,158,1,Moved
Reason for Leaving Apartment,158,5,Illness
Reason for Leaving Apartment,158,10,Lost Job
Reason for Leaving Apartment,158,15,Other
Resource Slot Type,161,1,Slot (HMIS Bed)
Resource Slot Type,161,2,Single Bed (HMIS Bed)
Resource Slot Type,161,3,Room (HMIS Unit)
Resource Slot Type,161,4,House (HMIS Unit)
Resource Slot Type,161,5,Apartment (HMIS Unit)
Resource Slot Type,161,7,Bunk Bed
Resource Slot Type,161,10,Trailer Park
Resource Slot Type,161,12,Mat
Resource Slot Type,161,15,Voucher
Resource Slot Type,161,17,Crib
Resource Slot Type,161,21,Single Desk
Resource Slot Type,161,22,Double Desk
Resource Slot Type,161,23,3-Seat Desk
Resource Slot Type,161,24,4-Seat Desk
Resource Slot Type,161,25,5-Seat Desk
Resource Slot Type,161,26,6-Seat Desk
Resource Slot Status,162,1,Available
Resource Slot Status,162,5,Assigned
Resource Slot Status,162,10,Under Repair
Resource Slot Status,162,15,In Development
Resource Slot Assignment Event,163,1,At Check-In
Resource Slot Assignment Event,163,2,At Reservation
Bar List Reason,164,1,CM - Failure to Comply
Bar List Reason,164,3,"Cursing Only "
Bar List Reason,164,5,Drug Use/Selling/Possession
Bar List Reason,164,7,Drunk Only
Bar List Reason,164,9,Disorderly/Refusing Test
Bar List Reason,164,11,"Entrance, Unauthorized"
Bar List Reason,164,13,Fighting - Aggressor/Provoker
Bar List Reason,164,15,"Fighting - Defendant, Active"
Bar List Reason,164,17,"Fighting - Defendant, Passive"
Bar List Reason,164,19,"Hygiene, Health etc"
Bar List Reason,164,21,"Language, Vulgar/Inappropriate"
Bar List Reason,164,23,Lying to Gain Services
Bar List Reason,164,25,No Cold Weather Exception
Bar List Reason,164,27,Obnoxious/Disruptive Behavior
Bar List Reason,164,29,Police Called
Bar List Reason,164,31,"Rules or Instructions, Non-Compliance"
Bar List Reason,164,33,Sexual Activities/Advances
Bar List Reason,164,35,Smoking in Shelter
Bar List Reason,164,37,Stealing
Bar List Reason,164,39,"Threatening, Physical"
Bar List Reason,164,41,"Threatening, Verbal"
Bar List Reason,164,43,"Trespassing, Violation of Court Order"
Bar List Reason,164,45,"Vandalism of Shelter Property "
Bar List Reason,164,47,"Weapon on Property "
Severity,166,1,"Low "
Severity,166,5,"Medium "
Severity,166,10,High - Sensitive
Severity,166,11,Transfer to CM
Severity,166,12,"High - Non-Sensitive "
Severity,166,30,Issued to Client
Participant Type - Incident,168,1,Aggressor
Participant Type - Incident,168,5,Victim
Participant Type - Incident,168,7,Witness
Client Alert Severity,169,1,Critical
Client Alert Severity,169,2,Important
Client Alert Severity,169,3,Informational
Case Note Template Types,170,1,Client Case Note
Case Note Template Types,170,2,Email Template
Case Note Template Types,170,3,Messaging
Case Note Template Types,170,5,Alert Template
Case Note Template Types,170,6,Entity Case Note
Case Note Template Types,170,7,Search Form Grid
Case Note Template Types,170,10,Incident Report
Case Note Template Types,170,15,Campaign
Case Note Template Types,170,20,Authorizations
Case Note Template Types,170,87,Group
Case Note Template Types,170,90,Credential
Desired Time,173,1,Midnight
Desired Time,173,2,1am
Desired Time,173,3,2am
Desired Time,173,4,3am
Desired Time,173,5,4am
Desired Time,173,6,5am
Desired Time,173,7,6am
Desired Time,173,8,7am
Desired Time,173,9,8am
Desired Time,173,10,9am
Desired Time,173,11,10am
Desired Time,173,12,11am
Desired Time,173,13,Noon
Desired Time,173,14,1pm
Desired Time,173,15,2pm
Desired Time,173,16,3pm
Desired Time,173,17,4pm
Desired Time,173,18,5pm
Desired Time,173,19,6pm
Desired Time,173,20,7pm
Desired Time,173,21,8pm
Desired Time,173,22,9pm
Desired Time,173,23,10pm
Desired Time,173,24,11pm
TaskObjects,175,1,Run Stored Procedure
TaskObjects,175,2,Whole Database Export
TaskObjects,175,3,Synchronize Databases
TaskObjects,175,8,Create Cube
TaskObjects,175,9,Process Cube
TaskObjects,175,11,AHAR Report
TaskObjects,175,25,Export Uploaded Files
TaskObjects,175,41,9902 Submission
TaskObjects,175,61,9902 (ARMv6) Submission
Task Status,176,1,Pending
Task Status,176,2,Running
Task Status,176,3,Completed with errors
Task Status,176,4,Completed successfully
Task Status,176,5,Failed
Transaction Type,177,1,"Deposits (Increase Fund Balance, including savings)"
Transaction Type,177,2,Service
Transaction Type,177,3,Hold
Transaction Type,177,4,Release Hold
Transaction Type,177,5,Deny
Transaction Type,177,6,Release Deny
Transaction Type,177,7,Transfer Monies - (Between Accounts)
Transaction Type,177,8,Deposits (Adjust Fund Balance - Increase/Decrease)
Transaction Type,177,9,Misc (Adjustment)
Transaction Type,177,10,Paid (Checks to Providers)
Transaction Type,177,11,Paid (Letter of Direction)
Transaction Type,177,12,Obligated (Not Approved)
Transaction Type,177,13,Obligation (Approved)
Transaction Type,177,14,Lease (Deposits)
Transaction Type,177,15,Lease (Subsidized)
Transaction Type,177,16,Payments Applied to Services (From Clients)
Transaction Type,177,17,Administrative Reversal
Transaction Type,177,18,Client Lease (Deposit)
Transaction Type,177,19,Client Lease
Transaction Type,177,20,Refund Deposit (To Client)
Transaction Type,177,21,"Paid by client (Cash, CC, Check)"
Transaction Type,177,22,Void Client Check
Transaction Type,177,23,Client Service
Transaction Type,177,24,Client Loans/Mortgage
Transaction Type,177,25,Provider Contract
Transaction Type,177,26,Cash Match (Organization/Provider)
Transaction Type,177,27,Authorization
Transaction Type,177,29,"Late Fees (Mortgage/Loans) "
Transaction Type,177,30,Client Withdraw
Transaction Type,177,31,Medical Billing
Approval Status,183,1,New/Pending Approvals
Approval Status,183,2,Approved
Approval Status,183,3,Closed
Approval Status,183,4,Denied
Training Course Types,185,1,Standard
Training Course Types,185,2,Assessment
Training Course Types,185,3,Learning Management System Course
HOPWA Type,189,1,Tenant-Based Rental Assistance
HOPWA Type,189,2,Permanent Housing Facilities
HOPWA Type,189,3,Permanent Housing Facilities-Federal Fund
HOPWA Type,189,4,Transitional/Short-Term Housing Facilities
HOPWA Type,189,5,Transitional/Short-Term Housing Faci-Federal Fund
HOPWA Type,189,6,"Short-Term Rent, Morgage and Utility Assistance"
HOPWA Type,189,7,Supportive Services Only
HOPWA Type,189,8,Permanent Housing Placement Services
HOPWA Type,189,9,Master Leasing
YesNoNA,190,1,Yes
YesNoNA,190,2,No
YesNoNA,190,3,N/A
Excused,191,1,Excused
Excused,191,2,Not Excused
AbsenceReason,192,1,Transportation/Gas
AbsenceReason,192,2,Other Resources/Paid Bill
AbsenceReason,192,3,Other Obligations/Appts
AbsenceReason,192,4,Health/Hospital/Emergency
AbsenceReason,192,5,Rescheduled appointment
AbsenceReason,192,6,Lacked Docs for Appt/No c/o
AbsenceReason,192,7,Forgot/Overslept
AbsenceReason,192,8,Work/Job Interview
AbsenceReason,192,9,No Longer in need of services
AbsenceReason,192,10,Could not reach client
AbsenceReason,192,11,Weather
AbsenceReason,192,12,Late/Lost/Left
AbsenceReason,192,13,Misc
AbsenceReason,192,14,Hung up on Intake Clerk
AbsenceReason,192,15,Therapeutic Leave
YesNo Boolean,194,0,No
YesNo Boolean,194,1,Yes
Account Type,195,1,HOPWA
Account Type,195,2,Ryan White
Account Type,195,10,Utility Assistance
Account Type,195,15,CDBG Housing
Account Type,195,20,CDBG Non Housinng
Account Type,195,90,Cash Drawer
TypeofHome,197,1,Masonry
TypeofHome,197,5,Block
TypeofHome,197,10,Mobile Home
TypeofHome,197,15,Wood
HeatingSource,198,1,Propane
HeatingSource,198,5,Natural Gas
HeatingSource,198,10,Electric
HeatingSource,198,15,Wood
HeatingSource,198,20,"Kerosene "
HeatingSource,198,25,Heating Oil
HeatingSource,198,30,Other
Units By Occupancy (Weatherization),199,1,Owner Occupied Home
Units By Occupancy (Weatherization),199,3,"Owner Mobile Home "
Units By Occupancy (Weatherization),199,5,Renter Family
Units By Occupancy (Weatherization),199,10,"Renter Multi Family "
Units By Occupancy (Weatherization),199,15,Renter Mobile Home
Units By Occupancy (Weatherization),199,20,Shelter
Cooling Source,200,1,Air Conditioning
Cooling Source,200,5,Swamp Cooler
Cooling Source,200,10,Attic Fan
Cooling Source,200,15,Fan
Type of Assistance (Weatherization),201,1,Heating / Cooling
Type of Assistance (Weatherization),201,5,Weatherization
Type of Assistance (Weatherization),201,10,E-Wise
Count or Score,202,1,Count
Count or Score,202,2,Score
"Incident Staff and Client ",205,1,Aggressor
"Incident Staff and Client ",205,5,Victim
"Incident Staff and Client ",205,7,Client Witness
"Incident Staff and Client ",205,50,First Staff Responder
"Incident Staff and Client ",205,55,Staff Witness
"Incident Staff and Client ",205,60,Staff Participant
"Incident Staff and Client ",205,65,Staff Witness
"Incident Staff and Client ",205,70,Person Filing Report
"Incident Staff and Client ",205,75,Reporter
"Incident Staff and Client ",205,80,Observer
MailChimp Campaign Status Types,210,1,Draft
MailChimp Campaign Status Types,210,2,Paused
MailChimp Campaign Status Types,210,3,Scheduled
MailChimp Campaign Status Types,210,4,Sending
MailChimp Campaign Status Types,210,5,Sent
MedicationType,212,1,Brand Name
MedicationType,212,5,Generic
Hold Status List,213,1,Not On Hold
Hold Status List,213,2,Temporarily On Hold
Hold Status List,213,3,Permanently On Hold
Referral Result,214,1,New Referral
Referral Result,214,2,Client put in app
Referral Result,214,3,Decliend by employer
Referral Result,214,4,Declined by client
Referral Result,214,5,Placed
Training Course Display Modes,215,1,Inline
Training Course Display Modes,215,2,Full Screen
Training Course Display Modes,215,3,Keep Inline
Training Course Display Modes,215,4,Keep Full Screen
Training Course Feedback Types,216,1,Slide (Immediate)
Training Course Feedback Types,216,2,Slide (After Quiz Completion)
Training Course Feedback Types,216,10,None
HOPWA Housing Status,217,1,Emergency Shelter/Streets
HOPWA Housing Status,217,2,Temporary/Non-Permanent Housing
HOPWA Housing Status,217,3,Transitional Facility/Short-Term
HOPWA Housing Status,217,4,Other HOPWA (Non STRMU)
HOPWA Housing Status,217,5,Other Subsidy (Housing)
HOPWA Housing Status,217,6,Institution
HOPWA Housing Status,217,7,Jail/Prison
HOPWA Housing Status,217,8,"Disconnected/Unknown "
HOPWA Housing Status,217,11,Maintain private housing without subsidy
HOPWA Housing Status,217,12,Other Private Housing Without Subsidy
HOPWA Housing Status,217,13,Likely to maintain current housing arrangements
HOPWA Housing Status,217,24,Death
CWI Transaction Status Type,220,0,Queued
CWI Transaction Status Type,220,1,Success
CWI Transaction Status Type,220,2,Failed
CWI Transaction Status Type,220,3,In Process
Training Module Type,221,1,Standard
Training Module Type,221,2,Quiz
Training Module Type,221,3,Certificate
Training Module Type,221,4,LMS Module
Training Question Type,222,1,"Multiple Choice, Single Selection"
Training Question Type,222,2,"Multiple Choice, Multiple Selection"
Training Question Status Type,223,1,Not Answered
Training Question Status Type,223,2,Answered
Training Question Status Type,223,3,Submitted
Training Question Status Type,223,4,Graded
Payment Method Types,224,1,Credit Card
Payment Method Types,224,2,eCheck
Credit Card Types,225,1,Visa
Credit Card Types,225,2,Mastercard
Credit Card Types,225,3,American Express
Credit Card Types,225,4,Discover
Credit Card Types,225,5,JCB
Credit Card Types,225,6,Diners Club
Bank Account Types,226,1,Checking
Bank Account Types,226,2,Savings
Transaction Statuses (Payments),227,1,Approved
Transaction Statuses (Payments),227,2,Denied
Transaction Statuses (Payments),227,3,Declined
Transaction Statuses (Payments),227,4,Failure
Transaction Statuses (Payments),227,5,AVSFailure
Transaction Statuses (Payments),227,6,More Info
Transaction Types (Payments),228,1,Sale
Transaction Types (Payments),228,2,Book
Transaction Types (Payments),228,3,Ship
Transaction Types (Payments),228,4,Void
Transaction Types (Payments),228,5,Credit
Transaction Types (Payments),228,6,Force
Alcohol&DrugAnyHealth,229,10,Blackouts or other periods of memory loss?
Alcohol&DrugAnyHealth,229,20,Injured your head after drinking or using drugs?
Alcohol&DrugAnyHealth,229,30,"Had convulsions, delirium tremens (“DTs”)?"
Alcohol&DrugAnyHealth,229,40,Had hepatitis or other liver problems?
Alcohol&DrugAnyHealth,229,50,"Felt sick, shaky, or depressed when you stopped?"
Alcohol&DrugAnyHealth,229,60,Felt “coke bugs” or a crawling feeling under your skin?
Alcohol&DrugAnyHealth,229,70,Been injured after drinking or using?
Alcohol&DrugAnyHealth,229,80,Used needles to shoot drugs?
AlcoholDrugSymptons,230,10,Needle track marks
AlcoholDrugSymptons,230,20,"Skin abscesses, cigarette burns, or nicotine stain"
AlcoholDrugSymptons,230,30,Tremors (shaking and twitching of hands and eyelid
AlcoholDrugSymptons,230,40,"Unclear speech: slurred, incoherent, or too rapid"
AlcoholDrugSymptons,230,50,"Unsteady gait: staggering, off balance"
AlcoholDrugSymptons,230,60,Dilated (enlarged) or constricted (pinpoint) pupil
AlcoholDrugSymptons,230,70,Scratching
AlcoholDrugSymptons,230,80,Swollen hands or feet
AlcoholDrugSymptons,230,90,Smell of alcohol or marijuana on breath
AlcoholDrugSymptons,230,100,"Drug paraphernalia as pipes, paper, needles, etc"
AlcoholDrugSymptons,230,110,“Nodding out” (dozing or falling asleep)
AlcoholDrugSymptons,230,120,Agitation
AlcoholDrugSymptons,230,130,Inability to focus
CWI Transaction Process Type,231,1,Synchronous
CWI Transaction Process Type,231,2,Asynchronous
CWI Transaction Process Type,231,3,BatchTask
DialogTech Interface Type,232,1,Initial
DialogTech Interface Type,232,2,Pre Call
DialogTech Interface Type,232,3,Post Call
Appointment Status,233,0,No Response
Appointment Status,233,1,Confirmed
Appointment Status,233,2,Reschedule
Appointment Status,233,3,Cancelled
SMS Action,234,1,Confirm Appointment
SMS Action,234,2,Reschedule Appointment
SMS Action,234,3,Cancel Appointment
Merge Status Type,235,0,Queued
Merge Status Type,235,1,Success
Merge Status Type,235,2,Failed
Merge Status Type,235,3,In Process
Merge Status Type,235,4,New
Merge Status Type,235,5,Reversed Successfully
Merge Status Type,235,6,Queued for Reversal
Merge Status Type,235,7,Reversed Failed
AuthResponseCode,236,0,Null
AuthResponseCode,236,1,Success
AuthResponseCode,236,2,BadUserOrPassword
AuthResponseCode,236,3,UserNotAuthorized
AuthResponseCode,236,4,UserLockedOut
AuthResponseCode,236,5,InvalidTwoFactorValue
AuthResponseCode,236,6,TwoFactorRequiredAndGenerated
AuthResponseCode,236,7,NotTwoFactorUser
AuthResponseCode,236,8,UserMustChangePassword
AuthResponseCode,236,9,UserPasswordExpired
AuthResponseCode,236,10,EmailNotFound
AuthResponseCode,236,11,InvalidSecurityAnswer
AuthResponseCode,236,12,SecurityAnswerRequired
AuthResponseCode,236,13,PasswordHMISError
AuthResponseCode,236,14,PasswordValidityError
AuthResponseCode,236,15,PasswordDictionaryError
AuthResponseCode,236,16,PasswordDuplicateError
AuthResponseCode,236,17,InvalidLoginToken
AuthResponseCode,236,18,InvalidAppDataUrlID
AuthResponseCode,236,19,BrowserHasOtherSession
AuthResponseCode,236,20,UserHasOtherSession
AuthResponseCode,236,101,ErrorSendingEmail
AuthResponseCode,236,102,ErrorSendingText
UserLoginType,237,0,Unspecified
UserLoginType,237,1,Standard
UserLoginType,237,2,LDAP
UserLoginType,237,3,SAML
UserLoginType,237,4,Token
UserApplicationType,238,0,Undefined
UserApplicationType,238,1,CaseWorthy
UserApplicationType,238,2,Portal
UserApplicationType,238,3,Kiosk
UserApplicationType,238,4,ClientTool
UserApplicationType,238,5,CaseBuddy
UserApplicationType,238,6,PortalAdmin
Import Status,239,1,New
Import Status,239,2,Error
Import Status,239,3,Staged
Import Status,239,4,Scheduled
Import Status,239,5,In Process
Import Status,239,6,Complete
Import Status,239,7,Invalid
Import Error Type,240,1,File
Import Error Type,240,2,Column
Import Error Type,240,3,Data Type
Import Error Type,240,4,Value
Import Error Type,240,5,Crosswalk
Import Error Type,240,6,Setup
Import Error Type,240,99,Other
Import Write Type,241,1,Insert
Import Write Type,241,2,Update
Import Write Type,241,3,Delete
Import Refresh Type,242,1,Full
Import Refresh Type,242,2,Delta
Import Match Action,243,1,Merge into existing
Import Match Action,243,2,Insert as new
Import Match Action,243,3,Do not import
Import Match Action,243,4,Needs review
Import Match Action,243,5,Metadata match
Import File Type,248,1,Csv
Import File Type,248,2,Excel
Import File Type,248,3,Xml
Import Delivery Method,253,1,CaseWorthy
Import Delivery Method,253,2,FTP
gabe1,254,11,111
gabe1,254,22,22
gabe1,254,33,33
gabe1,254,44,44
Request Service HoldByRoleID,255,1,Case Manager
Request Service HoldByRoleID,255,5,Supervisor
Request Service HoldByRoleID,255,10,Finance
Headstart Doc Check,257,1,Proof of income
Headstart Doc Check,257,5,Child’s Medicaid card
Headstart Doc Check,257,10,Child’s Birth certificate
Headstart Doc Check,257,15,Child’s Immunization record
Headstart Doc Check,257,20,Physical Examination form
Headstart Doc Check,257,25,Dental Examination form
Examination List,258,10,Normal
Examination List,258,20,Abnormal
Examination List,258,30,Refer
Examination List,258,40,Not Examined
Normal Abnormal,259,10,Normal
Normal Abnormal,259,20,Abnormal
MedicalEligibilityStatus,260,10,On Mecicaid
MedicalEligibilityStatus,260,20,Not Eligible
MedicalEligibilityStatus,260,30,Potentially Eligible
MedicalStatusDeterBy,261,10,Parent report
MedicalStatusDeterBy,261,20,Medical history
MedicalStatusDeterBy,261,30,Today's exam
GeneralHealthCon,262,10,Good
GeneralHealthCon,262,20,Follow-up or Referral
DoseType,263,0,Birth
DoseType,263,1,1 Month
DoseType,263,2,2 Months
DoseType,263,3,3 Months
DoseType,263,4,4 Months
DoseType,263,5,5 Months
DoseType,263,6,6 Months
DoseType,263,7,7 Months
DoseType,263,12,12 Months
DoseType,263,15,15 Months
DoseType,263,16,16 Months
DoseType,263,18,18 Months
DoseType,263,19,19 Months
DoseType,263,24,2 Years
DoseType,263,36,3 Years
DoseType,263,48,4 Years
DoseType,263,60,5 Years
DoseType,263,72,6 Years
DoseType,263,132,11 Years
DoseType,263,134,11 Years 2 Months
DoseType,263,140,11 Years 8 Months
DoseType,263,142,11 Years to 12 Years
DoseType,263,144,12 Years
DoseType,263,192,16 Years
DoseType,263,204,17 Years
DoseType,263,2400,N/A
HSELL,264,5,Rarely speaks in any language
HSELL,264,10,"Fluent in home language, little or no English"
HSELL,264,15,"Fluent in home language, some English"
HSSE9,265,1,"Not yet, needs close supervision"
HSSE9,265,2,"Follows rules with reminders, directions"
HSSE9,265,3,Follows without reminder
HSSE9,265,4,"Respects work/activity of others, consistently res"
HSSE10,266,1,"Not yet, often takes advantage of by others"
HSSE10,266,2,"Begins to assert self, may rely on teacher or phys"
HSSE10,266,3,Often asserts self with words before seeking adult
HSSE10,266,4,"Consistently defends rights proactively, appropria"
HSSE5,267,1,Not yet or rarely
HSSE5,267,2,"Identifies problems, tries one solution, gives up "
HSSE5,267,3,Tries several solutions with some persistence
HSSE5,267,4,"Has a repetoire of skills such as sharing, taking "
HSSE6,268,1,Not yet - cries or tantrums easily
HSSE6,268,2,"Shows some patience, some tolerance for frustratio"
HSSE6,268,3,Accepts another choice when first choice not avail
HSSE6,268,4,"Consistently calms self when upset, uses strategie"
HSSE3,269,1,"Not yet "
HSSE3,269,2,"Accepts comfort, waits for help"
HSSE3,269,3,"Seeks comfort, asks for help/assistance"
HSSE3,269,4,"Close relationships with staff, a balance of depen"
HSSE4,270,1,Not yet ot rarely
HSSE4,270,2,Notices when others need help or comfort
HSSE4,270,3,"Often offers help, says kind things"
HSSE4,270,4,Consistently joins with other children to do a tas
HSSE8,271,1,Not yet or needs adult guidance often
HSSE8,271,2,"Needs some reminders, directions"
HSSE8,271,3,"Needs some reminders, responds to cue such as bell"
HSSE8,271,4,"Accepts and anticipates transitions, puts own mate"
HSSE7,272,1,"Not yet, or with assistance, may not stay long"
HSSE7,272,2,Chooses without assistance and stay with them awhi
HSSE7,272,3,"Has favorite activities, shows pride and joy in wo"
HSSE7,272,4,"Chooses new activities, seeks new challenges and e"
HSSE1,273,1,Not Yet of or not yet labels own or others feeling
HSSE1,273,2,Sometimes notices and labels feelings
HSSE1,273,3,"Labels and expresses feelings accurately, interpre"
HSSE1,273,4,Aware of what caused the feeling or what the perso
HSSE2,274,1,Does not yet have friends in classroom
HSSE2,274,2,"Plays near or with other children if asked, shows "
HSSE2,274,3,"Shows affection for, seeks out other children, ask"
HSSE2,274,4,"Develops special, close friendships with other chi"
HSLL20,275,1,Not yet or only simple words such as “NO” .
HSLL20,275,2,With simple sentences/questions of 3-5 words .
HSLL20,275,3,"Sentences of 5 or more words, stays on topic ."
HSLL15,276,1,Not yet
HSLL15,276,2,Begins to match some letters with sounds
HSLL15,276,3,Matches some sounds in words with letter combinati
HSLL14,277,1,Not yet
HSLL14,277,2,1-3 letter names
HSLL14,277,3,4-10 letter names
HSLL18,278,1,Not yet
HSLL18,278,2,Notices some words begin with the same sound
HSLL18,278,3,Notices beginning word sounds as part of a game or
HSLL19,279,1,Not yet
HSLL19,279,2,Notices some words that end with the same sound
HSLL19,279,3,Notices rhyming word sounds as part of a game or a
HSLL17,280,1,Not yet
HSLL17,280,2,Identifies individual words that make up a sentenc
HSLL17,280,3,Identifies or claps syllables in their name or a p
HSLL13,281,1,Does not yet recognize own name in print
HSLL13,281,2,Recognizes own first name
HSLL13,281,3,Recognizes first names of other class mates
HSAssessmentType,282,1,Fall
HSAssessmentType,282,2,Winter
HSAssessmentType,282,3,Spring
HSELL,283,1,Rarely speaks in any language
HSELL,283,2,"Fluent in home language, little or no English"
HSELL,283,3,"Fluent in home language, some English"
HSELL,283,4,Fluent in home language and English
ROMATableType,287,1,Goal
ROMATableType,287,2,Goal Outcome
ROMATableType,287,3,Service
Usage Unit Type,288,1,Bed
Usage Unit Type,288,2,Unit
Medication Route,293,1,Oral
Medication Route,293,5,injection
Medication Route,293,10,infusion
Medication Route,293,15,Topical
InspectionType,294,1,Initial
InspectionType,294,5,Follow Up
InspectionType,294,10,Final
Placement status,295,1,Open
Placement status,295,5,Pass
Placement status,295,6,Pass with Deficiencies
Placement status,295,10,Fail
Followup Status,296,1,Open
Followup Status,296,10,Complete
Followup Status,296,15,Scheduled
Followup Status,296,20,System-Generated Closure
Finding area,297,1,Living Room
Finding area,297,5,Electricity
Finding area,297,10,Security
Finding area,297,15,Kitchen
Finding area,297,20,Refridgerator
Finding area,297,25,Sink
Finding area,297,30,Bathroom
Finding area,297,35,Toilet
Finding area,297,40,Sink
Finding area,297,45,Tub/Shower
Finding area,297,50,Building Exterior
Finding area,297,55,Foundation
Finding area,297,60,Gutters
Group/Team Type,298,1,Approvers
Group/Team Type,298,2,Business Development
Group/Team Type,298,5,Case Manager
Group/Team Type,298,6,Aging Services Vendor Notifications
Group/Team Type,298,10,Inspectors
Group/Team Type,298,15,Employment
Group/Team Type,298,17,Gift Cards
Group/Team Type,298,18,DonorAdvocates
Group/Team Type,298,20,Housing
Group/Team Type,298,21,Coordination Center
Group/Team Type,298,23,Incident Management Email Notify
Group/Team Type,298,25,Drug Testing
Group/Team Type,298,30,Issues Management
Group/Team Type,298,35,Auto Retention
Group/Team Type,298,40,Service Plan
Group/Team Type,298,90,Mentors
Group/Team Type,298,99,Volunteers
Followup Type,299,1,"Housing Retention "
Followup Type,299,5,"Employment Retention "
Followup Type,299,6,Schedule Follow Up
Followup Type,299,10,"Housing Inspection "
Followup Type,299,15,"Service Plan Review "
Followup Type,299,20,Incident Report
Followup Type,299,25,Drug Testing
Followup Type,299,27,Housing Placement
Followup Type,299,30,Mentoring
Followup Type,299,35,Housing Lease
Followup Type,299,40,Issue
Followup Type,299,45,System Generated Closed Enrollment
Followup Type,299,90,Auto Retention
Followup Type,299,95,Mission Services Impact Milestone
Scan Card Template Type,304,1,Client Badge
Scan Card Template Type,304,2,Inventory
Placement Type,308,1,"Assisted "
Placement Type,308,10,Unassisted
Placement Type,308,101,Connected by Job Developer
Placement Type,308,102,Self
Placement Type,308,103,Internal
Feel Safe,310,1,Safe
Feel Safe,310,2,Unsafe
Feel Safe,310,5,"A little unsafe "
School Grade,311,0,No school grades completed
School Grade,311,1,First Grade
School Grade,311,2,Second Grade
School Grade,311,3,Third Grade
School Grade,311,4,Fourth Grade
School Grade,311,5,Fifth Grade
School Grade,311,6,Sixth Grade
School Grade,311,7,Seventh Grade
School Grade,311,8,Eighth Grade
School Grade,311,9,Ninth Grade
School Grade,311,10,Tenth Grade
School Grade,311,11,Eleventh Grade
School Grade,311,12,Twelfth Grade
School Grade,311,13,Pre-K
School Grade,311,14,Kindergarten
School Grade,311,15,Freshman College
School Grade,311,16,Sophomore College
School Grade,311,17,Junior College
School Grade,311,18,Senior College
School Grade,311,19,Graduate
School Grade,311,20,Post Graduate
SchoolType,312,1,Public School
SchoolType,312,2,Private School
SchoolType,312,3,Charter School
SchoolType,312,4,Parochial
Course Term Type,314,1,1st
Course Term Type,314,2,2nd
Course Term Type,314,3,3rd
Grade Avg,315,5,4.0
Grade Avg,315,10,3.5
Grade Avg,315,15,3.0
Grade Avg,315,20,2.5
Grade Avg,315,25,2.0
Grade Avg,315,30,Dropped Out
Grade Avg,315,35,Suspended
Course Category,316,1,Math
Course Category,316,5,English
Course Category,316,10,Extra Curiculumn
Term Availability,317,1,1st Only
Term Availability,317,5,2nd
Term Availability,317,10,3rd
Term Availability,317,15,1st & 3rd
Term Availability,317,20,2nd & 3rd
Term Availability,317,99,Ad Hoc (User enters description)
Housing Placement Status,321,5,Pending
Housing Placement Status,321,10,Moved In
Housing Placement Status,321,15,Denied
Provider Type,323,1,Provider
Provider Type,323,5,Landlord
Parking,324,1,Garage
Parking,324,5,Car Port
Parking,324,10,No Parking
Storage,325,1,No Storage
Storage,325,5,Inside Storage
Storage,325,10,Outside Storage
Deposit Type,326,1,Utility
Deposit Type,326,5,Pet
Deposit Type,326,10,Garage
List Number,328,0,0
List Number,328,1,1
List Number,328,2,2
List Number,328,3,3
List Number,328,4,4
List Number,328,5,5
List Number,328,6,6
List Number,328,7,7
List Number,328,8,8
List Number,328,9,9
List Number,328,10,10
One to Ten,331,1,1 one
One to Ten,331,2,5 Five
SubsidizedPeriod,335,10,One Time
SubsidizedPeriod,335,20,Month to Month
Medication Dosage,338,1,Tablet
Medication Dosage,338,5,Capsule
Medication Dosage,338,10,Syrup
Medication Dosage,338,15,Suspension
Medication Dosage,338,20,Suppository
Medication Dosage,338,25,Topical Patch
Medication Dosage,338,30,Topical Gel/Cream/Ointment
Medication Dosage,338,35,Injectable
Medication Dosage,338,40,Inhaler
Medication Dosage,338,45,Nasal Spray
Medication Dosage,338,50,Other
looking for work,339,1,Yes
looking for work,339,2,No
looking for work,339,3,Don't Know
looking for work,339,4,Won't Answer
looking for work,339,5,"No, Senior, Disable, or Caregiver"
Farmer,340,1,Farmer
Farmer,340,2,Migrant Farm worker
Farmer,340,3,Seasonal Farm worker
PhoneType,342,1,Office Phone
PhoneType,342,5,Cell Phone
PhoneType,342,10,Home Phone
PhoneType,342,15,Fax
TaxType,343,1,Corporation
TaxType,343,5,Partnership
TaxType,343,10,Individual
UnitOfMeasureRate,344,1,Hourly
UnitOfMeasureRate,344,5,Quantity
UnitOfMeasureRate,344,10,Piece
BillingFrequency,345,1,One Time
BillingFrequency,345,5,Every Week
BillingFrequency,345,10,Every Month
RateType,346,1,Low - Continuous
RateType,346,5,Low - Intermediate
RateType,346,10,Low - Not Employed
RateType,346,15,Medium - Continuous
RateType,346,20,Medium - Intermediate
RateType,346,25,Medium - Not Employed
RateType,346,30,High - Continuous
RateType,346,35,High - Intermediate
RateType,346,40,High - Not Employed
RateType,346,45,Standard
RateType,346,90,Support - Low
RateType,346,91,Support - Medium
RateType,346,92,Support - High
RateType,346,98,Community Protection
RateType,346,99,Specialized Rate
ActivityLocationCategory,347,1,Natural Environment
ActivityLocationCategory,347,5,Other Environment
ActivityTimeType,349,1,Regular
ActivityTimeType,349,5,Overtime
ActivityTimeType,349,10,Piece
ActivityTimeType,349,15,Sick
ActivityTimeType,349,20,Vacation
ActivityTimeType,349,25,Holiday
ActivityTimeType,349,30,Bereavement
ActivityTimeType,349,35,Jury Duty
ActivityTimeType,349,40,FMLA
ActivityTimeType,349,45,Volunteer
CaseNoteType,358,1,Case
CaseNoteType,358,5,Counseling
CaseNoteType,358,10,Referral
CaseNoteTypes,360,1,Archived Notes
CaseNoteTypes,360,2,HUD Universal
CaseNoteTypes,360,4,Call Log
CaseNoteTypes,360,5,"Case Note "
CaseNoteTypes,360,6,Service
CaseNoteTypes,360,7,Presenting Issue
CaseNoteTypes,360,9,Goal / Progress Notes
CaseNoteTypes,360,11,Retention / Follow-up
CaseNoteTypes,360,13,Service Plan
CaseNoteTypes,360,14,Action
CaseNoteTypes,360,15,Crimes
CaseNoteTypes,360,17,Protection Order
CaseNoteTypes,360,19,Domestic Violence
CaseNoteTypes,360,20,Provider Portal Case Note
CaseNoteTypes,360,21,Wait List
CaseNoteTypes,360,23,Bar List
CaseNoteTypes,360,25,Medication
CaseNoteTypes,360,27,Medication Orders
CaseNoteTypes,360,29,Immunizations
CaseNoteTypes,360,30,Document Check
CaseNoteTypes,360,31,Allergies
CaseNoteTypes,360,33,Substance Abuse
CaseNoteTypes,360,35,Drug Screening
CaseNoteTypes,360,37,Chemical Dependency
CaseNoteTypes,360,39,Benevolence
CaseNoteTypes,360,41,Referral
CaseNoteTypes,360,43,Service Request
CaseNoteTypes,360,45,Referral In
CaseNoteTypes,360,47,Re-Entry
CaseNoteTypes,360,49,Child Education
CaseNoteTypes,360,51,Grades and Attendance
CaseNoteTypes,360,53,Skills and Credentials
CaseNoteTypes,360,55,Education Tests
CaseNoteTypes,360,57,Mental Health
CaseNoteTypes,360,59,Medical Test
CaseNoteTypes,360,61,Housing Lease
CaseNoteTypes,360,63,Work Placement
CaseNoteTypes,360,65,Housing Placement
CaseNoteTypes,360,67,Housing Inspection
CaseNoteTypes,360,69,Housing Assessment
CaseNoteTypes,360,70,Donor Notes
CaseNoteTypes,360,71,Employment Assessment
CaseNoteTypes,360,72,Employment Retention
CaseNoteTypes,360,73,Child Care
CaseNoteTypes,360,74,Medical Billing Case Note
CaseNoteTypes,360,75,Spirituality
CaseNoteTypes,360,77,Field Visit
CaseNoteTypes,360,79,Health Insurance
CaseNoteTypes,360,80,User Security Agreement
CaseNoteTypes,360,81,Housing Authorization
CaseNoteTypes,360,83,Vitals
CaseNoteTypes,360,85,Refugee
CaseNoteTypes,360,87,Group
CaseNoteTypes,360,88,Resource Usage Enroll
CaseNoteTypes,360,89,Information Release
CaseNoteTypes,360,90,Job Order
CaseNoteTypes,360,91,Bereavement
CaseNoteTypes,360,92,Messaging
CaseNoteTypes,360,93,Quarterly Care Plan Review
CaseNoteTypes,360,99,Provider Referral
CaseNoteTypes,360,100,Shift Note
CaseNoteTypes,360,101,Intervention
CaseNoteTypes,360,102,Monthly Progress Notes
CaseNoteTypes,360,103,Quarterly Progress Notes
CaseNoteTypes,360,104,Encounter
CaseNoteTypes,360,105,Client Strengths
CaseNoteTypes,360,106,Discharge Criteria
CaseNoteTypes,360,108,Referral - Internal
CaseNoteTypes,360,110,Confidential Group Case Note
CaseNoteTypes,360,115,Counseling Note
CaseNoteTypes,360,120,Parent Consent
JobProcessTable,365,5,ServiceAuthorization
JobProcessTable,365,10,Time
Support Types,367,1,Support Contact Follow ups
Support Types,367,2,Support Ticket Follow Ups
Time Method,368,5,Time With Minimum
Time Method,368,10,Time & Material
Time Method,368,15,Capitated Billing
TestMethod,376,1,Breathalyzer
TestMethod,376,2,Urinalysis
TestMethod,376,3,Self Report
TestMethod,376,4,Lab
TestMethod,376,5,Outside Provider
TestMethod,376,6,Nicotine
TestMethod,376,7,Staff Report
Issue TrackingType,381,3,Development
Issue TrackingType,381,5,Application Support
Issue TrackingType,381,10,Application Enhancement
Issue TrackingType,381,15,Reporting Support
Issue TrackingType,381,20,Reporting Enhancement
Issue TrackingType,381,25,Custom Work
Issue TrackingType,381,30,Custom Report Work
Issue Tracking Application,382,1,WORD
Issue Tracking Application,382,5,EXCEL
Issue Tracking Application,382,10,MAIL
Issue Tracking Application,382,15,ECM
Issue Tracking Application,382,20,CaseWorthy
Issue Tracking Priority,383,1,Low
Issue Tracking Priority,383,5,Medium
Issue Tracking Priority,383,10,High
Issue Tracking Priority,383,15,URGENT
Issue Tracking Status,384,5,Assigned
Issue Tracking Status,384,10,Waiting for Customer Signoff
Issue Tracking Status,384,13,Self-Host Needs Code Migration
Issue Tracking Status,384,14,Ready to Test in Dev
Issue Tracking Status,384,15,Ready to Test in QA
Issue Tracking Status,384,16,Blocked
Issue Tracking Status,384,17,Needs Code Migration to Dev
Issue Tracking Status,384,18,Needs Code Migration to QA
Issue Tracking Status,384,19,Needs Code Migration to Prod
Issue Tracking Status,384,20,Resolved
Issue Tracking Status,384,25,Closed - Not Resolved
Issue Tracking Status,384,30,Ready to Test in Customer Database
Issue Tracking Status,384,36,Enhancement Pending Review
Issue Tracking Status,384,37,Ready for QA
Issue Tracking Status,384,38,Ready for QA - Any Version (NOT USED)
Issue Tracking Status,384,39,Apply Stored Procedure
Issue Tracking Status,384,40,On Hold- Staging
Issue Tracking Status,384,41,Resolved- Needs Documentation
Release Version,385,2,SalesDemo
Release Version,385,3,1.2
Release Version,385,4,1.3
Release Version,385,5,2.0
Release Version,385,6,2.1
Release Version,385,7,2.2
Release Version,385,8,2.3
Release Version,385,9,2.3.1
Release Version,385,10,2.3.2
Release Version,385,11,3.0
Release Version,385,12,3.1
Release Version,385,13,4.0
Release Version,385,14,4.1
Release Version,385,15,4.2
Release Version,385,16,4.3
Release Version,385,17,4.4
Release Version,385,18,5.0
Release Version,385,19,5.01
Release Version,385,20,5.1
Release Version,385,21,5.2
Release Version,385,22,5.2.1
Release Version,385,23,6.0
Release Version,385,24,6.1
Release Version,385,25,6.2
Release Version,385,26,6.3
Release Version,385,98,7.0.Merge
Release Version,385,99,Unassigned
Inventory Status,387,1,New
Inventory Status,387,2,Used
Inventory Status,387,5,WIP
Inventory Status,387,10,Disposed
Inventory Status,387,15,Issued to Client
Inventory Type,388,1,Auto
Inventory Type,388,5,"Clothing "
Inventory Type,388,10,Food
Inventory Type,388,15,Furniture
Inventory Type,388,20,Household Good
Inventory Type,389,1,Automobile
Inventory Type,389,2,Clothing
Inventory Type,389,3,Household Item
Inventory Type,389,10,Furniture
Inventory Type,389,15,Food
Inventory Type,389,20,Meals
Inventory Type,389,25,Gift Cards
Inventory Type,389,30,Transportation Equipment
Inventory Type,389,35,Housing Inventory
Inventory Type,389,40,Videos
Inventory Type,389,45,Articles
Inventory Type,389,50,Electronics
Inventory Type,389,55,Bikes
Inventory Type,389,60,Coats
Inventory Type,389,65,Bus
Inventory Type,389,66,Book
Inventory Type,389,70,Inventory/Perpetual
Inventory Type,389,71,Weatherization
Auto Condition,390,1,Excellent
Auto Condition,390,5,Good
Auto Condition,390,10,Fair
Auto Condition,390,15,Poor
Inventory Location,391,1,Location 1
Auto Type,392,1,2 Dr Sedan
Auto Type,392,5,4 Dr Sedan
Auto Type,392,10,SUV
Auto Type,392,15,Pickup Truck
Donation Types,394,1,Cash
Donation Types,394,5,Cash Equivalents
Donation Types,394,10,Clothing
Donation Types,394,15,Furniture
Donation Types,394,20,"Household "
Donation Types,394,25,Automobile
Donation Types,394,99,Other
Wait List Status,395,1,Reserved
Wait List Status,395,5,Checked-in
Wait List Status,395,10,Not Checked-in
Inventory Activity,396,1,Donation
Inventory Activity,396,5,Supplies / Repairs
Inventory Activity,396,10,Contact
Inventory Activity,396,15,Time
Inventory Activity,396,20,Disposal (Salvage)
Inventory Activity,396,25,Disposal (Sold)
Inventory Activity,396,30,Issued to Client
Inventory Activity,396,35,Used Internally
"Lockers, Tools, Spaces",397,1,Lockers
"Lockers, Tools, Spaces",397,5,Tool Bin
"Lockers, Tools, Spaces",397,10,Parking Spaces
Inventory Disposition,399,1,"Client "
Inventory Disposition,399,5,Sold
Inventory Disposition,399,10,Salvage
Randomizer Type,400,1,Year-round
Randomizer Type,400,2,OverFlow
Randomizer Type,400,3,Seasonal
Serialized Inventory Status,403,2,Treasury
Serialized Inventory Status,403,6,Issued to CM
Serialized Inventory Status,403,11,Transfer to CM
Serialized Inventory Status,403,16,Committed to Client
Serialized Inventory Status,403,30,Issued to Client
Serialized Inventory Status,403,36,Expired
Serialized Inventory Status,403,40,Uncommited To Client
Serialized Inventory Status,403,88,Being Repaired
Serialized Inventory Status,403,99,Broken/Damaged
Special Usage Random Type,407,1,Normal
Special Usage Random Type,407,2,OverFlow
Transaction Deposit,410,1,Account Deposits
Transaction Deposit,410,8,"Adjust Deposits "
Transaction Deposit,410,9,Misc (Adjustment)
Check Or LOD,413,1,Check
Check Or LOD,413,5,LOD
ServiceLeaseType,414,1,SubsidizedDeposit
ServiceLeaseType,414,2,SubsidizedLease
Responsible Party,415,1,Client
Responsible Party,415,5,Staff
Responsible Party,415,10,"Both, Client and Staff"
LeaseType,419,1,Rental Deposit
LeaseType,419,5,Utility Deposit
LeaseType,419,10,Pet Deposit
LeaseType,419,15,Other Deposit
LeaseType,419,20,Rent / Lease Amount
LeaseType,419,30,Utilities Amount
LeaseType,419,31,Cable
LeaseType,419,32,Phone
LeaseType,419,33,Meals
LeaseType,419,34,UABA
LeaseType,419,35,HOA Fee
LeaseType,419,70,Subsdized Rental Deposit
LeaseType,419,75,Subsidized Utility Deposit
LeaseType,419,80,"Subsidized Pet Deposit "
LeaseType,419,85,Subsidized Other Deposit
LeaseType,419,90,Subsidized Rent / Lease
LeaseType,419,95,"Subsidized Utilities "
LeaseType,419,99,Deposit Refund
Provider Contact Relationship,422,1,Primary Contact
Provider Contact Relationship,422,2,Provider Contact
Provider Contact Relationship,422,3,Mentor
Provider Contact Relationship,422,4,Job Order Contact
Provider Contact Relationship,422,5,Secondary Contact
Provider Contact Relationship,422,6,Other Contact
Verification Method,423,1,Work Number/3rd Party Verification
Verification Method,423,5,Check Stub
Verification Method,423,10,Written HR Verification
Verification Method,423,15,HR Verbal + Written
Verification Method,423,20,Supervisor Verbal Verification + Written
Verification Method,423,45,Pending Verification
Verification Method,423,101,As Reported by Participant
Verification Method,423,102,Workplace Visit
Verification Method,423,103,HR Verification
Goodwill Employer Type,424,1,Non-Goodwill External
Goodwill Employer Type,424,2,Goodwill External - Not Supported Employment
Goodwill Employer Type,424,3,Goodwill External - Supported Employment
Goodwill Employer Type,424,5,Goodwill Internal
Goodwill Employer Type,424,6,Goodwill Internal - Not Supported Employment
Goodwill Employer Type,424,7,Goodwill Internal - Supported Employment
Goodwill Employer Type,424,10,Non-Goodwill Staffing/Temp Agency
Goodwill Employer Type,424,15,Goodwill Staffing
Goodwill Employer Type,424,20,Goodwill Special Wage Certificate
Goodwill Employer Type,424,25,Non-Goodwill Special Wage Certificate
Goodwill Employer Type,424,30,Self Employment Through Electronic Platforms
Goodwill Employer Type,424,35,Self Employment Not Through Electronic Platforms
Goodwill Employer Type,424,40,"Transitional "
Auto Transmission Type,426,1,Automatic
Auto Transmission Type,426,2,Manual
Slot Type (Target Population),427,1,PC Client
Slot Type (Target Population),427,2,Medical
Slot Type (Target Population),427,3,Senior
Slot Type (Target Population),427,4,Disabled
Slot Type (Target Population),427,5,Working
Slot Type (Target Population),427,6,Sex Offender
Slot Type (Target Population),427,7,Veteran
Slot Type (Target Population),427,8,Chronic Homeless
Slot Type (Target Population),427,9,Youth
Slot Type (Target Population),427,10,Domestic Violence
Slot Type (Target Population),427,11,Ex-Offender
Slot Type (Target Population),427,12,Families
Slot Type (Target Population),427,13,Men with Children
Slot Type (Target Population),427,14,Persons with Addictions
Slot Type (Target Population),427,15,Persons with HIV/AIDS
Slot Type (Target Population),427,16,Runaway Youth
Slot Type (Target Population),427,17,Single Adult Females
Slot Type (Target Population),427,18,"Women with Children "
Slot Type (Target Population),427,19,Young Adults Transitioning Out of Foster Care
Slot Type (Target Population),427,20,Single Adult Males
Slot Type (Target Population),427,21,N/A
Slot Type (Target Population),427,22,Chronically homeless veterans
Slot Type (Target Population),427,23,Youth veterans
Slot Type (Target Population),427,24,Other veterans
Slot Type (Target Population),427,25,Chronically homeless youth
Slot Type (Target Population),427,26,Other youth
Slot Type (Target Population),427,27,Other chronically homeless
Slot Type (Target Population),427,28,Non-dedicated
Slot Type (Target Population),427,29,Pregnant women
Slot Type (Target Population),427,30,Formerly homeless individuals
Slot Type (Target Population),427,31,Formerly homeless families
Signature Context Types,428,1,Case Note
Signature Context Types,428,2,Lease
Signature Context Types,428,3,Service Plan
Signature Context Types,428,4,Incident Report
Signature Context Types,428,5,Entity Release
Signature Context Types,428,6,Provider Contracts
Signature Context Types,428,7,Housing Authorizations
Alert Type,430,1,Probation
Alert Type,430,5,Health Issue
Alert Type,430,10,Safety Issue
Alert Type,430,15,Client Status
Alert Type,430,20,Claim Exchange Denied
Alert Type,430,25,Bar Entry
Issue Evaluation List,432,1,Unnecessary
Issue Evaluation List,432,5,Desirable
Issue Evaluation List,432,10,Important
Issue Evaluation List,432,15,Critical
Medication Purpose,433,-1,Other
Medication Purpose,433,1,Allergies
Medication Purpose,433,5,Asthma
Medication Purpose,433,10,Seizures
Medication Purpose,433,15,ADD/ADHD
Medication Purpose,433,20,Diabetes
Medication Purpose,433,25,Anemia
Disbursement Method,437,1,Check
Disbursement Method,437,5,Letter of Direction
Disbursement Method,437,10,Neither
Project Role,439,-1,Other
Project Role,439,1,Executive Director
Project Role,439,2,Secretary
Project Role,439,3,Board Member
Project Role,439,5,Program Manager
Project Role,439,10,Project Manager
Project Role,439,15,Information Services
Project Role,439,20,DBA
Project Role,439,25,Chief Financial Officer
Project Role,439,30,Finance
Project Role,439,35,Staff
Project Role,439,40,Chief Executive Officer
Project Role,439,45,HUD Contact
Project Role,439,50,Office Executive
Project Role,439,55,Office Manager
Project Role,439,60,Principal
Project Role,439,65,Site Coordinator
Project Role,439,66,Head of Giving
Project Role,439,67,Assistant
Database Type,440,1,Production
Database Type,440,2,Portal
Database Type,440,5,Test / Training
Database Type,440,10,Staging
Database Type,440,15,BETA Upgrade
Deployment Type,441,1,ASP
Deployment Type,441,5,Self Host
Database Target Location,445,1,Download
Database Target Location,445,5,Report Server
Backup Recurrence,446,1,1 - One Time
Backup Recurrence,446,5,2 - Weekly
Backup Recurrence,446,10,3 - Bi-weekly
Backup Recurrence,446,15,4 - Semi-Monthly
Backup Recurrence,446,20,5 - Monthly
Service Reporting Sort Options,449,1,Program
Service Reporting Sort Options,449,2,Provider
Service Reporting Sort Options,449,3,Service Category
PATH  Type,450,1,Prescreen
PATH  Type,450,2,PATH
Inventory Activity Type,451,1,Donation
Inventory Activity Type,451,2,Treasury
Inventory Activity Type,451,5,Supplies / Repairs
Inventory Activity Type,451,6,Issued to Case Manager
Inventory Activity Type,451,10,Contact
Inventory Activity Type,451,11,Transfer to Case Manager
Inventory Activity Type,451,15,Time
Inventory Activity Type,451,16,Committed to Client
Inventory Activity Type,451,20,Disposal (Salvage)
Inventory Activity Type,451,25,Disposal (Sold)
Inventory Activity Type,451,30,Issued to Client
Inventory Activity Type,451,36,Expired
Inventory Activity Type,451,47,Reorder
PIT Population Type,452,1,Sheltered
PIT Population Type,452,5,Unsheltered
PIT Population Type,452,10,Both
PITLocations,454,1,Location 1
PITLocations,454,2,Location 2
PITLocations,454,3,Location 3
PITLocations,454,4,Location 4
PITLocations,454,5,Location 5
AllowChildrenAge,456,1,Younger than 14
AllowChildrenAge,456,2,Younger than 15
AllowChildrenAge,456,3,Younger than 16
AllowChildrenAge,456,4,Younger than 17
AllowChildrenAge,456,5,Younger than 18
Lease Payment Term Types,466,1,Daily
Lease Payment Term Types,466,5,Weekly
Plan Type,468,1,"Initial "
Plan Type,468,5,Renewal
Plan Type,468,6,Individual Employment
Plan Type,468,7,Job Coach
Plan Type,468,8,Job Search
Plan Type,468,9,Work Evaluation
Program Wait List Status,470,1,Open
Program Wait List Status,470,2,"Approved, pending availability"
Program Wait List Status,470,3,Closed
Service Report Group By List,480,1,Case Manager
Service Report Group By List,480,3,Race
Service Report Group By List,480,5,Ethnicity
Service Report Group By List,480,7,Gender
Service Report Group By List,480,9,Age Groups
Service Report Group By List,480,11,Region
Service Report Group By List,480,13,Program
Service Report Group By List,480,15,Account
Service Report Group By List,480,17,Location (Provider)
Service Report Group By List,480,19,Service Category
CSBG Age Groups,481,1,Less than 5
CSBG Age Groups,481,2,Between 6 and 11
CSBG Age Groups,481,3,Between 12 and 17
CSBG Age Groups,481,4,Between 18 and 24
CSBG Age Groups,481,5,Between 25 and 44
CSBG Age Groups,481,6,Between 45 and 54
CSBG Age Groups,481,7,Between 55 and 69
CSBG Age Groups,481,8,70 and Greater
CSBG Age Groups,481,9,Missing Age
CallType,488,1,Internal Referral
CallType,488,2,Outside Referral
CallType,488,3,Information
CallType,488,4,Hangup
CallerType,489,1,"Anonymous "
CallerType,489,2,New Client
CallerType,489,3,Existing Client
CallerType,489,4,Friend
CallerType,489,5,Relative
CallerType,489,6,Anonymous - Not Victim
CallerType,489,7,Anonymous - Victim
EncounterType,490,1,Phone
EncounterType,490,2,Walk-in
CallStatus,491,1,Open
CallStatus,491,2,Requires Review
CallStatus,491,3,Closed
CallStatus,491,4,Approved
InsuranceCarrier,492,1,BCBS
InsuranceCarrier,492,2,Medicare
InsuranceCarrier,492,3,Medicaid
InsuranceCarrier,492,4,Other
Health InsuranceType,493,1,Health
Health InsuranceType,493,2,Dental
Health InsuranceType,493,3,Other
Health InsuranceType,493,4,Auto
Health InsuranceType,493,5,Renters
Health InsuranceType,493,6,Home Owners
Health InsuranceType,493,7,General Liability
ResponsibleParty,494,1,Employer
ResponsibleParty,494,2,Self
ResponsibleParty,494,3,Govt
ResponsibleParty,494,4,Other
OpenClose,496,1,Open
OpenClose,496,2,Closed
OpenClose,496,3,Requested
Approval Type,497,1,Incident Report
Approval Type,497,2,Case Note
Approval Type,497,3,Provider Contract
Approval Type,497,4,Expense Report
Approval Type,497,5,Authorization
PATH Length of Stay,499,1,Less than 2 days
PATH Length of Stay,499,2,2 - 30 days
PATH Length of Stay,499,3,31 - 90 days
PATH Length of Stay,499,4,91 days to 1 year
PATH Length of Stay,499,5,Over 1 year
PATH Length of Stay,499,8,Unknown
Contract Type,500,1,Original
Contract Type,500,2,Change Order
Contract Type,500,5,Requisition
Contract Type,500,10,Purchase Order
Provider Contract Term,501,1,Net 30
Provider Contract Term,501,5,Net 10
Provider Contract Term,501,10,"2 / 10, Net 30"
Provider Contract Term,501,15,Upon Receipt
Process Order,506,1,Primary
Process Order,506,2,Secondary
Process Order,506,3,Tertiary
Status Of Approval,507,1,Pending
Status Of Approval,507,2,In Process
Status Of Approval,507,3,Approved
Status Of Approval,507,10,Bid Requested
Approval Status New,509,3,Pending
Approval Status New,509,4,Approved
Approval Status New,509,5,Denied
Approval Status New,509,6,Hold
Bedrooms,512,1,1
Bedrooms,512,2,2
Bedrooms,512,3,3
Bedrooms,512,4,4
Bedrooms,512,5,5
Bedrooms,512,6,6
Viral Status,513,1,Active
Viral Status,513,3,Removed
Viral Status,513,5,Incarcerated
Viral Status,513,7,Relocated
Viral Status,513,9,Deceased
Viral Status,513,11,Unknown
HIV AIDS Status (Assessment),514,1,HIV negative (affected)
HIV AIDS Status (Assessment),514,2,"HIV positive, not AIDS"
HIV AIDS Status (Assessment),514,3,"HIV positive, AIDS status unknown"
HIV AIDS Status (Assessment),514,4,CDC defined AIDS
HIV AIDS Status (Assessment),514,7,HIV-indeterminate (infants<2 years only)
Prescribed ART,515,1,Yes
Prescribed ART,515,2,"No, not medically indicated"
Prescribed ART,515,3,"No, not ready (as determined by clinician)"
Prescribed ART,515,4,"No, client refused"
Prescribed ART,515,5,"No, intolerance, side-effect, toxicity"
Prescribed ART,515,6,"No, ART payment assistance unavailable"
Prescribed ART,515,7,"No, other reason"
Prescribed ART,515,8,Unknown
PCP Prophylaxis,516,1,No
PCP Prophylaxis,516,2,Yes
PCP Prophylaxis,516,3,Not medically indicated
PCP Prophylaxis,516,4,"No, client refused"
PCP Prophylaxis,516,5,Unknown
PCP Prophylaxis,516,6,Not applicable
Year List (Descending Order),517,20,2012
Year List (Descending Order),517,21,2011
Year List (Descending Order),517,22,2010
Year List (Descending Order),517,23,2009
Year List (Descending Order),517,24,2008
Year List (Descending Order),517,25,2007
Year List (Descending Order),517,26,2006
Year List (Descending Order),517,27,2005
Year List (Descending Order),517,28,2004
Year List (Descending Order),517,29,2003
Year List (Descending Order),517,30,2002
Year List (Descending Order),517,31,2001
Year List (Descending Order),517,32,2000
Year List (Descending Order),517,33,1999
Year List (Descending Order),517,34,1998
BudgetProgramStatus,519,1,Dropdown
BudgetProgramStatus,519,2,Open
BudgetProgramTYpe,520,1,Original
BudgetProgramTYpe,520,5,Budget Change
Extentofdamage,523,1,Total Loss
Extentofdamage,523,5,Major
Extentofdamage,523,10,Minor (less than 25K)
NewHomeType,527,1,MobileHome
NewHomeType,527,5,Modular
NewHomeType,527,10,StickBuilt
NewHomeType,527,15,Undecided
Alert Type,529,1,"Approvals "
Alert Type,529,3,Follow-ups
Alert Type,529,5,Service Plans
Alert Type,529,7,Goals
Minority Staus,530,1,None
Minority Staus,530,3,Women
Minority Staus,530,5,Veteran
Minority Staus,530,7,Minority
Minority Staus,530,9,Latino
Approval Context Type,531,1,Case Note
Approval Context Type,531,4,Substance
Approval Context Type,531,5,Enrollment Service Plan
Approval Context Type,531,17,Gift Cards
Approval Context Type,531,21,Time
Approval Context Type,531,38,Service Authorization Other
Approval Context Type,531,70,Incident Report
Approval Context Type,531,84,Provider Contract
Approval Context Type,531,86,Housing Authorization
Program Document Process,532,1,Not Applicable
Program Document Process,532,5,Client Application
Program Document Process,532,7,Student Support Plan
Program Document Process,532,10,Provider Application
Program Document Process,532,15,Enrollments
Program Document Process,532,20,Provider Contracts
Program Document Process,532,25,Service Request
Program Document Process,532,30,Program Exits
Notification Method,533,1,Follow-up
Notification Method,533,5,Entity Alert
Notification Method,533,10,Email
Notification Method,533,15,Bulletin Board
Thread Allowed Group,535,1,User Organization
Thread Allowed Group,535,2,User Provider
Thread Allowed Group,535,3,Team
Thread Allowed Group,535,4,User Only
Thread Allowed Group,535,5,Individual(s) Not In System
Thread Type,537,1,Approval
Thread Type,537,2,Chat
User Failed Login Reason,546,0,Unknown Password and User Name
User Failed Login Reason,546,1,Unknown Password
User Failed Login Reason,546,2,Unknown User Name
User Failed Login Reason,546,3,Unknown Password and User Name
User Failed Login Reason,546,10,Admin Reopen
User Failed Login Reason,546,100,Successfully Login
ProviderReferralType,550,1,Referral Out - External Providers
ProviderReferralType,550,2,"Referral In - External Providers "
ProviderReferralType,550,3,Service Request
ProviderReferralType,550,5,Provider Service Request (Invoices against contr
ProviderReferralType,550,6,"Referral - Internal "
ProviderReferralType,550,7,SNAP Direct
ProviderReferralType,550,8,SNAP Reverse
ProviderReferralType,550,9,Program Referral
ProviderReferralType,550,10,SUA Referral
Form Type,553,1,Edit
Form Type,553,2,Search
Form Type,553,3,Spreadsheet
DashboardItem,554,1,Form
DashboardItem,554,2,Query
DashboardItem,554,3,Workflow
Exception,560,1,Case Note
Exception,560,2,Program
Exception,560,3,Service Type
Exception,560,6,Issue Type
Current Previous,565,1,Current
Current Previous,565,3,Previous
Share Type,567,1,Include
Share Type,567,2,Exclude
HIVRisk,568,1,Male-to-male sexual contact (MSM)
HIVRisk,568,2,Injection drug user (IDU)
HIVRisk,568,3,"Hemophilia/coagulation disorder "
HIVRisk,568,4,"Heterosexual contact "
HIVRisk,568,5,"Receipt of transfusion of blood, blood components, or tissue "
HIVRisk,568,6,Perinatal transmission
HIVRisk,568,7,Risk factor not reported or not identified
HIVRisk,568,8,Unknown
HIVRisk,568,9,Risk factor not reported or not identified
WhenEnteredPrenatalCare,569,1,First Trimester
WhenEnteredPrenatalCare,569,2,Second Trimester
WhenEnteredPrenatalCare,569,3,Third Trimester
WhenEnteredPrenatalCare,569,4,At Time of Delivery
WhenEnteredPrenatalCare,569,5,Not Applicable
WhenEnteredPrenatalCare,569,6,Unknown
PrescribedARVMedication,570,1,No
PrescribedARVMedication,570,2,Yes
PrescribedARVMedication,570,3,Not Applicable
PrescribedARVMedication,570,4,Unknown
FollowUp context 418,573,5,Service Plan
FollowUp context 418,573,6,Employment Referral
FollowUp context 418,573,8,"Program "
FollowUp context 418,573,10,Employment
FollowUp context 418,573,23,Housing Inspection
FollowUp context 418,573,25,Housing Retention
FollowUp context 418,573,27,Housing Placement
FollowUp context 418,573,29,Employment Placement
FollowUp context 418,573,31,Employment Retention
FollowUp context 418,573,45,Auto Retention
FollowUp context 418,573,70,Incident Report
FollowUp context 418,573,75,Drug Testing
FollowUp context 418,573,77,Mentoring
FollowUp context 418,573,79,Mental Health Diagnosis
ReligiousAffiliation,577,1,Evangelical Protestant
ReligiousAffiliation,577,3,Historically Black Churches
ReligiousAffiliation,577,5,Mormon
ReligiousAffiliation,577,6,Orthodox
ReligiousAffiliation,577,8,Jewish
ReligiousAffiliation,577,10,Muslim
ReligiousAffiliation,577,12,Mainline Protestant Churches
ReligiousAffiliation,577,14,Catholic
ReligiousAffiliation,577,16,Jehovah's Witness
ReligiousAffiliation,577,18,Other Christian
ReligiousAffiliation,577,20,Buddhist
ReligiousAffiliation,577,22,Hindu
ReligiousAffiliation,577,23,Other World Religions
ReligiousAffiliation,577,25,Other Faiths
ReligiousAffiliation,577,27,Unaffiliated
ReligiousAffiliation,577,29,Don't Know
ReligiousAffiliation,577,31,Refused
Project Task Types,582,1,"Time / Hours "
Project Task Types,582,2,Issue Tracking
Project Task Types,582,3,Expenses (Trips/Travel Related)
Project Task Types,582,4,"Expenses (Purchases/Sub-Contracts) "
Project Task Types,582,5,Original Budget
Project Task Types,582,10,Budget Changes
Project Task Types,582,15,Original Contracts
Project Task Types,582,20,Contract Changes
Project Task Types,582,50,Invoices (Billings)
Project Task Types,582,55,Projected Billings
Project Task Types,582,60,Cash Receipts
Project Task Types,582,65,Weatherization Task
"SSN Quality ",587,1,Full SSN reported
"SSN Quality ",587,2,Approximate or partial SSN reported
"SSN Quality ",587,3,Client doesn't know
"SSN Quality ",587,4,Client Prefers Not to Answer
"SSN Quality ",587,99,Data not collected
Income Quality,588,1,No Income
Income Quality,588,2,Don't Know
Income Quality,588,3,Refused
HUD Veteran War Zone Name,589,1,Europe
HUD Veteran War Zone Name,589,2,North Africa
HUD Veteran War Zone Name,589,3,Vietnam
HUD Veteran War Zone Name,589,4,Laos and Cambodia
HUD Veteran War Zone Name,589,5,South China Sea
HUD Veteran War Zone Name,589,6,"China, Burma, India"
HUD Veteran War Zone Name,589,7,Korea
HUD Veteran War Zone Name,589,8,South Pacific
HUD Veteran War Zone Name,589,9,Persian Gulf
HUD Veteran War Zone Name,589,10,Other
HUD Veteran War Zone Name,589,11,Afghanistan
HUD Veteran War Zone Name,589,12,Don't Know
HUD Veteran War Zone Name,589,13,Refused
EntityReleaseType,591,1,Release between Entities by Current Date
EntityReleaseType,591,2,Client Exceptions/Sharing by Current Date
EntityReleaseType,591,3,User Exception/Sharing by Current Date
EntityReleaseType,591,4,Client Exception/Sharing by Created Date
SupervisorType,595,1,Current Position
SupervisorType,595,2,Previous Position
EligibilityAction,597,1,Put on Wait List
EligibilityAction,597,2,Send Referral
EligibilityAction,597,3,Enroll Client in Program
EligibilityAction,597,4,Assessed for Eligibility
Program Eligibility Tables,598,1,Crimes
Program Eligibility Tables,598,2,Issue
Program Eligibility Tables,598,3,Benevolence
Program Eligibility Tables,598,4,DocumentCheck
Program Eligibility Tables,598,5,FamilyMember
Program Eligibility Tables,598,6,AssessFinancialItem
Program Eligibility Tables,598,7,EnrollmentMember
"ExcludeInclude ",601,0,"Include "
"ExcludeInclude ",601,1,Exclude
Gift Card Reason,604,1,GED/Credential
Gift Card Reason,604,2,Goal Attainment
Gift Card Reason,604,3,Job Placement
Gift Card Reason,604,4,Job Retention
Gift Card Reason,604,5,Post Secondary Training
Gift Card Reason,604,6,Books/School Supplies
Gift Card Reason,604,7,Child Care Needs/Non-WCCS
Gift Card Reason,604,8,Food
Gift Card Reason,604,9,Medical
Gift Card Reason,604,10,Personal Needs
Gift Card Reason,604,11,Shelter
Gift Card Reason,604,12,Training Fees
Gift Card Reason,604,13,Training Other
Gift Card Reason,604,14,Transportation
Gift Card Reason,604,15,Work Clothes/Supplies
Gift Card Reason,604,16,Other
Gift Card Approval Type,606,11,Transfer to CM
Gift Card Approval Type,606,30,Issued to Client
SeverityOrApprovalType,608,1,"Low "
SeverityOrApprovalType,608,5,"Medium "
SeverityOrApprovalType,608,10,High
SeverityOrApprovalType,608,11,Transfer to CM
SeverityOrApprovalType,608,30,Issued to Client
Close WaitList,609,1,No Longer Eligible
Close WaitList,609,5,No Longer Eligible
Close WaitList,609,10,Client Unavailable
Close WaitList,609,15,Enrolled in Waitlist Program
GiftCardStatus,610,6,Issued to CM
GiftCardStatus,610,11,Transfer to CM
RateType,611,1,Cost
RateType,611,5,"Billable "
ProjectType,615,1,Initial Project
ProjectType,615,5,Add-on Statement of Work
ProjectType,615,10,Maintenance
ProjectType,615,15,Release Cycle
ProjectType,615,20,Travel
ProjectType,615,90,RFP Response
ProjectType,615,99,Internal
BudgetType,617,1,Original Budget
BudgetType,617,2,Revised Budget
BudgetMeasurement,618,1,Amount
BudgetMeasurement,618,2,"Quantity "
BudgetMeasurement,618,3,Both Amount and Quantity
BudgetMeasurement,618,4,Percent
Status / Open or Closed,619,1,Open
Status / Open or Closed,619,2,Closed
DOB Data Quality,620,1,Full DOB reported
DOB Data Quality,620,2,Partial Month/Year
DOB Data Quality,620,3,Client Doesn't Know
DOB Data Quality,620,4,Client Prefers Not to Answer
DOB Data Quality,620,5,Partial Day/Year
DOB Data Quality,620,6,Age
DOB Data Quality,620,99,Data Not Collected
English Language Proficiency,627,1,None or Extremely Limited
English Language Proficiency,627,5,Beginner
English Language Proficiency,627,10,Intermediate
English Language Proficiency,627,15,Advanced
Refugee Status,628,1,Refugee
Refugee Status,628,5,Asylee
Refugee Status,628,10,Cuban Haitian Entrant
Refugee Status,628,15,Special Immigrant Visa Holder (SIV)
Refugee Status,628,20,Victim of Human Trafficking
Refugee Status,628,25,Amerasian
Refugee Status,628,30,Secondary Migrant
Country of Origin,629,1,Afghanistan
Country of Origin,629,2,Albania
Country of Origin,629,3,Algeria
Country of Origin,629,4,Angola
Country of Origin,629,5,Antigua
Country of Origin,629,6,Argentina
Country of Origin,629,7,Armenia
Country of Origin,629,8,Australia
Country of Origin,629,9,Austria
Country of Origin,629,10,Azerbaijan
Country of Origin,629,11,Bahamas
Country of Origin,629,12,Bahrain
Country of Origin,629,13,Bangledesh
Country of Origin,629,14,Barbados
Country of Origin,629,15,Belarus
Country of Origin,629,16,Belgium
Country of Origin,629,17,Belize
Country of Origin,629,18,Benin
Country of Origin,629,19,Bermuda
Country of Origin,629,20,Bhutan
Country of Origin,629,21,Bolivia
Country of Origin,629,22,Bosnia and Herzegovina
Country of Origin,629,23,Botswana
Country of Origin,629,24,Brazil
Country of Origin,629,25,British virgin Islands
Country of Origin,629,26,Brunei
Country of Origin,629,27,Bulgaria
Country of Origin,629,28,Burkina Faso
Country of Origin,629,29,Burma
Country of Origin,629,30,Burundi
Country of Origin,629,31,Cambodia
Country of Origin,629,32,Cameroon
Country of Origin,629,33,Canada
Country of Origin,629,34,Cape Verde
Country of Origin,629,35,Central Africa Republic
Country of Origin,629,36,Chad
Country of Origin,629,37,Chile
Country of Origin,629,38,China
Country of Origin,629,39,Colombia
Country of Origin,629,40,Congo-Brazzaville
Country of Origin,629,41,Costa Rica
Country of Origin,629,42,Croatia
Country of Origin,629,43,Cuba
Country of Origin,629,44,Cyprus
Country of Origin,629,45,Czech Republic
Country of Origin,629,46,Democratic Republic of Congo
Country of Origin,629,47,Denmark
Country of Origin,629,48,Djibouti
Country of Origin,629,49,Dominican Republic
Country of Origin,629,50,East Timor
Country of Origin,629,51,Ecuador
Country of Origin,629,52,Egypt
Country of Origin,629,53,El Salvador
Country of Origin,629,54,Equatorial Guinea
Country of Origin,629,55,Eritrea
Country of Origin,629,56,Estonia
Country of Origin,629,57,Ethiopia
Country of Origin,629,58,Fiji
Country of Origin,629,59,Finland
Country of Origin,629,60,France
Country of Origin,629,61,Gabon
Country of Origin,629,62,Gaza Strip
Country of Origin,629,63,Georgia
Country of Origin,629,64,Germany
Country of Origin,629,65,Ghana
Country of Origin,629,66,Greece
Country of Origin,629,67,Grenada
Country of Origin,629,68,Guam
Country of Origin,629,69,Guatemala
Country of Origin,629,70,Guinea Bissau
Country of Origin,629,71,Guyana
Country of Origin,629,72,Haiti
Country of Origin,629,73,Honduras
Country of Origin,629,74,Hong Kong
Country of Origin,629,75,Hungary
Country of Origin,629,76,Iceland
Country of Origin,629,77,India
Country of Origin,629,78,Indonesia
Country of Origin,629,79,Iran
Country of Origin,629,80,Iraq
Country of Origin,629,81,Ireland
Country of Origin,629,82,Israel
Country of Origin,629,83,Italy
Country of Origin,629,84,Ivory Coast
Country of Origin,629,85,Jamaica
Country of Origin,629,86,Japan
Country of Origin,629,87,Jordan
Country of Origin,629,88,Kazakhstan
Country of Origin,629,89,Kenya
Country of Origin,629,90,Kosovo
Country of Origin,629,91,Kuwait
Country of Origin,629,92,Kyrgyzstan
Country of Origin,629,93,Laos
Country of Origin,629,94,Latvia
Country of Origin,629,95,Lebanon
Country of Origin,629,96,Lesotho
Country of Origin,629,97,Liberia
Country of Origin,629,98,Libya
Country of Origin,629,99,Lithuania
Country of Origin,629,100,Luxembourg
Country of Origin,629,101,Macau
Country of Origin,629,102,Macedonia
Country of Origin,629,103,Madagascar
Country of Origin,629,104,Malawi
Country of Origin,629,105,Malaysia
Country of Origin,629,106,Maldives
Country of Origin,629,107,Mali
Country of Origin,629,108,Malta
Country of Origin,629,109,Marshall Islands
Country of Origin,629,110,Martinique
Country of Origin,629,111,Mauritania
Country of Origin,629,112,Mauritius
Country of Origin,629,113,Mexico
Country of Origin,629,114,Micronesia
Country of Origin,629,115,Moldova
Country of Origin,629,116,Monaco
Country of Origin,629,117,Mongolia
Country of Origin,629,118,Montenegro
Country of Origin,629,119,Morocco
Country of Origin,629,120,Mozambique
Country of Origin,629,121,Namibia
Country of Origin,629,122,Nepal
Country of Origin,629,123,Netherlands
Country of Origin,629,124,New Zealand
Country of Origin,629,125,Nicaragua
Country of Origin,629,126,Niger
Country of Origin,629,127,North Korea
Country of Origin,629,128,Norway
Country of Origin,629,129,Oman
Country of Origin,629,130,Other
Country of Origin,629,131,Pakistan
Country of Origin,629,132,Palau
Country of Origin,629,133,Panama
Country of Origin,629,134,Papua New Guinea
Country of Origin,629,135,Paraquay
Country of Origin,629,136,Peru
Country of Origin,629,137,Philippines
Country of Origin,629,138,Poland
Country of Origin,629,139,Portugal
Country of Origin,629,140,Puerto Rico
Country of Origin,629,141,Qatar
Country of Origin,629,142,Romania
Country of Origin,629,143,Russia
Country of Origin,629,144,Rwanda
Country of Origin,629,145,Samoa (American or Western)
Country of Origin,629,146,Saudi Arabia
Country of Origin,629,147,Senegal
Country of Origin,629,148,Serbia
Country of Origin,629,149,Sychelles
Country of Origin,629,150,Sierra Leone
Country of Origin,629,151,Singapore
Country of Origin,629,152,Slovakia
Country of Origin,629,153,Slovenia
Country of Origin,629,154,Somalia
Country of Origin,629,155,South Africa
Country of Origin,629,156,South Korea
Country of Origin,629,157,Spain
Country of Origin,629,158,Sri Lanka
Country of Origin,629,159,Sudan
Country of Origin,629,160,Swaziland
Country of Origin,629,161,Sweden
Country of Origin,629,162,Switzerland
Country of Origin,629,163,Syria
Country of Origin,629,164,Taiwan
Country of Origin,629,165,Tajikistan
Country of Origin,629,166,Tanzania
Country of Origin,629,167,Thailand
Country of Origin,629,168,The Gambia
Country of Origin,629,169,Togo
Country of Origin,629,170,Tonga
Country of Origin,629,171,Trinidad and Tobago
Country of Origin,629,172,Tunisia
Country of Origin,629,173,Turkey
Country of Origin,629,174,Turkmenistan
Country of Origin,629,175,Turks and Caicos Islands
Country of Origin,629,176,Uganda
Country of Origin,629,177,Ukraine
Country of Origin,629,178,United Arab Emirates
Country of Origin,629,179,United Kingdom
Country of Origin,629,180,Uruguay
Country of Origin,629,181,Uzbekistan
Country of Origin,629,182,Vanuatu
Country of Origin,629,183,Vatican City
Country of Origin,629,184,Venezuela
Country of Origin,629,185,Vietnam
Country of Origin,629,186,Virgin Islands
Country of Origin,629,187,West Bank
Country of Origin,629,188,Yemen
Country of Origin,629,189,Zambia
Country of Origin,629,190,Zimbabwe
Country of Origin,629,300,United States of America
Budget Area,630,3,Service
Budget Area,630,90,Enrollment
Budget Area,630,94,Outcome
Group Case Note List,633,1,Case Manager / Program
Group Case Note List,633,2,Case Manager
Group Case Note List,633,3,Program
Group Case Note List,633,5,Resource / Usage
Group Case Note List,633,6,Relation to Head of Household
LocationOfContact,640,1,Place Not Meant for Habitation
LocationOfContact,640,2,"Service Setting, Non-Residential"
LocationOfContact,640,3,"Service Setting, Residential"
TransportationRequestStatus,641,1,Scheduled
TransportationRequestStatus,641,2,Approved
TransportationRequestStatus,641,3,Completed
TransportationRequestStatus,641,4,Cancelled
TransportationRequestStatus,641,5,Rescheduled
TransportationRequestStatus,641,6,Driver and Vehicle Assigned
TransportationRequestRecurrance,642,1,One Time
TransportationRequestRecurrance,642,2,Recurring
TransportationRequestReason,643,1,Pharmacy
TransportationRequestReason,643,2,Household
TransportationRequestReason,643,3,Physician Appointment
TransportationRequestReason,643,4,Court Appearance
TransportationRequestReason,643,5,Grocery Store Visit
TransportationRequestReason,643,6,Moving
TransportationRequestMode,644,1,One Way
TransportationRequestMode,644,2,Round Trip
TransportationRequestMode,644,3,Multiple Destinations
Occurrence Frequency,647,1,Weekly (by Monday)
Occurrence Frequency,647,2,Weekly (by 7 days)
Occurrence Frequency,647,5,Monthly (30 - Days)
Occurrence Frequency,647,6,Monthly (Actual Month End Date)
Occurrence Frequency,647,10,Quarterly (90 Days)
Occurrence Frequency,647,15,Semi-Annually (180 Days)
Occurrence Frequency,647,20,Annually (365 Days)
Occurrence Frequency,647,21,Within Two Years
Occurrence Frequency,647,22,Within Three Years
Occurrence Frequency,647,23,Within Four Years
Occurrence Frequency,647,24,Within Five Years
Occurrence Frequency,647,25,Life Time
Occurrence Frequency,647,30,Each
Occurrence Frequency,647,35,Four Months
Occurrence Frequency,647,36,Within 12 months (non-recurring)
Occurrence Frequency,647,37,Between 12 – 24 months (non-recurring)
Occurrence Frequency,647,38,Within 24 months (non-recurring)
Occurrence Frequency,647,40,Day by Weekly
Occurrence Frequency,647,41,Day by BiWeekly
OccurrenceType,648,1,Each / Units
OccurrenceType,648,2,Times / Instances
OccurrenceType,648,5,Dollars / Money
OccurrenceType,648,10,Both - Units and Money
OccurrenceType,648,15,Capitated
Entity Rate List Type,653,5,Overtime
Entity Rate List Type,653,25,"Holiday "
Entity Rate List Type,653,50,Fringe Benefits Rate
Entity Rate List Type,653,99,Administration Fee
Transaction List Type,654,141,"Service Request ""No check"" (Referred)"
Transaction List Type,654,142,"Service Request ""No check"" (Denied)"
Transaction List Type,654,143,"Service Request ""No check"" (Pending)"
Bereavement Case Type,659,1,Inquest
Bereavement Case Type,659,5,Medical Examiner
Deceased Type,660,1,Baby
Deceased Type,660,3,Fetal
Deceased Type,660,5,Child
Deceased Type,660,10,Adult
Consolidation Type,661,1,One Check Per Client
Consolidation Type,661,2,"Consolidate Check Across Payee "
Benefits Type,662,1,"With Benefits "
Benefits Type,662,2,"Without Benefits "
DashBoard Items,664,1,Form
DashBoard Items,664,2,Query
DashBoard Items,664,3,Workflow
LAP Questions,666,1,1. Has s/he ever used a weapon against you or threatened you with a weapon?
LAP Questions,666,2,2. Has s/he threatened to kill you or your children?
LAP Questions,666,3,3. Do you think s/he might try to kill you?
LAP Questions,666,4,4. Does s/he have a gun or can s/he get one easily?
LAP Questions,666,5,5. Has s/he ever tried to choke you?
LAP Questions,666,6,6. Is s/he constantly jealous or does s/he control most of your daily activities?
LAP Questions,666,7,7. Have you left him/her or separated after living together or being married?
LAP Questions,666,8,8. Is s/he unemployed?
LAP Questions,666,9,9. Has s/he ever threatened to kill himself/herself?
LAP Questions,666,10,10. Do you have a child that s/he knows is not his/hers?
LAP Questions,666,11,11. Does s/he follow or spy on you or leave threatening messages?
Volunteer Referred,670,1,Are you required to volunteer to satisfy a court order?
Volunteer Referred,670,2,Are you required to volunteer to satisfy a school requirement?
Volunteer Referred,670,3,Are you required to volunteer to satisfy a TWC (Worksource) requirement?
Volunteer Reason,671,1,Court Ordered
Volunteer Reason,671,2,School requirement
Volunteer Reason,671,3,TWC (Worksource) requirement
Volunteer Reason,671,101,"Case Dismissal, Truancy"
Volunteer Reason,671,102,Job Training
Volunteer Reason,671,105,Other
PHOTO RELEASE FORM,672,1,Employee Notes
PHOTO RELEASE FORM,672,2,"e-newsletter "
PHOTO RELEASE FORM,672,3,Moreton Achievement Awards
PHOTO RELEASE FORM,672,4,Annual report
PHOTO RELEASE FORM,672,5,"Trucks and trailers "
PHOTO RELEASE FORM,672,6,Posters
PHOTO RELEASE FORM,672,7,General advertising
PHOTO RELEASE FORM,672,8,Billboards
PHOTO RELEASE FORM,672,9,General Photographs
PHOTO RELEASE FORM,672,10,Fact sheets
PHOTO RELEASE FORM,672,11,Facebook
PHOTO RELEASE FORM,672,12,Flickr
PHOTO RELEASE FORM,672,13,YouTube
PHOTO RELEASE FORM,672,14,Golf Classic
Morning Afternoon evening,673,1,Morning (8 am - Noon)
Morning Afternoon evening,673,2,Afternoon (Noon - 4 pm)
Morning Afternoon evening,673,3,Evening (4 pm - 8 pm)
Morning Afternoon evening,673,4,Night (8 pm - Midnight)
Morning Afternoon evening,673,5,Specific Time
Store Location,674,1,Store 1
Store Location,674,2,Store 2
Store Location,674,3,Store 3
Accessto,682,1,Can Opener
Accessto,682,2,Microwave
Accessto,682,3,Refrigerator
Accessto,682,4,Stove
Transportation,683,1," Car"
Transportation,683,2,Bus
Transportation,683,3,Walk
Transportation,683,4,Bike
EmploymentStatus,686,1,searching
EmploymentStatus,686,2,underemployed
EmploymentStatus,686,3,employed to potential
Audit Trail Type,687,1,View Report
Audit Trail Type,687,2,Save Change History
Audit Trail Type,687,3,View History Tracking for Froms
Audit Trail Type,687,4,View History Tracking for Queries
VOCA Reporting Classification,688,1,Child Physical Abuse or Neglect
VOCA Reporting Classification,688,2,Adult Physical Assault (includes Aggravated and Simple Assault)
VOCA Reporting Classification,688,3,Adults Sexually Abused/Assaulted as Children
VOCA Reporting Classification,688,4,Arson
VOCA Reporting Classification,688,5,Child Sexual Abuse
VOCA Reporting Classification,688,6,"Bullying (Verbal, Cyber, or Physical)"
VOCA Reporting Classification,688,7,Burglary
VOCA Reporting Classification,688,8,Child Pornography
VOCA Reporting Classification,688,9,Hate Crime
VOCA Reporting Classification,688,10,DUI / DWI Crashses
VOCA Reporting Classification,688,11,Human Trafficking: Labor
VOCA Reporting Classification,688,12,Human Trafficking: Sex
VOCA Reporting Classification,688,13,Identity Theft/Fraud/Financial Crime
VOCA Reporting Classification,688,14,Kidnapping (noncustodial)
VOCA Reporting Classification,688,15,Domestic and/or Family Violence
VOCA Reporting Classification,688,16,Kidnapping (custodial)
VOCA Reporting Classification,688,17,Mass Violence
VOCA Reporting Classification,688,18,"Other Vehicle Victimization (e.g., Hit and Run)"
VOCA Reporting Classification,688,19,Stalking/Harrassment
VOCA Reporting Classification,688,20,Domestic Violence - Children
VOCA Reporting Classification,688,21,Teen Dating Victimization
VOCA Reporting Classification,688,22,Terrorism
VOCA Reporting Classification,688,25,Adult Sexual Assault
VOCA Reporting Classification,688,30,Elder Abuse or Neglect
VOCA Reporting Classification,688,35,Adults Molested as Children
VOCA Reporting Classification,688,40,"Survivors of Homicide Victims "
VOCA Reporting Classification,688,45,Robbery
VOCA Reporting Classification,688,50,Assault
VOCA Reporting Classification,688,55,Other
Alias,689,1,nickname
Alias,689,2,Alternate legal name
Alias,689,3,maiden name
Required Optional,691,1,Optional
Required Optional,691,2,"Required "
Resource Type,692,1,Slots
Resource Type,692,5,Units
Waitlist Status Reason,696,1,Completed Application-Basic Eligibility Met
Waitlist Status Reason,696,2,Working with Applicant to Complete Documentation
Waitlist Status Reason,696,3,Cannot Find Applicant
Waitlist Status Reason,696,4,"Batch Process- Not Eligible "
Waitlist Status Reason,696,5,Client No longer Eligible After Review
Waitlist Status Reason,696,6,Applicant Declined Program
Usage Enrollment Type,699,1,Required/Auto Enrollment
Usage Enrollment Type,699,2,Enter Enrollment
Usage Enrollment Type,699,3,Enter Enrollment Optional
Usage Enrollment Type,699,4,No Action Required
Usage Enrollment Type,699,5,HMIS Inventory Only
HUDStandard_SubstanceAbuse,701,2,No
HUDStandard_SubstanceAbuse,701,3,Alcohol Use Disorder
HUDStandard_SubstanceAbuse,701,4,Drug Use Disorder
HUDStandard_SubstanceAbuse,701,5,Both Alcohol and Drug Use Disorders
HUDStandard_SubstanceAbuse,701,8,Client Doesn't Know
HUDStandard_SubstanceAbuse,701,9,Client Prefers Not to Answer
HUDStandard_SubstanceAbuse,701,99,Data not collected
"Disability Reward Level ",702,1,"0 - 10 "
"Disability Reward Level ",702,2,"11 - 20 "
"Disability Reward Level ",702,3,21 - 30
"Disability Reward Level ",702,4,31 - 40
"Disability Reward Level ",702,5,41 - 50
"Disability Reward Level ",702,6,51 - 60
"Disability Reward Level ",702,7,61 - 70
"Disability Reward Level ",702,8,71 - 80
"Disability Reward Level ",702,9,81 - 90
"Disability Reward Level ",702,10,91 - 100
Room Inventory Location,706,1,Master Bedroom
Room Inventory Location,706,5,2nd Bedroom
Room Inventory Location,706,10,Kitchen
Room Inventory Location,706,12,Bathroom Master
Room Inventory Location,706,15,2nd Bathroom
Room Inventory Location,706,20,Living Room
Add / Minus Symbols,708,1," ++"
Add / Minus Symbols,708,2," ---"
Suffix,714,1,Jr
Suffix,714,2,Sr
Suffix,714,3,II
Suffix,714,4,III
Suffix,714,5,IV
Lease Termination Reason,722,1,Normal Moveout
Lease Termination Reason,722,10,Evicted - Behind on Rent
Lease Termination Reason,722,12,Evicted - Damage to Property
Lease Termination Reason,722,14,Evicted - Undesirable Behavior
Lease Termination Reason,722,16,Evicted - Violated Lease Terms
Lease Termination Reason,722,18,Evicted - Noise / Loud Behavior
Program Final Approval Options,723,1,Approved: Exit Enrollment Only
Program Final Approval Options,723,5,"Approved: End Case Assignment(s) Only "
Program Final Approval Options,723,10,Approved: Exit both Enrollment and End Case Assignment(s)
Program Final Approval Options,723,15,Approved & Denied:  Exit both Enrollment and End Case Assignment(s)
"Age & Gender, Don't Know / Refused",724,1,Allow Reservation / Check-in
"Age & Gender, Don't Know / Refused",724,5,Don't Allow Reservation / Check-in
"Age & Gender, Don't Know / Refused",724,99,Override
Alter Variables,725,1,Financial Assessments (Individual)
Alter Variables,725,5,Financial Assessment (Family)
Alter Variables,725,10,Household Size
Alter Variables,725,15,Address Change
Evaluation Period,726,1,Admission
Evaluation Period,726,5,Periodic
Evaluation Period,726,10,Discharge
Thought Content/Process,728,1,Appropriate
Thought Content/Process,728,5,Delusional
Thought Content/Process,728,10,Disorganized
Thought Content/Process,728,15,Pressured/Racing Thoughts
Thought Content/Process,728,20,Inappropriate
Thought Content/Process,728,25,Hallucinating Audio
Thought Content/Process,728,30,Hallucinating Visual
Thought Content/Process,728,35,Hallucinating Other
Level of Participation,729,1,Actively Engaged
Level of Participation,729,5,Active With Encouragement
Level of Participation,729,10,Minimal participation
Level of Participation,729,15,Disruptive
Response(s) to Class/Group,730,1,Participated well
Response(s) to Class/Group,730,5,Improved Understanding of Skills
Response(s) to Class/Group,730,10,Expressed Emotions
Response(s) to Class/Group,730,15,Improved Concentration/Listening Skills
Response(s) to Class/Group,730,20,Engaged in Problem Solving
Response(s) to Class/Group,730,25,Supported Others
Response(s) to Class/Group,730,30,Received Feedback
Response(s) to Class/Group,730,35,Increased Assertiveness
Response(s) to Class/Group,730,40,Recognized Feelings
Mood/Affect,731,1,Appropriate
Mood/Affect,731,5,Apathetic/Flat (no interest/enthusiasm)
Mood/Affect,731,10,Anxious
Mood/Affect,731,15,Depressed
Mood/Affect,731,20,Irritable
Mood/Affect,731,25,Guarded
Mood/Affect,731,30,Paranoid
Mood/Affect,731,35,Inappropriate
Task Intervention/Learning,732,1,Ability to Participate in Task Independently
Task Intervention/Learning,732,5,Able to participate in task with minimal prompting
Task Intervention/Learning,732,10,Able to participate in task with verbal prompting
Task Intervention/Learning,732,15,Able to participate in task with modeling/coaching
Task Intervention/Learning,732,20,Unable to participate task with prompting
Program Final Approval Options,736,1,Auto Exit Enrollment Only
Program Final Approval Options,736,5,Auto Exit Case Assignment(s) Only
Program Final Approval Options,736,10,Auto Exit both Enrollment and Case Assignment(s)
ICD Code Versions,742,5,9
ICD Code Versions,742,10,10
ICD Code Versions,742,99,0
Homeless Sleeping Arrangements,746,-1,Other
Homeless Sleeping Arrangements,746,1,Shelters
Homeless Sleeping Arrangements,746,5,"Street, Sidewalk or Doorway"
Homeless Sleeping Arrangements,746,10,"Car, Van or RV"
Homeless Sleeping Arrangements,746,15,Bus or Subway
Homeless Sleeping Arrangements,746,20,"Beach, Riverbed or Park"
Homeless Sleeping Arrangements,746,25,Transitional Housing
Homeless Sleeping Arrangements,746,30,Safe Haven
Homeless Sleeping Arrangements,746,35,Outdoors
Homeless Sleeping Arrangements,746,40,Refused
Homeless Sleeping Arrangements,746,45,Couch surfing
Health Care Facilities,747,-1,Other
Health Care Facilities,747,1,Hospital
Health Care Facilities,747,5,Clinic
Health Care Facilities,747,10,VA
Health Care Facilities,747,25,Does Not Go For Care
Assess Financial Item Detail Reference,1757,21,First Week
Assess Financial Item Detail Reference,1757,22,Second Week
Assess Financial Item Detail Reference,1757,23,Third Week
Assess Financial Item Detail Reference,1757,24,Fourth Week
Assess Financial Item Detail Reference,1757,25,Fifth Week
Order 1-10,1762,1,1
Order 1-10,1762,2,2
Order 1-10,1762,3,3
Order 1-10,1762,4,4
Order 1-10,1762,5,5
Order 1-10,1762,6,6
Order 1-10,1762,7,7
Order 1-10,1762,8,8
Order 1-10,1762,9,9
Order 1-10,1762,10,10
Client Job Match Status,1766,1,Pending Review
Client Job Match Status,1766,2,Not Interested
Client Job Match Status,1766,3,Applied
Client Job Match Status,1766,4,Job Offer Made - Accepted
Client Job Match Status,1766,5,Job Offer Made - Declined
Employer Job Match Status,1767,1,Pending Review
Employer Job Match Status,1767,2,Opted Not to Interview
Employer Job Match Status,1767,3,"Offered Interview, Applicant Declined"
Employer Job Match Status,1767,4,Scheduled Interview with Applicant
Employer Job Match Status,1767,5,Opted not to Make a Job Offer
Employer Job Match Status,1767,6,"Job Offer Made, Applicant Declined"
Employer Job Match Status,1767,7,"Job Offer Made, Applicant Accepted"
"Low, Medium, High",1769,1,Low
"Low, Medium, High",1769,2,Medium
"Low, Medium, High",1769,3,High
"Low, Medium, High",1769,5,No Match
HUD Federal Partner Programs and Components,1774,1,HUD:CoC – Homelessness Prevention (High Performing Comm. Only)
HUD Federal Partner Programs and Components,1774,2,"HUD:CoC – Permanent Supportive Housing "
HUD Federal Partner Programs and Components,1774,3,HUD:CoC – Rapid Re-Housing
HUD Federal Partner Programs and Components,1774,4,HUD:CoC – Supportive Services Only
HUD Federal Partner Programs and Components,1774,5,HUD:CoC – Transitional Housing
HUD Federal Partner Programs and Components,1774,6,HUD:CoC – Safe Haven
HUD Federal Partner Programs and Components,1774,7,HUD:CoC – Single Room Occupancy (SRO)
HUD Federal Partner Programs and Components,1774,8,HUD:ESG – Emergency Shelter (operating and/or essential services)
HUD Federal Partner Programs and Components,1774,9,"HUD:ESG – Homelessness Prevention "
HUD Federal Partner Programs and Components,1774,11,HUD:ESG – Street Outreach
HUD Federal Partner Programs and Components,1774,12,HUD:Rural Housing Stability Assistance Program
HUD Federal Partner Programs and Components,1774,13,HUD:HOPWA – Hotel/Motel Vouchers
HUD Federal Partner Programs and Components,1774,14,HUD:HOPWA – Housing Information
HUD Federal Partner Programs and Components,1774,15,HUD:HOPWA – Permanent Housing
HUD Federal Partner Programs and Components,1774,16,HUD:HOPWA – Permanent Housing Placement  (facility based or TBRA)
HUD Federal Partner Programs and Components,1774,17,"HUD:HOPWA – Short-Term Rent, Mortgage, Utility assistance"
HUD Federal Partner Programs and Components,1774,18,HUD:HOPWA – Short-Term Supportive Facility
HUD Federal Partner Programs and Components,1774,19,HUD:HOPWA  – Transitional Housing (facility based or TBRA)
HUD Federal Partner Programs and Components,1774,20,HUD:HUD/VASH
HUD Federal Partner Programs and Components,1774,21,HHS:PATH – Street Outreach & Supportive Services Only
HUD Federal Partner Programs and Components,1774,22,HHS:RHY – Basic Center Program (prevention and shelter)
HUD Federal Partner Programs and Components,1774,23,HHS:RHY – Maternity Group Home for Pregnant and Parenting Youth
HUD Federal Partner Programs and Components,1774,24,HHS:RHY – Transitional Living Program
HUD Federal Partner Programs and Components,1774,25,HHS:RHY – Street Outreach Project
HUD Federal Partner Programs and Components,1774,26,HHS:RHY – Demonstration Project
HUD Federal Partner Programs and Components,1774,27,VA: Community Contract Emergency Housing
HUD Federal Partner Programs and Components,1774,28,VA: Community Contract Residential Treatment Program
HUD Federal Partner Programs and Components,1774,29,VA: Domiciliary Care
HUD Federal Partner Programs and Components,1774,30,VA: Community Contract Safe Haven Program
HUD Federal Partner Programs and Components,1774,31,VA: Grant and Per Diem Program
HUD Federal Partner Programs and Components,1774,32,VA: Compensated Work Therapy Transitional Residence
HUD Federal Partner Programs and Components,1774,33,VA: Supportive Services for Veteran Families
HUD Federal Partner Programs and Components,1774,34,N/A
DeniedOnhold,1775,1,On-hold
DeniedOnhold,1775,2,Denied
Housing Type (VI SPDAT),1776,1,Housing for single individuals
Housing Type (VI SPDAT),1776,2,Housing for families
HoldReasonServiceRequests,1777,1,Lacks ID Info
HoldReasonServiceRequests,1777,2,W-9 Requirements / Vendor Info
HoldReasonServiceRequests,1777,3,Services/Approved Amount doesn't match docs
HoldReasonServiceRequests,1777,4,Missing Required Documents
Deny Reason (Service Request),1778,1,Did not meet Service Request requirements
Deny Reason (Service Request),1778,5,Form not signed
Deny Reason (Service Request),1778,10,Service Deleted
VI SPDAT Agency Options,1780,1,Team
VI SPDAT Agency Options,1780,5,Staff
VI SPDAT Agency Options,1780,10,Volunteer
Family or Individual,1782,1,Individual
Family or Individual,1782,2,Family
Family or Individual,1782,3,Both - Family and Individual
PayGrades,1783,1,E6 & Below
PayGrades,1783,5,"E7 & Above, All W & O"
VI SPDAT Pre-Screen Recommendations,1789,0,Not Recommended for Housing and Support Assessment
VI SPDAT Pre-Screen Recommendations,1789,1,Not Recommended for Housing and Support Assessment
VI SPDAT Pre-Screen Recommendations,1789,2,Not Recommended for Housing and Support Assessment
VI SPDAT Pre-Screen Recommendations,1789,3,Not Recommended for Housing and Support Assessment
VI SPDAT Pre-Screen Recommendations,1789,4,Not Recommended for Housing and Support Assessment
VI SPDAT Pre-Screen Recommendations,1789,5,Rapid Re-Housing Assessment
VI SPDAT Pre-Screen Recommendations,1789,6,Rapid Re-Housing Assessment
VI SPDAT Pre-Screen Recommendations,1789,7,Rapid Re-Housing Assessment
VI SPDAT Pre-Screen Recommendations,1789,8,Rapid Re-Housing Assessment
VI SPDAT Pre-Screen Recommendations,1789,9,Rapid Re-Housing Assessment
VI SPDAT Pre-Screen Recommendations,1789,10,Permanent Supportive Housing/Housing First Assessment
VI SPDAT Pre-Screen Recommendations,1789,11,Permanent Supportive Housing/Housing First Assessment
VI SPDAT Pre-Screen Recommendations,1789,12,Permanent Supportive Housing/Housing First Assessment
VI SPDAT Pre-Screen Recommendations,1789,13,Permanent Supportive Housing/Housing First Assessment
VI SPDAT Pre-Screen Recommendations,1789,14,Permanent Supportive Housing/Housing First Assessment
VI SPDAT Pre-Screen Recommendations,1789,15,Permanent Supportive Housing/Housing First Assessment
VI SPDAT Pre-Screen Recommendations,1789,16,Permanent Supportive Housing/Housing First Assessment
VI SPDAT Pre-Screen Recommendations,1789,17,Permanent Supportive Housing/Housing First Assessment
VI SPDAT Pre-Screen Recommendations,1789,18,Permanent Supportive Housing/Housing First Assessment
VI SPDAT Pre-Screen Recommendations,1789,19,Permanent Supportive Housing/Housing First Assessment
VI SPDAT Pre-Screen Recommendations,1789,20,Permanent Supportive Housing/Housing First Assessment
VI SPDAT Pre-Screen Recommendations,1789,21,Permanent Supportive Housing/Housing First Assessment
VI SPDAT Pre-Screen Recommendations,1789,22,Permanent Supportive Housing/Housing First Assessment
VI SPDAT Pre-Screen Recommendations,1789,23,Permanent Supportive Housing/Housing First Assessment
VI SPDAT Pre-Screen Recommendations,1789,24,Permanent Supportive Housing/Housing First Assessment
VI SPDAT Pre-Screen Recommendations,1789,25,Permanent Supportive Housing/Housing First Assessment
VI SPDAT Pre-Screen Recommendations,1789,26,Permanent Supportive Housing/Housing First Assessment
VI SPDAT Pre-Screen Recommendations,1789,27,Permanent Supportive Housing/Housing First Assessment
Yes No Refused,1790,1,Yes
Yes No Refused,1790,2,No
Yes No Refused,1790,4,Client Prefers Not to Answer
Nature of Incident,1791,1,Auto Accident
Nature of Incident,1791,5,AWOL / Missing Person
Nature of Incident,1791,10,Client Injury
Nature of Incident,1791,15,Client Harm to Others
Nature of Incident,1791,20,Client Self-Harm
Nature of Incident,1791,25,Client Victimized
Nature of Incident,1791,30,Medication Error
Nature of Incident,1791,35,Medication Incident
Nature of Incident,1791,40,Refused Medical Treatment
Nature of Incident,1791,45,Substance Use Suspected
Nature of Incident,1791,50,Unusual Client Behavior
Nature of Incident,1791,60,Death
Nature of Incident,1791,65,APS Refusal
Nature of Incident,1791,70,Complaint
Nature of Incident,1791,75,Complaint Other
Nature of Incident,1791,80,Incident
Nature of Incident,1791,85,QA
Nature of Incident,1791,87,Recognition
Nature of Incident,1791,89,Service Observation
Nature of Incident,1791,90,Unassigned
Nature of Incident,1791,92,Update
Nature of Incident,1791,99,Other
Incident Action Taken,1794,1,911 Contacted - EMT Transportation
Incident Action Taken,1794,5,911 Contacted - Police Intervention
Incident Action Taken,1794,10,911 Contacted - Fire
Incident Action Taken,1794,21,Staff Transport to Hospital - Medical Evaluation
Incident Action Taken,1794,25,Staff Transport to Hospital - Psychiatric Evaluation
Incident Action Taken,1794,99,Other
Crime Acceptability,1795,1,Not Preferred
Crime Acceptability,1795,2,Not Acceptable
VI SPDAT Prior Residence,1796,-1,Somewhere Else (Specify)
VI SPDAT Prior Residence,1796,1,This City
VI SPDAT Prior Residence,1796,5,This Region
VI SPDAT Prior Residence,1796,10,Other Part of the State
Insurance Types,1797,-1,Other (Specify)
Insurance Types,1797,1,MEDICAID
Insurance Types,1797,5,MEDICARE
Insurance Types,1797,7,State Children's Health Insurance Program
Insurance Types,1797,10,Veteran's Health Administration (VHA)
Insurance Types,1797,11,State-Only Funded Insurance
Insurance Types,1797,12,Employer-Provided Health Insurance
Insurance Types,1797,13,Health Insurance obtained through COBRA
Insurance Types,1797,14,State Health Insurance for Adults
Insurance Types,1797,15,Private Pay Health Insurance
Insurance Types,1797,16,TRICARE
Insurance Types,1797,17,Other Military Insurance
Insurance Types,1797,20,None
Insurance Types,1797,25,Indian Health Services Program
Answered / Refused,1798,1,Answered
Answered / Refused,1798,2,Refused
HOH 2 Relation to HOH List,1799,2,HOH 2 - Spouse
HOH 2 Relation to HOH List,1799,7,HOH 2 - Other Relative
HOH 2 Relation to HOH List,1799,8,HOH 2 - Other Non-Relative
SPDAT Self Care,1801,0,Self Care 0
SPDAT Self Care,1801,1,Self Care 1
SPDAT Self Care,1801,2,Self Care 2
SPDAT Self Care,1801,3,Self Care 3
SPDAT Self Care,1801,4,Self Care 4
SPDAT Relationship List,1803,0,Relationships - 0
SPDAT Relationship List,1803,1,Relationships - 1
SPDAT Relationship List,1803,2,Relationships - 2
SPDAT Relationship List,1803,3,Relationships - 3
SPDAT Relationship List,1803,4,Relationships - 4
SPDAT Daily Activity Placeholder,1805,0,Daily Activty 0
SPDAT Daily Activity Placeholder,1805,1,Daily Activty 1
SPDAT Daily Activity Placeholder,1805,2,Daily Activty 2
SPDAT Daily Activity Placeholder,1805,3,Daily Activty 3
SPDAT Daily Activity Placeholder,1805,4,Daily Activty 4
SPDAT Money Management Placeholder,1807,0,Money Management 0
SPDAT Money Management Placeholder,1807,1,Money Management 1
SPDAT Money Management Placeholder,1807,2,Money Management 2
SPDAT Money Management Placeholder,1807,3,Money Management 3
SPDAT Money Management Placeholder,1807,4,Money Management 4
Managing Tenancy Placeholder,1809,0,Managing Tenancy 0
Managing Tenancy Placeholder,1809,1,Managing Tenancy 1
Managing Tenancy Placeholder,1809,2,Managing Tenancy 2
Managing Tenancy Placeholder,1809,3,Managing Tenancy 3
Managing Tenancy Placeholder,1809,4,Managing Tenancy 4
SPDAT Physical Health and Wellness Placeholder,1811,0,Physicall Health and Wellness 0
SPDAT Physical Health and Wellness Placeholder,1811,1,Physicall Health and Wellness 1
SPDAT Physical Health and Wellness Placeholder,1811,2,Physicall Health and Wellness 2
SPDAT Physical Health and Wellness Placeholder,1811,3,Physicall Health and Wellness 3
SPDAT Physical Health and Wellness Placeholder,1811,4,Physicall Health and Wellness 4
SPDAT Mental Health and Wellness & Cognitive Funct,1813,0,Mental Health and Wellness & Cognitive Functioning 0
SPDAT Mental Health and Wellness & Cognitive Funct,1813,1,Mental Health and Wellness & Cognitive Functioning 1
SPDAT Mental Health and Wellness & Cognitive Funct,1813,2,Mental Health and Wellness & Cognitive Functioning 2
SPDAT Mental Health and Wellness & Cognitive Funct,1813,3,Mental Health and Wellness & Cognitive Functioning 3
SPDAT Mental Health and Wellness & Cognitive Funct,1813,4,Mental Health and Wellness & Cognitive Functioning 4
SPDAT Medication Placeholder,1815,0,Medication 0
SPDAT Medication Placeholder,1815,1,Medication 1
SPDAT Medication Placeholder,1815,2,Medication 2
SPDAT Medication Placeholder,1815,3,Medication 3
SPDAT Medication Placeholder,1815,4,Medication 4
SPDAT Interaction with Emergency Services Placehol,1817,0,Interaction with Emergency Services 0
SPDAT Interaction with Emergency Services Placehol,1817,1,Interaction with Emergency Services 1
SPDAT Interaction with Emergency Services Placehol,1817,2,Interaction with Emergency Services 2
SPDAT Interaction with Emergency Services Placehol,1817,3,Interaction with Emergency Services 3
SPDAT Interaction with Emergency Services Placehol,1817,4,Interaction with Emergency Services 4
SPDAT Involvement in High Risk Situations,1819,0,SPDAT Involvement in High Risk Situations 0
SPDAT Involvement in High Risk Situations,1819,1,SPDAT Involvement in High Risk Situations 1
SPDAT Involvement in High Risk Situations,1819,2,SPDAT Involvement in High Risk Situations 2
SPDAT Involvement in High Risk Situations,1819,3,SPDAT Involvement in High Risk Situations 3
SPDAT Involvement in High Risk Situations,1819,4,SPDAT Involvement in High Risk Situations 4
SPDAT Substance Abuse Placeholder,1821,0,Substance Abuse 0
SPDAT Substance Abuse Placeholder,1821,1,Substance Abuse 1
SPDAT Substance Abuse Placeholder,1821,2,Substance Abuse 2
SPDAT Substance Abuse Placeholder,1821,3,Substance Abuse 3
SPDAT Substance Abuse Placeholder,1821,4,Substance Abuse 4
SPDAT Abuse and/or Trauma Placeholdner,1823,0,SPDAT Abuse and/or Trauma 0
SPDAT Abuse and/or Trauma Placeholdner,1823,1,SPDAT Abuse and/or Trauma 1
SPDAT Abuse and/or Trauma Placeholdner,1823,2,SPDAT Abuse and/or Trauma 2
SPDAT Abuse and/or Trauma Placeholdner,1823,3,SPDAT Abuse and/or Trauma 3
SPDAT Abuse and/or Trauma Placeholdner,1823,4,SPDAT Abuse and/or Trauma 4
SPDAT Risk of Personal Harm/Harm to Others Placeho,1825,0,SPDAT Risk of Personal Harm/Harm to Others 0
SPDAT Risk of Personal Harm/Harm to Others Placeho,1825,1,SPDAT Risk of Personal Harm/Harm to Others 1
SPDAT Risk of Personal Harm/Harm to Others Placeho,1825,2,SPDAT Risk of Personal Harm/Harm to Others 2
SPDAT Risk of Personal Harm/Harm to Others Placeho,1825,3,SPDAT Risk of Personal Harm/Harm to Others 3
SPDAT Risk of Personal Harm/Harm to Others Placeho,1825,4,SPDAT Risk of Personal Harm/Harm to Others 4
SPDAT Legal Placeholder,1827,0,SPDAT Legal 0
SPDAT Legal Placeholder,1827,1,SPDAT Legal 1
SPDAT Legal Placeholder,1827,2,SPDAT Legal 2
SPDAT Legal Placeholder,1827,3,SPDAT Legal 3
SPDAT Legal Placeholder,1827,4,SPDAT Legal 4
SPDAT History of Homelessness and Housing Placehol,1829,0,SPDAT History of Homelessness and Housing 0
SPDAT History of Homelessness and Housing Placehol,1829,1,SPDAT History of Homelessness and Housing 1
SPDAT History of Homelessness and Housing Placehol,1829,2,SPDAT History of Homelessness and Housing 2
SPDAT History of Homelessness and Housing Placehol,1829,3,SPDAT History of Homelessness and Housing 3
SPDAT History of Homelessness and Housing Placehol,1829,4,SPDAT History of Homelessness and Housing 4
SPDAT Intervention Level,1831,0,Housing Help Supports
SPDAT Intervention Level,1831,1,Housing Help Supports
SPDAT Intervention Level,1831,2,Housing Help Supports
SPDAT Intervention Level,1831,3,Housing Help Supports
SPDAT Intervention Level,1831,4,Housing Help Supports
SPDAT Intervention Level,1831,5,Housing Help Supports
SPDAT Intervention Level,1831,6,Housing Help Supports
SPDAT Intervention Level,1831,7,Housing Help Supports
SPDAT Intervention Level,1831,8,Housing Help Supports
SPDAT Intervention Level,1831,9,Housing Help Supports
SPDAT Intervention Level,1831,10,Housing Help Supports
SPDAT Intervention Level,1831,11,Housing Help Supports
SPDAT Intervention Level,1831,12,Housing Help Supports
SPDAT Intervention Level,1831,13,Housing Help Supports
SPDAT Intervention Level,1831,14,Housing Help Supports
SPDAT Intervention Level,1831,15,Housing Help Supports
SPDAT Intervention Level,1831,16,Housing Help Supports
SPDAT Intervention Level,1831,17,Housing Help Supports
SPDAT Intervention Level,1831,18,Housing Help Supports
SPDAT Intervention Level,1831,19,Housing Help Supports
SPDAT Intervention Level,1831,20,Rapid Re-housing
SPDAT Intervention Level,1831,21,Rapid Re-housing
SPDAT Intervention Level,1831,22,Rapid Re-housing
SPDAT Intervention Level,1831,23,Rapid Re-housing
SPDAT Intervention Level,1831,24,Rapid Re-housing
SPDAT Intervention Level,1831,25,Rapid Re-housing
SPDAT Intervention Level,1831,26,Rapid Re-housing
SPDAT Intervention Level,1831,27,Rapid Re-housing
SPDAT Intervention Level,1831,28,Rapid Re-housing
SPDAT Intervention Level,1831,29,Rapid Re-housing
SPDAT Intervention Level,1831,30,Rapid Re-housing
SPDAT Intervention Level,1831,31,Rapid Re-housing
SPDAT Intervention Level,1831,32,Rapid Re-housing
SPDAT Intervention Level,1831,33,Rapid Re-housing
SPDAT Intervention Level,1831,34,Rapid Re-housing
SPDAT Intervention Level,1831,35,Rapid Re-housing
SPDAT Intervention Level,1831,36,Rapid Re-housing
SPDAT Intervention Level,1831,37,Rapid Re-housing
SPDAT Intervention Level,1831,38,Rapid Re-housing
SPDAT Intervention Level,1831,39,Rapid Re-housing
SPDAT Intervention Level,1831,40,Housing First
SPDAT Intervention Level,1831,41,Housing First
SPDAT Intervention Level,1831,42,Housing First
SPDAT Intervention Level,1831,43,Housing First
SPDAT Intervention Level,1831,44,Housing First
SPDAT Intervention Level,1831,45,Housing First
SPDAT Intervention Level,1831,46,Housing First
SPDAT Intervention Level,1831,47,Housing First
SPDAT Intervention Level,1831,48,Housing First
SPDAT Intervention Level,1831,49,Housing First
SPDAT Intervention Level,1831,50,Housing First
SPDAT Intervention Level,1831,51,Housing First
SPDAT Intervention Level,1831,52,Housing First
SPDAT Intervention Level,1831,53,Housing First
SPDAT Intervention Level,1831,54,Housing First
SPDAT Intervention Level,1831,55,Housing First
SPDAT Intervention Level,1831,56,Housing First
SPDAT Intervention Level,1831,57,Housing First
SPDAT Intervention Level,1831,58,Housing First
SPDAT Intervention Level,1831,59,Housing First
SPDAT Intervention Level,1831,60,Housing First
F VI SPDAT Pre Screen Total,1837,0,Family is Not Recommended	for a	Housing and Support Assessment at this time
F VI SPDAT Pre Screen Total,1837,1,Family is Not Recommended	for a	Housing and Support Assessment at this time
F VI SPDAT Pre Screen Total,1837,2,Family is Not Recommended	for a	Housing and Support Assessment at this time
F VI SPDAT Pre Screen Total,1837,3,Family is Not Recommended	for a	Housing and Support Assessment at this time
F VI SPDAT Pre Screen Total,1837,4,Family is Not Recommended	for a	Housing and Support Assessment at this time
F VI SPDAT Pre Screen Total,1837,5,Family is Not Recommended	for a	Housing and Support Assessment at this time
F VI SPDAT Pre Screen Total,1837,6,Family is Recommended for a Rapid Re-Housing Assessment
F VI SPDAT Pre Screen Total,1837,7,Family is Recommended for a Rapid Re-Housing Assessment
F VI SPDAT Pre Screen Total,1837,8,Family is Recommended for a Rapid Re-Housing Assessment
F VI SPDAT Pre Screen Total,1837,9,Family is Recommended for a Rapid Re-Housing Assessment
F VI SPDAT Pre Screen Total,1837,10,Family is Recommended for a Rapid Re-Housing Assessment
F VI SPDAT Pre Screen Total,1837,11,Family is Recommended for a Rapid Re-Housing Assessment
F VI SPDAT Pre Screen Total,1837,12,Family is Recommended for a Permanent	 Supportive	 Housing/Housing First Assessment
F VI SPDAT Pre Screen Total,1837,13,Family is Recommended for a Permanent	 Supportive	 Housing/Housing First Assessment
F VI SPDAT Pre Screen Total,1837,14,Family is Recommended for a Permanent	 Supportive	 Housing/Housing First Assessment
F VI SPDAT Pre Screen Total,1837,15,Family is Recommended for a Permanent	 Supportive	 Housing/Housing First Assessment
F VI SPDAT Pre Screen Total,1837,16,Family is Recommended for a Permanent	 Supportive	 Housing/Housing First Assessment
F VI SPDAT Pre Screen Total,1837,17,Family is Recommended for a Permanent	 Supportive	 Housing/Housing First Assessment
F VI SPDAT Pre Screen Total,1837,18,Family is Recommended for a Permanent	 Supportive	 Housing/Housing First Assessment
F VI SPDAT Pre Screen Total,1837,19,Family is Recommended for a Permanent	 Supportive	 Housing/Housing First Assessment
F VI SPDAT Pre Screen Total,1837,20,Family is Recommended for a Permanent	 Supportive	 Housing/Housing First Assessment
F VI SPDAT Pre Screen Total,1837,21,Family is Recommended for a Permanent	 Supportive	 Housing/Housing First Assessment
F VI SPDAT Pre Screen Total,1837,22,Family is Recommended for a Permanent	 Supportive	 Housing/Housing First Assessment
F VI SPDAT Pre Screen Total,1837,23,Family is Recommended for a Permanent	 Supportive	 Housing/Housing First Assessment
F VI SPDAT Pre Screen Total,1837,24,Family is Recommended for a Permanent	 Supportive	 Housing/Housing First Assessment
F VI SPDAT Pre Screen Total,1837,25,Family is Recommended for a Permanent	 Supportive	 Housing/Housing First Assessment
F VI SPDAT Pre Screen Total,1837,26,Family is Recommended for a Permanent	 Supportive	 Housing/Housing First Assessment
F VI SPDAT Pre Screen Total,1837,27,Family is Recommended for a Permanent	 Supportive	 Housing/Housing First Assessment
F VI SPDAT Pre Screen Total,1837,28,Family is Recommended for a Permanent	 Supportive	 Housing/Housing First Assessment
F VI SPDAT Pre Screen Total,1837,29,Family is Recommended for a Permanent	 Supportive	 Housing/Housing First Assessment
F VI SPDAT Pre Screen Total,1837,30,Family is Recommended for a Permanent	 Supportive	 Housing/Housing First Assessment
F SPDAT Parental Engagement Placeholder,1838,0,F SPDAT Parental Engagement Placeholder 0
F SPDAT Parental Engagement Placeholder,1838,1,F SPDAT Parental Engagement Placeholder 1
F SPDAT Parental Engagement Placeholder,1838,2,F SPDAT Parental Engagement Placeholder 2
F SPDAT Parental Engagement Placeholder,1838,3,F SPDAT Parental Engagement Placeholder 3
F SPDAT Parental Engagement Placeholder,1838,4,F SPDAT Parental Engagement Placeholder 4
F SPDAT Stability of Family Unit Placeholder,1840,0,F SPDAT Stability of Family Unit 0
F SPDAT Stability of Family Unit Placeholder,1840,1,F SPDAT Stability of Family Unit 1
F SPDAT Stability of Family Unit Placeholder,1840,2,F SPDAT Stability of Family Unit 2
F SPDAT Stability of Family Unit Placeholder,1840,3,F SPDAT Stability of Family Unit 3
F SPDAT Stability of Family Unit Placeholder,1840,4,F SPDAT Stability of Family Unit 4
F SPDAT Needs of Children Placeholder,1842,0,F SPDAT Needs of Children 0
F SPDAT Needs of Children Placeholder,1842,1,F SPDAT Needs of Children 1
F SPDAT Needs of Children Placeholder,1842,2,F SPDAT Needs of Children 2
F SPDAT Needs of Children Placeholder,1842,3,F SPDAT Needs of Children 3
F SPDAT Needs of Children Placeholder,1842,4,F SPDAT Needs of Children 4
F SPDAT Size of Family Placeholder,1844,0,F SPDAT Size of Family 0
F SPDAT Size of Family Placeholder,1844,1,F SPDAT Size of Family 1
F SPDAT Size of Family Placeholder,1844,2,F SPDAT Size of Family 2
F SPDAT Size of Family Placeholder,1844,3,F SPDAT Size of Family 3
F SPDAT Size of Family Placeholder,1844,4,F SPDAT Size of Family 4
F SPDAT Interaction with CPS Placeholder,1846,0,F SPDAT Interaction with CPS 0
F SPDAT Interaction with CPS Placeholder,1846,1,F SPDAT Interaction with CPS 1
F SPDAT Interaction with CPS Placeholder,1846,2,F SPDAT Interaction with CPS 2
F SPDAT Interaction with CPS Placeholder,1846,3,F SPDAT Interaction with CPS 3
F SPDAT Interaction with CPS Placeholder,1846,4,F SPDAT Interaction with CPS 4
Family SPDAT Intervention Level,1848,0,Housing Help Supports
Family SPDAT Intervention Level,1848,1,Housing Help Supports
Family SPDAT Intervention Level,1848,2,Housing Help Supports
Family SPDAT Intervention Level,1848,3,Housing Help Supports
Family SPDAT Intervention Level,1848,4,Housing Help Supports
Family SPDAT Intervention Level,1848,5,Housing Help Supports
Family SPDAT Intervention Level,1848,6,Housing Help Supports
Family SPDAT Intervention Level,1848,7,Housing Help Supports
Family SPDAT Intervention Level,1848,8,Housing Help Supports
Family SPDAT Intervention Level,1848,9,Housing Help Supports
Family SPDAT Intervention Level,1848,10,Housing Help Supports
Family SPDAT Intervention Level,1848,11,Housing Help Supports
Family SPDAT Intervention Level,1848,12,Housing Help Supports
Family SPDAT Intervention Level,1848,13,Housing Help Supports
Family SPDAT Intervention Level,1848,14,Housing Help Supports
Family SPDAT Intervention Level,1848,15,Housing Help Supports
Family SPDAT Intervention Level,1848,16,Housing Help Supports
Family SPDAT Intervention Level,1848,17,Housing Help Supports
Family SPDAT Intervention Level,1848,18,Housing Help Supports
Family SPDAT Intervention Level,1848,19,Housing Help Supports
Family SPDAT Intervention Level,1848,20,Housing Help Supports
Family SPDAT Intervention Level,1848,21,Housing Help Supports
Family SPDAT Intervention Level,1848,22,Housing Help Supports
Family SPDAT Intervention Level,1848,23,Housing Help Supports
Family SPDAT Intervention Level,1848,24,Housing Help Supports
Family SPDAT Intervention Level,1848,25,Housing Help Supports
Family SPDAT Intervention Level,1848,26,Housing Help Supports
Family SPDAT Intervention Level,1848,27,Rapid Re-housing
Family SPDAT Intervention Level,1848,28,Rapid Re-housing
Family SPDAT Intervention Level,1848,29,Rapid Re-housing
Family SPDAT Intervention Level,1848,30,Rapid Re-housing
Family SPDAT Intervention Level,1848,31,Rapid Re-housing
Family SPDAT Intervention Level,1848,32,Rapid Re-housing
Family SPDAT Intervention Level,1848,33,Rapid Re-housing
Family SPDAT Intervention Level,1848,34,Rapid Re-housing
Family SPDAT Intervention Level,1848,35,Rapid Re-housing
Family SPDAT Intervention Level,1848,36,Rapid Re-housing
Family SPDAT Intervention Level,1848,37,Rapid Re-housing
Family SPDAT Intervention Level,1848,38,Rapid Re-housing
Family SPDAT Intervention Level,1848,39,Rapid Re-housing
Family SPDAT Intervention Level,1848,40,Rapid Re-housing
Family SPDAT Intervention Level,1848,41,Rapid Re-housing
Family SPDAT Intervention Level,1848,42,Rapid Re-housing
Family SPDAT Intervention Level,1848,43,Rapid Re-housing
Family SPDAT Intervention Level,1848,44,Rapid Re-housing
Family SPDAT Intervention Level,1848,45,Rapid Re-housing
Family SPDAT Intervention Level,1848,46,Rapid Re-housing
Family SPDAT Intervention Level,1848,47,Rapid Re-housing
Family SPDAT Intervention Level,1848,48,Rapid Re-housing
Family SPDAT Intervention Level,1848,49,Rapid Re-housing
Family SPDAT Intervention Level,1848,50,Rapid Re-housing
Family SPDAT Intervention Level,1848,51,Rapid Re-housing
Family SPDAT Intervention Level,1848,52,Rapid Re-housing
Family SPDAT Intervention Level,1848,53,Rapid Re-housing
Family SPDAT Intervention Level,1848,54,Housing First
Family SPDAT Intervention Level,1848,55,Housing First
Family SPDAT Intervention Level,1848,56,Housing First
Family SPDAT Intervention Level,1848,57,Housing First
Family SPDAT Intervention Level,1848,58,Housing First
Family SPDAT Intervention Level,1848,59,Housing First
Family SPDAT Intervention Level,1848,60,Housing First
Family SPDAT Intervention Level,1848,61,Housing First
Family SPDAT Intervention Level,1848,62,Housing First
Family SPDAT Intervention Level,1848,63,Housing First
Family SPDAT Intervention Level,1848,64,Housing First
Family SPDAT Intervention Level,1848,65,Housing First
Family SPDAT Intervention Level,1848,66,Housing First
Family SPDAT Intervention Level,1848,67,Housing First
Family SPDAT Intervention Level,1848,68,Housing First
Family SPDAT Intervention Level,1848,69,Housing First
Family SPDAT Intervention Level,1848,70,Housing First
Family SPDAT Intervention Level,1848,71,Housing First
Family SPDAT Intervention Level,1848,72,Housing First
Family SPDAT Intervention Level,1848,73,Housing First
Family SPDAT Intervention Level,1848,74,Housing First
Family SPDAT Intervention Level,1848,75,Housing First
Family SPDAT Intervention Level,1848,76,Housing First
Family SPDAT Intervention Level,1848,77,Housing First
Family SPDAT Intervention Level,1848,78,Housing First
Family SPDAT Intervention Level,1848,79,Housing First
Family SPDAT Intervention Level,1848,80,Housing First
No Match Reason,1849,1,Criminal History
Check View Options,1850,1,All Checks
Check View Options,1850,2,Void Checks
Check View Options,1850,3,Reconciled Checks
F SPDAT Self Care Placeholder,1851,0,F SPDAT Self Care 0
F SPDAT Self Care Placeholder,1851,1,F SPDAT Self Care 1
F SPDAT Self Care Placeholder,1851,2,F SPDAT Self Care 2
F SPDAT Self Care Placeholder,1851,3,F SPDAT Self Care 3
F SPDAT Self Care Placeholder,1851,4,F SPDAT Self Care 4
F SPDAT Relationships Placeholder,1854,0,F SPDAT Relationships 0
F SPDAT Relationships Placeholder,1854,1,F SPDAT Relationships 1
F SPDAT Relationships Placeholder,1854,2,F SPDAT Relationships 2
F SPDAT Relationships Placeholder,1854,3,F SPDAT Relationships 3
F SPDAT Relationships Placeholder,1854,4,F SPDAT Relationships 4
F SPDAT Daily Activities Placeholder,1856,0,F SPDAT Daily Activities 0
F SPDAT Daily Activities Placeholder,1856,1,F SPDAT Daily Activities 1
F SPDAT Daily Activities Placeholder,1856,2,F SPDAT Daily Activities 2
F SPDAT Daily Activities Placeholder,1856,3,F SPDAT Daily Activities 3
F SPDAT Daily Activities Placeholder,1856,4,F SPDAT Daily Activities 4
F SPDAT Managing Tendency Placeholder,1859,0,F SPDAT Managing Tenancy 0
F SPDAT Managing Tendency Placeholder,1859,1,F SPDAT Managing Tenancy 1
F SPDAT Managing Tendency Placeholder,1859,2,F SPDAT Managing Tenancy 2
F SPDAT Managing Tendency Placeholder,1859,3,F SPDAT Managing Tenancy 3
F SPDAT Managing Tendency Placeholder,1859,4,F SPDAT Managing Tenancy 4
F SPDAT Physical Health and Wellness Placeholder,1861,0,F SPDAT Physical Health and Wellness 0
F SPDAT Physical Health and Wellness Placeholder,1861,1,F SPDAT Physical Health and Wellness 1
F SPDAT Physical Health and Wellness Placeholder,1861,2,F SPDAT Physical Health and Wellness 2
F SPDAT Physical Health and Wellness Placeholder,1861,3,F SPDAT Physical Health and Wellness 3
F SPDAT Physical Health and Wellness Placeholder,1861,4,F SPDAT Physical Health and Wellness 4
F SPDAT Mental Health and Wellness Placeholder,1863,0,F SPDAT Mental Health and Wellness 0
F SPDAT Mental Health and Wellness Placeholder,1863,1,F SPDAT Mental Health and Wellness 1
F SPDAT Mental Health and Wellness Placeholder,1863,2,F SPDAT Mental Health and Wellness 2
F SPDAT Mental Health and Wellness Placeholder,1863,3,F SPDAT Mental Health and Wellness 3
F SPDAT Mental Health and Wellness Placeholder,1863,4,F SPDAT Mental Health and Wellness 4
F SPDAT Medication Placeholder,1865,0,F SPDAT Medication 0
F SPDAT Medication Placeholder,1865,1,F SPDAT Medication 1
F SPDAT Medication Placeholder,1865,2,F SPDAT Medication 2
F SPDAT Medication Placeholder,1865,3,F SPDAT Medication 3
F SPDAT Medication Placeholder,1865,4,F SPDAT Medication 4
F SPDAT Emergency Services Placholder,1867,0,F SPDAT Emergency Services 0
F SPDAT Emergency Services Placholder,1867,1,F SPDAT Emergency Services 1
F SPDAT Emergency Services Placholder,1867,2,F SPDAT Emergency Services 2
F SPDAT Emergency Services Placholder,1867,3,F SPDAT Emergency Services 3
F SPDAT Emergency Services Placholder,1867,4,F SPDAT Emergency Services 4
F SPDAT High Risk Situations Placeholder,1869,0,F SPDAT High Risk Situations 0
F SPDAT High Risk Situations Placeholder,1869,1,F SPDAT High Risk Situations 1
F SPDAT High Risk Situations Placeholder,1869,2,F SPDAT High Risk Situations 2
F SPDAT High Risk Situations Placeholder,1869,3,F SPDAT High Risk Situations 3
F SPDAT High Risk Situations Placeholder,1869,4,F SPDAT High Risk Situations 4
F SPDAT Substance Use Placeholder,1871,0,F SPDAT Substance Use 0
F SPDAT Substance Use Placeholder,1871,1,F SPDAT Substance Use 1
F SPDAT Substance Use Placeholder,1871,2,F SPDAT Substance Use 2
F SPDAT Substance Use Placeholder,1871,3,F SPDAT Substance Use 3
F SPDAT Substance Use Placeholder,1871,4,F SPDAT Substance Use 4
F SPDAT Abuse and/or Trauma Placeholder,1873,0,F SPDAT Abuse and/or Trauma 0
F SPDAT Abuse and/or Trauma Placeholder,1873,1,F SPDAT Abuse and/or Trauma 1
F SPDAT Abuse and/or Trauma Placeholder,1873,2,F SPDAT Abuse and/or Trauma 2
F SPDAT Abuse and/or Trauma Placeholder,1873,3,F SPDAT Abuse and/or Trauma 3
F SPDAT Abuse and/or Trauma Placeholder,1873,4,F SPDAT Abuse and/or Trauma 4
F SPDAT Risk of Harm Placeholder,1875,0,F SPDAT Risk of Harm 0
F SPDAT Risk of Harm Placeholder,1875,1,F SPDAT Risk of Harm 1
F SPDAT Risk of Harm Placeholder,1875,2,F SPDAT Risk of Harm 2
F SPDAT Risk of Harm Placeholder,1875,3,F SPDAT Risk of Harm 3
F SPDAT Risk of Harm Placeholder,1875,4,F SPDAT Risk of Harm 4
F SPDAT Legal Placeholder,1877,0,F SPDAT Legal 0
F SPDAT Legal Placeholder,1877,1,F SPDAT Legal 1
F SPDAT Legal Placeholder,1877,2,F SPDAT Legal 2
F SPDAT Legal Placeholder,1877,3,F SPDAT Legal 3
F SPDAT Legal Placeholder,1877,4,F SPDAT Legal 4
F SPDAT Homelessness and Housing Placeholder,1879,0,F SPDAT Homelessness and Housing 0
F SPDAT Homelessness and Housing Placeholder,1879,1,F SPDAT Homelessness and Housing 1
F SPDAT Homelessness and Housing Placeholder,1879,2,F SPDAT Homelessness and Housing 2
F SPDAT Homelessness and Housing Placeholder,1879,3,F SPDAT Homelessness and Housing 3
F SPDAT Homelessness and Housing Placeholder,1879,4,F SPDAT Homelessness and Housing 4
Service Request Services List,1882,1,"Program Services "
Service Request Services List,1882,5,"Account Services "
UserRoleType,1885,1,Supervisor
UserRoleType,1885,2,Case Manager
UserRoleType,1885,3,Staff
Group Service Time Prorate Options,1886,1,Prorate Evenly
Group Service Time Prorate Options,1886,2,Post Full Quantity for Each Service
Group Service Time Prorate Options,1886,3,Enter Quantity For Each Service
Recurrance Daily Weekly,1888,1,Daily
"Program auto exit ",2893,0,Neither
"Program auto exit ",2893,1,Create Follow-Up
"Program auto exit ",2893,2,Generate Email
"Program auto exit ",2893,3,Create Follow-Up And Generate Email
Incident Type,2894,1,Accident
Incident Type,2894,2,Behavioral
Incident Type,2894,3,General
Incident Type,2894,4,Child Abuse
Incident Type,2894,5,Law Enforcement Contact
Incident Type,2894,6,Aging Services Provider Feedback
Incident Type,2894,7,Aging Services Vendor Notification
HMIS Times Homeless 3 Years,2895,0,Never in 3 years
HMIS Times Homeless 3 Years,2895,1,One Time
HMIS Times Homeless 3 Years,2895,2,Two Times
HMIS Times Homeless 3 Years,2895,3,Three Times
HMIS Times Homeless 3 Years,2895,4,Four or more times
HMIS Times Homeless 3 Years,2895,8,Client doesn't know
HMIS Times Homeless 3 Years,2895,9,Client Prefers Not to Answer
HMIS Times Homeless 3 Years,2895,99,Data Not Collected
HMIS Number of Months Homeless Past 3 Years,2896,1,One Month (this time is the first month)
HMIS Number of Months Homeless Past 3 Years,2896,2,2
HMIS Number of Months Homeless Past 3 Years,2896,3,3
HMIS Number of Months Homeless Past 3 Years,2896,4,4
HMIS Number of Months Homeless Past 3 Years,2896,5,5
HMIS Number of Months Homeless Past 3 Years,2896,6,6
HMIS Number of Months Homeless Past 3 Years,2896,7,7
HMIS Number of Months Homeless Past 3 Years,2896,8,8
HMIS Number of Months Homeless Past 3 Years,2896,9,9
HMIS Number of Months Homeless Past 3 Years,2896,10,10
HMIS Number of Months Homeless Past 3 Years,2896,11,11
HMIS Number of Months Homeless Past 3 Years,2896,12,12
HMIS Number of Months Homeless Past 3 Years,2896,13,More than 12 months
HMIS Number of Months Homeless Past 3 Years,2896,14,Client doesn't know
HMIS Number of Months Homeless Past 3 Years,2896,15,Client Prefers Not to Answer
HMIS Number of Months Homeless Past 3 Years,2896,16,0
HMIS Number of Months Homeless Past 3 Years,2896,99,Data not collected
Auto-Exit Assessment Method,2897,1,Use At Entry
Auto-Exit Assessment Method,2897,5,Use Most Recent
HMIS Mental Health Problem How Confirmed,2898,1,Unconfirmed; presumptive or self-report
HMIS Mental Health Problem How Confirmed,2898,2,Confirmed through assessment and clinical evaluation
HMIS Mental Health Problem How Confirmed,2898,3,Confirmed by prior evaluation or clinical records
HMIS Serious Mental Illness (SMI) How Confirmed,2899,0,No
HMIS Serious Mental Illness (SMI) How Confirmed,2899,1,Unconfirmed; presumptive or self-report
HMIS Serious Mental Illness (SMI) How Confirmed,2899,2,Confirmed through assessment and clinical evaluation
HMIS Serious Mental Illness (SMI) How Confirmed,2899,3,Confirmed by prior evaluation or clinical records
HMIS Serious Mental Illness (SMI) How Confirmed,2899,8,Client doesn't know
HMIS Serious Mental Illness (SMI) How Confirmed,2899,9,Client Prefers Not to Answer
HMIS Housing Assessment Disposition,2900,-1,Other/specify
HMIS Housing Assessment Disposition,2900,1,Referred to emergency shelter/safe haven
HMIS Housing Assessment Disposition,2900,2,Referred to transitional housing
HMIS Housing Assessment Disposition,2900,3,Referred to rapid re-housing
HMIS Housing Assessment Disposition,2900,4,Referred to permanent supportive housing
HMIS Housing Assessment Disposition,2900,5,Referred to homelessness prevention
HMIS Housing Assessment Disposition,2900,6,Referred to street outreach
HMIS Housing Assessment Disposition,2900,7,Referred to other continuum project type
HMIS Housing Assessment Disposition,2900,8,Referred to a homelessness diversion program
HMIS Housing Assessment Disposition,2900,9,Unable to refer/accept within continuum; ineligible for continuum projects
HMIS Housing Assessment Disposition,2900,10,Unable to refer/accept within continuum; continuum services unavailable
HMIS Housing Assessment Disposition,2900,11,Referred to other community project (non-continuum)
HMIS Housing Assessment Disposition,2900,12,Applicant declined referral/acceptance
HMIS Housing Assessment Disposition,2900,13,Applicant terminated assessment prior to completion
HMIS Housing Assessment Disposition,2900,14,Other/specify
HMIS Housing Assessment at ExitJail/PrisonDeceased,2901,1,Able to maintain the housing they had at project entry
HMIS Housing Assessment at ExitJail/PrisonDeceased,2901,2,Moved to new housing unit
HMIS Housing Assessment at ExitJail/PrisonDeceased,2901,3,Moved in with family/friends on a temporary basis
HMIS Housing Assessment at ExitJail/PrisonDeceased,2901,4,Moved in with family/friends on a permanent basis
HMIS Housing Assessment at ExitJail/PrisonDeceased,2901,5,Moved to a transitional or temporary housing facility or program
HMIS Housing Assessment at ExitJail/PrisonDeceased,2901,6,Client became homeless - moving to a shelter or other place unfit for human habitation
HMIS Housing Assessment at ExitJail/PrisonDeceased,2901,7,Jail/Prison
HMIS Housing Assessment at ExitJail/PrisonDeceased,2901,8,Client doesn't know
HMIS Housing Assessment at ExitJail/PrisonDeceased,2901,9,Client Prefers Not to Answer
HMIS Housing Assessment at ExitJail/PrisonDeceased,2901,10,Deceased
HMIS Housing Assessment at ExitJail/PrisonDeceased,2901,99,Data not collected
HMIS Subsidy Information Same Housing as at Entry,2902,1,With on-going subsidy
HMIS Subsidy Information Same Housing as at Entry,2902,2,With the subsidy they had at project entry
HMIS Subsidy Information Same Housing as at Entry,2902,3,With an on-going subsidy acquired since project entry
HMIS Subsidy Information Same Housing as at Entry,2902,4,Only with financial assistance other than a subsidy
HMIS Subsidy Information Same Housing as at Entry,2902,5,Without a subsidy
HMIS Subsidy Information New Housing,2903,1,With on-going subsidy
HMIS Subsidy Information New Housing,2903,2,Without an on-going subsidy
HMIS Veteran Percent AMI,2904,1,30% or less
HMIS Veteran Percent AMI,2904,2,31% to 50%
HMIS Veteran Percent AMI,2904,3,51% to 80%
HMIS Veteran Percent AMI,2904,4,81% or greater
Name Data Quality,2905,1,Full name reported
Name Data Quality,2905,2,"Partial, street name, or code name reported"
Name Data Quality,2905,8,Client doesn't know
Name Data Quality,2905,9,Client Prefers Not to Answer
Name Data Quality,2905,99,Data Not Collected
Reason Not Receiving Assistance,2906,1,Applied; decision pending
Reason Not Receiving Assistance,2906,2,Applied; client not eligible
Reason Not Receiving Assistance,2906,3,Client did not apply
Reason Not Receiving Assistance,2906,4,Insurance type N/A for this client
Reason Not Receiving Assistance,2906,8,Client doesn't know
Reason Not Receiving Assistance,2906,9,Client Prefers Not to Answer
Reason Not Receiving Assistance,2906,99,Data not collected
Income Poverty Type,2907,1,Include in Total Income Only
Income Poverty Type,2907,5,Include in Poverty % Calculation Only
Income Poverty Type,2907,10,Include in Both - Total Income and Poverty % Calc.
Income Poverty Type,2907,99,Not Applicable
Reason Not Enrolled in PATH,2908,1,Client was found ineligible for PATH
Reason Not Enrolled in PATH,2908,2,Client was not enrolled for other reason(s)
Reason Not Enrolled in PATH,2908,3,Unable to locate client
HMIS RHY Reason Not FYSB Youth,2909,1,Out of age range
HMIS RHY Reason Not FYSB Youth,2909,2,Ward of the State - Immediate Reunification
HMIS RHY Reason Not FYSB Youth,2909,3,Ward of the Criminal Justice System - Immediate Reunification
HMIS RHY Reason Not FYSB Youth,2909,4,Other
Sexual Orientation,2910,1,Heterosexual
Sexual Orientation,2910,2,Gay
Sexual Orientation,2910,3,Lesbian
Sexual Orientation,2910,4,Bisexual
Sexual Orientation,2910,5,Questioning / Unsure
Sexual Orientation,2910,6,Other
Sexual Orientation,2910,8,Client doesn't know
Sexual Orientation,2910,9,Client Prefers Not to Answer
Sexual Orientation,2910,99,Data not collected
RHY Last Grade Completed,2911,1,Less than Grade 5
RHY Last Grade Completed,2911,2,Grades 5-6
RHY Last Grade Completed,2911,3,Grades 7-8
RHY Last Grade Completed,2911,4,Grades 9-11
RHY Last Grade Completed,2911,5,Grade 12 / High school diploma
RHY Last Grade Completed,2911,6,School program does not have grade levels
RHY Last Grade Completed,2911,7,GED
RHY Last Grade Completed,2911,8,Client doesn't know
RHY Last Grade Completed,2911,9,Client Prefers Not to Answer
RHY Last Grade Completed,2911,10,Some college
RHY Last Grade Completed,2911,11,Associate's degree
RHY Last Grade Completed,2911,12,Bachelor's degree
RHY Last Grade Completed,2911,13,Graduate degree
RHY Last Grade Completed,2911,14,Vocational Certification
RHY Last Grade Completed,2911,99,Data not collected
School Status,2912,1,Attending school regularly
School Status,2912,2,Attending school irregularly
School Status,2912,3,Graduated from high school
School Status,2912,4,Obtained GED
School Status,2912,5,Dropped out
School Status,2912,6,Suspended
School Status,2912,7,Expelled
School Status,2912,8,Client doesn't know
School Status,2912,9,Client Prefers Not to Answer
School Status,2912,99,Data not collected
"Number of Years Less than 1, 1 to 2, 3-5 or more",2913,1,Less than one year
"Number of Years Less than 1, 1 to 2, 3-5 or more",2913,2,1 to 2 years
"Number of Years Less than 1, 1 to 2, 3-5 or more",2913,3,3 to 5 or more years
RHY Referral Source,2914,1,Self-Referral
RHY Referral Source,2914,2,Individual: Parent/Guardian/Relative/Friend/Foster Parent/Other Individual
RHY Referral Source,2914,3,Individual: Relative or Friend
RHY Referral Source,2914,4,Individual: Other Adult or Youth
RHY Referral Source,2914,5,Individual: Partner/Spouse
RHY Referral Source,2914,6,Individual: Foster Parent
RHY Referral Source,2914,7,Outreach Project
RHY Referral Source,2914,8,Client doesn't know
RHY Referral Source,2914,9,Client Prefers Not to Answer
RHY Referral Source,2914,10,Outreach Project: Other
RHY Referral Source,2914,11,Temporary Shelter
RHY Referral Source,2914,12,Temporary Shelter: Other Youth Only Emergency Shelter
RHY Referral Source,2914,13,Temporary Shelter: Emergency Shelter for Families
RHY Referral Source,2914,14,Temporary Shelter: Emergency Shelter for Individuals
RHY Referral Source,2914,15,Temporary Shelter: Domestic Violence Shelter
RHY Referral Source,2914,16,Temporary Shelter: Safe Place
RHY Referral Source,2914,17,Temporary Shelter: Other
RHY Referral Source,2914,18,Residential Project
RHY Referral Source,2914,19,Residential Project: Other Transitional Living Project
RHY Referral Source,2914,20,Residential Project: Group Home
RHY Referral Source,2914,21,Residential Project: Independent Living Project
RHY Referral Source,2914,22,Residential Project: Job Corps
RHY Referral Source,2914,23,Residential Project: Drug Treatment Center
RHY Referral Source,2914,24,Residential Project: Treatment Center
RHY Referral Source,2914,25,Residential Project: Educational Institute
RHY Referral Source,2914,26,Residential Project: Other Agency project
RHY Referral Source,2914,27,Residential Project: Other Project
RHY Referral Source,2914,28,Hotline
RHY Referral Source,2914,29,Hotline: Other
RHY Referral Source,2914,30,Child Welfare/CPS
RHY Referral Source,2914,31,Other Agency: Non-Residential Independent Living Project
RHY Referral Source,2914,32,Other Project Operated by your Agency
RHY Referral Source,2914,33,Other Youth Services Agency
RHY Referral Source,2914,34,Juvenile Justice
RHY Referral Source,2914,35,Law Enforcement/ Police
RHY Referral Source,2914,36,Religious Organization
RHY Referral Source,2914,37,Mental Hospital
RHY Referral Source,2914,38,School
RHY Referral Source,2914,39,Other Organization
RHY Referral Source,2914,99,Data not collected
Number of Times More Than 30,2915,1,1-3
Number of Times More Than 30,2915,2,4-7
Number of Times More Than 30,2915,3,8-30
Number of Times More Than 30,2915,4,12 or more
Number of Times More Than 30,2915,8,Client doesn't know
Number of Times More Than 30,2915,9,Client Prefers Not to Answer
Number of Times More Than 30,2915,10,8-11
Number of Times More Than 30,2915,99,Data Not Collected
Project Completion Status,2916,1,Completed Project
Project Completion Status,2916,2,Youth voluntarily left early
Project Completion Status,2916,3,Youth was expelled or otherwise involuntarily discharged from project
Reason for Voluntarily Leaving Program Early,2917,1,Left for other opportunities – Independent living
Reason for Voluntarily Leaving Program Early,2917,2,Left for other opportunities - Education
Reason for Voluntarily Leaving Program Early,2917,3,Left for other opportunities - Military
Reason for Voluntarily Leaving Program Early,2917,4,Left for other opportunities - Other
Reason for Voluntarily Leaving Program Early,2917,5,Needs could not be met by project
Reason Expelled From Project/Program,2918,1,Criminal activity/destruction of property/violence
Reason Expelled From Project/Program,2918,2,Non-compliance with project rules
Reason Expelled From Project/Program,2918,3,Non-payment of rent/occupancy charge
Reason Expelled From Project/Program,2918,4,Reached maximum time allowed by project
Reason Expelled From Project/Program,2918,5,Project terminated
Reason Expelled From Project/Program,2918,6,Unknown/disappeared
ExitType,2919,1,Auto
ExitType,2919,2,Manual
Exit Option,2920,1,Exit Case Manager Assigment
Exit Option,2920,99,Not Applicable
Why not Employed,2921,1,Looking for work
Why not Employed,2921,2,Unable to work
Why not Employed,2921,3,Not looking for work
HMIS Federal Partner Programs,2922,1,HUD: COC
HMIS Federal Partner Programs,2922,8,HUD: ESG
HMIS Federal Partner Programs,2922,12,HUD: Rural Housing Stability Assistance Program
HMIS Federal Partner Programs,2922,13,HUD: HOPWA
HMIS Federal Partner Programs,2922,20,HUD: HUD/VASH
HMIS Federal Partner Programs,2922,21,HHS: PATH
HMIS Federal Partner Programs,2922,22,HHS: RHY
HMIS Federal Partner Programs,2922,27,VA
HMIS Federal Partner Funding Source Components,2923,1,HUD:CoC - Homelessness Prevention (High Performing Comm. Only)
HMIS Federal Partner Funding Source Components,2923,2,HUD:CoC - Permanent Supportive Housing
HMIS Federal Partner Funding Source Components,2923,3,HUD: CoC - Rapid Re-Housing
HMIS Federal Partner Funding Source Components,2923,4,HUD:CoC - Supportive Services Only
HMIS Federal Partner Funding Source Components,2923,5,HUD:CoC - Transitional Housing
HMIS Federal Partner Funding Source Components,2923,6,HUD:CoC - Safe Haven
HMIS Federal Partner Funding Source Components,2923,7,HUD:CoC - Single Room Occupancy (SRO)
HMIS Federal Partner Funding Source Components,2923,8,HUD:ESG - Emergency Shelter (operating and/or essential services)
HMIS Federal Partner Funding Source Components,2923,9,HUD:ESG - Homelessness Prevention
HMIS Federal Partner Funding Source Components,2923,10,HUD:ESG - Rapid Rehousing
HMIS Federal Partner Funding Source Components,2923,11,HUD:ESG - Street Outreach
HMIS Federal Partner Funding Source Components,2923,12,HUD:Rural Housing Stability Assistance Program
HMIS Federal Partner Funding Source Components,2923,13,HUD:HOPWA - Hotel/Motel Vouchers
HMIS Federal Partner Funding Source Components,2923,14,HUD:HOPWA - Housing Information
HMIS Federal Partner Funding Source Components,2923,15,HUD:HOPWA - Permanent Housing  (facility based or TBRA)
HMIS Federal Partner Funding Source Components,2923,16,HUD:HOPWA - Permanent Housing Placement
HMIS Federal Partner Funding Source Components,2923,17,"HUD:HOPWA - Short-Term Rent, Mortgage, Utility assistance"
HMIS Federal Partner Funding Source Components,2923,18,HUD:HOPWA - Short-Term Supportive Facility
HMIS Federal Partner Funding Source Components,2923,19,HUD:HOPWA - Transitional Housing (facility based or TBRA)
HMIS Federal Partner Funding Source Components,2923,20,HUD:HUD/VASH
HMIS Federal Partner Funding Source Components,2923,21,HHS:PATH - Street Outreach & Supportive Services Only
HMIS Federal Partner Funding Source Components,2923,22,HHS:RHY - Basic Center Program (prevention and shelter)
HMIS Federal Partner Funding Source Components,2923,23,HHS:RHY - Maternity Group Home for Pregnant and Parenting Youth
HMIS Federal Partner Funding Source Components,2923,24,HHS:RHY - Transitional Living Program
HMIS Federal Partner Funding Source Components,2923,25,HHS:RHY - Street Outreach Project
HMIS Federal Partner Funding Source Components,2923,26,HHS:RHY - Demonstration Project
HMIS Federal Partner Funding Source Components,2923,27,VA: CRS Contract Residential Services
HMIS Federal Partner Funding Source Components,2923,28,VA: Community Contract Residential Treatment Program
HMIS Federal Partner Funding Source Components,2923,29,VA: Domiciliary Care
HMIS Federal Partner Funding Source Components,2923,30,VA: Community Contract Safe Haven Program
HMIS Federal Partner Funding Source Components,2923,31,VA: Grant and Per Diem Program
HMIS Federal Partner Funding Source Components,2923,32,VA: Compensated Work Therapy Transitional Residence
HMIS Federal Partner Funding Source Components,2923,33,VA: Supportive Services for Veteran Families
HMIS Federal Partner Funding Source Components,2923,34,N/A
HMIS Federal Partner Funding Source Components,2923,35,HUD: Pay for Success
HMIS Federal Partner Funding Source Components,2923,36,HUD: Public and Indian Housing (PIH) Programs
HMIS Federal Partner Funding Source Components,2923,37,VA:Grant Per Diem - Bridge Housing
HMIS Federal Partner Funding Source Components,2923,38,VA:Grant Per Diem - Low Demand
HMIS Federal Partner Funding Source Components,2923,39,VA:Grant Per Diem - Hospital to Housing
HMIS Federal Partner Funding Source Components,2923,40,VA:Grant Per Diem - Clinical Treatment
HMIS Federal Partner Funding Source Components,2923,41,VA:Grant Per Diem - Service Intensive Transitional Housing
HMIS Federal Partner Funding Source Components,2923,42,VA:Grant Per Diem - Transition in Place
HMIS Federal Partner Funding Source Components,2923,43,HUD:CoC - Youth Homeless Demonstration Program (YHDP)
HMIS Federal Partner Funding Source Components,2923,44,HUD: CoC - Joint Component TH/RRH
HMIS Federal Partner Funding Source Components,2923,45,VA: Grant per Diem - Case Management/Housing Retention
HMIS Federal Partner Funding Source Components,2923,46,Local or Other Funding Source
HMIS Federal Partner Funding Source Components,2923,47,HUD: ESG - CV
HMIS Federal Partner Funding Source Components,2923,48,HUD: HOPWA - CV
HMIS Federal Partner Funding Source Components,2923,49,HUD: CoC - Joint Component RRH/PSH
HMIS Federal Partner Funding Source Components,2923,50,HUD: HOME
HMIS Federal Partner Funding Source Components,2923,51,HUD: HOME (ARP)
HMIS Federal Partner Funding Source Components,2923,52,HUD: PIH (Emergency Housing Voucher)
HMIS Federal Partner Funding Source Components,2923,53,"HUD: ESG-RUSH "
HMIS Federal Partner Funding Source Components,2923,54,HUD: Unsheltered Special NOFO
HMIS Federal Partner Funding Source Components,2923,55,HUD: Rural Special NOFO
HMIS Federal Partner Funding Source Components,2923,56,HUD:CoC Builds
HMIS Federal Partner Funding Source Components,2923,90,Non-HUD Funder
Youth Ages,2927,1,Only under age 18
Youth Ages,2927,2,Only ages 18-24
Youth Ages,2927,3,Only youth under age 24 (both of the above)
Address Data Quality,2928,1,Full address reported
Address Data Quality,2928,2,Incomplete or estimated address reported
Address Data Quality,2928,8,Client doesn't know
Address Data Quality,2928,9,Client Prefers Not to Answer
Address Data Quality,2928,10,Data not collected
Half Numbers (Garage Size),2929,1,1.0
Half Numbers (Garage Size),2929,2,1.5
Half Numbers (Garage Size),2929,3,2.0
Half Numbers (Garage Size),2929,4,2.5
Half Numbers (Garage Size),2929,5,3.0
Half Numbers (Garage Size),2929,6,3.5
Half Numbers (Garage Size),2929,99,Car Port
Basement Type,2930,1,Unfinished
Basement Type,2930,2,Finished
Basement Type,2930,3,Partially Finished
Basement Type,2930,99,None
Housing Occupancy Status,2931,1,Occupied
Housing Occupancy Status,2931,5,Unoccupied
Housing Occupancy Status,2931,9,Rented
Mortgage Type,2932,1,1st Mortgage
Mortgage Type,2932,5,2nd Mortgage
Mortgage Type,2932,9,Home Equity Mortgage
Mortgage Type,2932,15,Simple Loan
Mortgage Type,2932,99,Other
Mortgage Frequecny,2933,3,Weekly
Mortgage Frequecny,2933,4,Biweekly
Mortgage Frequecny,2933,5,Monthly
Client Account Type List,2935,1,Savings
Client Account Type List,2935,3,Client General Account
Client Account Type List,2935,5,Mortgage Loan
Client Account Type List,2935,10,"Billing "
Client Account Type List,2935,15,Medical Billing
Client Account Type List,2935,20,Other Loan
Client Account Type List,2935,99,Other
Referral Outcomes,2943,1,Attained
Referral Outcomes,2943,2,Not Attained
Referral Outcomes,2943,3,Unknown
Referral Outcomes,2943,4,Client Acknowledged
Workforce Benefit Type,2949,1,Unemployment
Workforce Benefit Type,2949,5,Housing
Workforce Benefit Type,2949,10,SNAP
Workforce Benefit Type,2949,99,Other
Medication Dispense Schedule,2952,-1,Other
Medication Dispense Schedule,2952,1,Morning
Medication Dispense Schedule,2952,2,Midday
Medication Dispense Schedule,2952,3,Afternoon
Medication Dispense Schedule,2952,4,Evening
Prescription Status,2953,1,Active
Prescription Status,2953,2,Closed and pills disbursed to client
Prescription Status,2953,3,Closed and pills retained  in system
Prescription Status,2953,4,Closed & pills destroyed
Workforce Benefit Type,2957,1,Unemployment
Workforce Benefit Type,2957,5,Housing
Workforce Benefit Type,2957,10,SNAP
Workforce Benefit Type,2957,99,Other
Gender,2959,-1,Other
Gender,2959,1,Male
Gender,2959,2,Female
Gender,2959,3,Transgender Male to Female
Gender,2959,4,Transgender Female to Male
Gender,2959,5,Other
Gender,2959,6,Client Doesn't Know
Gender,2959,7,Client Prefers Not to Answer
Gender,2959,99,Data Not Collected
Unit of Measure,2960,1,Days
Unit of Measure,2960,2,Hours
Unit of Measure,2960,3,Minutes
Unit of Measure,2960,4,Each
Unit of Measure,2960,5,Dollar
Unit of Measure,2960,6,Mileage
Usage Types,2961,1,Unit
Usage Types,2961,2,One Bedroom
Usage Types,2961,3,Two Bedroom
Usage Types,2961,4,Three Bedroom
Usage Types,2961,5,Four Bedroom
Usage Types,2961,6,Studio
Usage Types,2961,7,Single Room Occupancy
Usage Types,2961,8,Suite
Race,2963,0,Multi-Racial
Race,2963,1,"American Indian, Alaska Native or Indigenous"
Race,2963,2,Asian or Asian American
Race,2963,3,"Black, African American, or African"
Race,2963,4,Native Hawaiian or Pacific Islander
Race,2963,5,White
Race,2963,8,Client Doesn't Know
Race,2963,9,Client Prefers Not to Answer
Race,2963,20,Haitian
Race,2963,21,Cape Verdean
Race,2963,22,Arab
Race,2963,23,Caribbean
Race,2963,99,Data Not Collected
Ethnicity,2964,1,Non-Hispanic/Non-Latina/e/o
Ethnicity,2964,2,Hispanic/Latina/e/o
Ethnicity,2964,8,Client Doesn't Know
Ethnicity,2964,9,Client Prefers Not to Answer
Ethnicity,2964,99,Data Not Collected
Usage Statuses,2969,1,Available
Usage Statuses,2969,2,Under Repair
Usage Statuses,2969,3,In Development
Client Restriction,2970,1,Shared
Client Restriction,2970,2,Not Shared
Service Type Usage,2972,1,Direct
Service Type Usage,2972,2,Indirect
Service Type Usage,2972,3,Referral
Service Type Usage,2972,4,Account - No Obligation
Service Type Usage,2972,5,Account - Obligation
Service Type Usage,2972,6,Account - Client Paid
Service Type Usage,2972,7,Time
Recurrance,2973,1,Daily
Recurrance,2973,3,Weekly
Recurrance,2973,4,BiWeekly
Recurrance,2973,5,Monthly
Recurrance,2973,10,Semi Monthly
Recurrance,2973,12,Quarterly
Recurrance,2973,15,Annually
HMIS Program Type Codes,2974,1,Emergency Shelter (ES)
HMIS Program Type Codes,2974,2,Transitional Housing (TH)
HMIS Program Type Codes,2974,3,Permanent Supportive Housing (PSH)
HMIS Program Type Codes,2974,4,Homeless Outreach
HMIS Program Type Codes,2974,6,Services Only program
HMIS Program Type Codes,2974,7,Other
HMIS Program Type Codes,2974,8,Safe Haven (SH)
HMIS Program Type Codes,2974,9,Permanent Housing
HMIS Program Type Codes,2974,11,Innovative Supportive Housing
HMIS Program Type Codes,2974,12,Homelessness Prevention and Rapid Re-Housing (HPRP
HMIS Program Type Codes,2974,13,Homeless Assistance
HMIS Program Type Codes,2974,14,PATH
HMIS Program Type Codes,2974,15,Rapid Re-Housing (RRH)
HMIS Program Type Codes,2974,16,Homeless Prevention
HMIS Program Type Codes,2974,25,Not a HUD HMIS Project
HMIS Target Pop A,2975,1,Single Males (18 years and older)
HMIS Target Pop A,2975,2,Single Females (18 years and older)
HMIS Target Pop A,2975,3,Single Males and Females (18 years and older)
HMIS Target Pop A,2975,4,"Couples Only, No Children"
HMIS Target Pop A,2975,5,Single Males and Households with Children
HMIS Target Pop A,2975,6,Single Females and Households with Children
HMIS Target Pop A,2975,7,Households with Children
HMIS Target Pop A,2975,8,Unaccompanied Young Males (under 18)
HMIS Target Pop A,2975,9,Unaccompanied Young Females (under 18)
HMIS Target Pop A,2975,10,Unaccompanied Young Males and Females (under 18)
HMIS Target Pop A,2975,11,Single Male and Female and Households w/Children
HMIS Target Population B,2976,1,Domestic Violence victims
HMIS Target Population B,2976,2,Veterans
HMIS Target Population B,2976,3,Persons with HIV/AIDS
HMIS Target Population B,2976,4,Not Applicable
HMIS Occupancy Model,2977,1,Program Entry and Exit Date Comparison
HMIS Occupancy Model,2977,2,Bed Management Model
HMIS Occupancy Model,2977,3,Service Transaction Model
Enrollment Status,2978,0,Unknown
Enrollment Status,2978,10,Turned Away/Denied
Enrollment Status,2978,11,Waitlisted
Enrollment Status,2978,20,Assessments Pending
Enrollment Status,2978,100,Enrolled In Program
Enrollment Status,2978,200,Exited From Program
Slot Assignment Method,2979,1,None
Slot Assignment Method,2979,2,Sequential
Slot Assignment Method,2979,3,Reserved
Slot Assignment Method,2979,4,Manual
HPRPProgramType,2980,1,Homelessness Assistance
HPRPProgramType,2980,2,Homelessness Prevention
CitizenshipStatus,2982,1,U.S. Citizen
CitizenshipStatus,2982,2,Eligible Non-Citizen
CitizenshipStatus,2982,3,Ineligible Non-Citizen
CitizenshipStatus,2982,4,Undocumented
Language,2983,1,English
Language,2983,2,Spanish
Language,2983,3,Chinese
Language,2983,4,Hindi
Language,2983,5,Russian
Language,2983,6,Arabic
Language,2983,7,Portuguese
Language,2983,8,Bengali
Language,2983,9,French
Language,2983,10,"Malay,Indonesian"
Language,2983,11,German
Language,2983,12,Japanese
Language,2983,13,Farsi (Persian)
Language,2983,14,Urdu
Language,2983,15,Punjabi
Language,2983,16,Vietnamese
Language,2983,17,Tamil
Language,2983,18,Javanese
Language,2983,19,Korean
Language,2983,20,Turkish
Language,2983,21,Telugu
Language,2983,22,Marathi
Language,2983,23,Italian
Language,2983,24,Thai
Language,2983,25,Burmese
Language,2983,26,Kannada
Language,2983,27,Gujarati
Language,2983,28,Polish
Language,2983,30,Bilingual - English/Spanish
Language,2983,31,Albanian
Language,2983,32,Bulgarian
Language,2983,33,Cantonese
Language,2983,34,Cape Verdean Creole
Language,2983,35,Georgian
Language,2983,36,Hatian Creole
Language,2983,37,Javanese
Language,2983,38,Khmer
Language,2983,39,Somali
Language,2983,40,Bilingual – English/French
Language,2983,41,Bilingual – English Loas
Language,2983,99,Unknown
Resource Slot Type,2984,1,Slot
Resource Slot Type,2984,2,Bed
Resource Slot Type,2984,3,Room
Resource Slot Type,2984,4,House
Resource Slot Type,2984,5,Apartment
Resource Slot Type,2984,7,Bunk Bed
Resource Slot Type,2984,10,Trailer Park
Resource Slot Type,2984,12,Mat
Resource Slot Type,2984,15,Voucher
Resource Slot Type,2984,17,Crib
Resource Slot Status,2985,1,Available
Resource Slot Status,2985,5,Assigned
Resource Slot Status,2985,10,Under Repair
Resource Slot Status,2985,15,In Development
Resource Slot Assignment Event,2986,1,At Check-In
Resource Slot Assignment Event,2986,2,At Reservation
Excused,2988,1,Excused
Excused,2988,2,Not Excused
TaxType,2989,1,Corporation
TaxType,2989,5,Partnership
TaxType,2989,10,Individual
AllowChildrenAge,2990,1,Younger than 14
AllowChildrenAge,2990,2,Younger than 15
AllowChildrenAge,2990,3,Younger than 16
AllowChildrenAge,2990,4,Younger than 17
AllowChildrenAge,2990,5,Younger than 18
Provider Contract Term,2991,1,Net 30
Provider Contract Term,2991,5,Net 10
Provider Contract Term,2991,10,"2 / 10, Net 30"
Provider Contract Term,2991,15,Upon Receipt
Program Final Approval Options,2992,1,Exit Enrollment Only
Program Final Approval Options,2992,5,End Case Assignment Only (s)
Program Final Approval Options,2992,10,Exit both Enrollment and End Case Assignment (s)
Service Request Services List,2993,1,"Program Services "
Service Request Services List,2993,5,"Account Services "
Medications Unit of Measure,2998,1,Pill(s)
Medications Unit of Measure,2998,3,Ounce(s)
Medications Unit of Measure,2998,4,Milliliters
Release Version,2999,1,Unknown
Release Version,2999,41,4.1
Release Version,2999,42,4.2
Release Version,2999,43,4.3
Release Version,2999,44,4.4
Release Version,2999,45,4.5
Release Version,2999,50,5.0
Release Version,2999,51,5.1
Release Version,2999,52,5.2
Release Version,2999,501,5.0.1
YesNoDK,3005,1,Yes
YesNoDK,3005,2,No
YesNoDK,3005,101,Don't Know
Transportation,3006,-1,Other
Transportation,3006,1,Public
Transportation,3006,2,Own Car
Transportation,3006,3,Relative/Friend
Transportation,3006,4,Bicycle
Transportation,3006,5,None
CellPhoneOwner,3008,1,Goodwill SCWI
CellPhoneOwner,3008,2,Personal
Employer Code,3015,1,"Agriculture, Forestry & Fishing"
Employer Code,3015,2,Construction Industries
Employer Code,3015,3,Manufacturing (Includes Printing & Publishing)
Employer Code,3015,4,"Transportation, Communications & Utilities"
Employer Code,3015,5,"Finance, Insurance & Real Estate"
Employer Code,3015,6,Wholesale Trade
Employer Code,3015,7,Retail Trade
Employer Code,3015,8,Food Service Trade
Employer Code,3015,9,Health Care
Employer Code,3015,10,Hotel/Motel
Employer Code,3015,11,Other Services Industries
Employer Code,3015,12,Public Administration (including Governmental Enti
Employer Code,3015,13,Self Employment
CaLicenseClass,3016,101,Noncommercial Class A
CaLicenseClass,3016,102,Noncommercial Class B
CaLicenseClass,3016,103,Commercial Class A
CaLicenseClass,3016,104,Commercial Class B
CaLicenseClass,3016,105,Commercial Class C
CaLicenseClass,3016,106,Noncommercial Class C
Reason for not having a license,3017,1,Never applied for license
Reason for not having a license,3017,2,Suspended - DUI
Reason for not having a license,3017,3,Suspended - Unpaid fines
Reason for not having a license,3017,4,Suspended - Failure to pay child support
Reason for not having a license,3017,5,Suspended - Failure to appear
Reason for not having a license,3017,6,Suspended - Being caught driving when physically or mentally unfit
Reason for not having a license,3017,7,Expired
Reason for not having a license,3017,8,Revoked - Wreckless driving
Reason for not having a license,3017,9,Revoked - Physical or mental disability
Reason for not having a license,3017,10,Revoked - Multiple DUI violations
Reason for not having a license,3017,11,Data not collected
Transportation,3018,1,Public
Transportation,3018,2,Own Car
Transportation,3018,3,Relative/Friend
Transportation,3018,4,None
Transportation,3018,100,Bicycle
Transportation,3018,101,Other
Employer Code,3022,1,"Agriculture, Forestry & Fishing"
Employer Code,3022,2,Construction Industries
Employer Code,3022,3,Manufacturing (Includes Printing & Publishing)
Employer Code,3022,4,"Transportation, Communications & Utilities"
Employer Code,3022,5,"Finance, Insurance & Real Estate"
Employer Code,3022,6,Wholesale Trade
Employer Code,3022,7,Retail Trade
Employer Code,3022,8,Food Service Trade
Employer Code,3022,9,Health Care
Employer Code,3022,10,Hotel/Motel
Employer Code,3022,11,Other Services Industries
Employer Code,3022,12,Public Administration (including Governmental Enti
Employer Code,3022,13,Self Employment
CaLicenseClass,3023,101,Noncommercial Class A
CaLicenseClass,3023,102,Noncommercial Class B
CaLicenseClass,3023,103,Commercial Class A
CaLicenseClass,3023,104,Commercial Class B
CaLicenseClass,3023,105,Commercial Class C
CaLicenseClass,3023,106,Noncommercial Class C
Reason for not having a license,3024,1,Never applied for license
Reason for not having a license,3024,2,Suspended - DUI
Reason for not having a license,3024,3,Suspended - Unpaid fines
Reason for not having a license,3024,4,Suspended - Failure to pay child support
Reason for not having a license,3024,5,Suspended - Failure to appear
Reason for not having a license,3024,6,Suspended - Being caught driving when physically or mentally unfit
Reason for not having a license,3024,7,Expired
Reason for not having a license,3024,8,Revoked - Wreckless driving
Reason for not having a license,3024,9,Revoked - Physical or mental disability
Reason for not having a license,3024,10,Revoked - Multiple DUI violations
Reason for not having a license,3024,11,Data not collected
Eye Color,3025,1,Brown
Eye Color,3025,2,Blue
Eye Color,3025,3,Green
Eye Color,3025,4,Hazel
Eye Color,3025,5,Black
Eye Color,3025,6,Other
Prior CPS Assessments,3027,0,None
Prior CPS Assessments,3027,1,One or more family assessments
Prior CPS Assessments,3027,2,One or more investigative assessments
Number of Children Range(2 fewer or 3 or More),3028,0,Two or fewer
Number of Children Range(2 fewer or 3 or More),3028,1,Three or more
"Age of Primary Caretaker Range (30 or Older 29 or ",3029,-1,30 or older
"Age of Primary Caretaker Range (30 or Older 29 or ",3029,0,29 or younger
Age of Youngest Child (3 or Younger 2 or Younger),3030,0,3 or Younger
Age of Youngest Child (3 or Younger 2 or Younger),3030,1,2 or Younger
Number of Adults Residing in Home (2 or More One o,3035,0,Two or More
Number of Adults Residing in Home (2 or More One o,3035,1,One or None
Primary Months Range (Multi-select),3036,1,Within last 12 Months
Primary Months Range (Multi-select),3036,2,Prior to last 12 Months
Number of Issues (None or One or More),3037,0,None
Number of Issues (None or One or More),3037,1,One or More Apply
Mental Health - Number of Issues (No or One or Mor,3038,0,None
Mental Health - Number of Issues (No or One or Mor,3038,2,One or more apply
N11 Finding or Utilizing Resources List (Multi-sel,3039,1,Difficulty finding / obtaining resources
N11 Finding or Utilizing Resources List (Multi-sel,3039,2,Refusal to utilize available resources
N12 Parenting Skills List (Multi-Select),3040,1,Inadequate supervision of children
N12 Parenting Skills List (Multi-Select),3040,2,Uses excessive physical/verbal discipline
N12 Parenting Skills List (Multi-Select),3040,3,Lacks knowledge of child development
N14 Child Characteristics (Multi-Select Options),3041,1,Mental Health and/or behavioral problems
N14 Child Characteristics (Multi-Select Options),3041,2,Medically fragile/failure to thrive diagnosis
N14 Child Characteristics (Multi-Select Options),3041,3,Developmental disability
N14 Child Characteristics (Multi-Select Options),3041,4,Learning disability
N14 Child Characteristics (Multi-Select Options),3041,5,"Physical disability "
N15 Housing Needs Unmet (Multi-select),3042,1,Family lacks clothing and/or food
N15 Housing Needs Unmet (Multi-select),3042,2,Family lacks housing or housing is unsafe
Number of Adults,3043,0,Two or more
Number of Adults,3043,1,One Or None
Account Transaction Type,3044,1,Deposits (Additional Funds)
Account Transaction Type,3044,8,Deposits (Adjustment)
Account Transaction Type,3044,9,Misc (Adjustment)
Account Transaction Type,3044,36,Adjust Approval Balance
Account Transaction Type,3044,37,Adjust Hold Balance
Account Transaction Type,3044,38,Adjust Committed Balance
Account Transaction Type,3044,39,Adjust Denied Balance
Account Transaction Type,3044,40,Adjust Available Balance
None_One_or_more,3045,0,None
None_One_or_more,3045,2,One or more
PriorCPS,3046,0,"Prior case open for in-home, CPS services"
PriorCPS,3046,1,Prior case open for foster care services
Age 4 or 5,3047,0,4 or under
Age 4 or 5,3047,1,5 or older
abuse child characteristics,3048,0,Developmental disability
abuse child characteristics,3048,1,Mental Health and/or behavioral problems
abuse child characteristics,3048,2,History of delinquency
Primary Caretaker Victim/Perp,3049,0,Victim within last 12 months
Primary Caretaker Victim/Perp,3049,1,Victim prior to last 12 months
Primary Caretaker Victim/Perp,3049,2,Perpetrator within last 12 months
Primary Caretaker Victim/Perp,3049,3,Perpetrator prior to last 12 months
Caretaker responses,3050,0,Caretaker unmotivated to improve parenting skills
Caretaker responses,3050,1,Caretaker viewed situation less seriously than worker
Caretaker responses,3050,2,Caretaker failed to cooperate satisfactorily
Communication problems,3051,0,"Lack of communication impairs functioning "
Communication problems,3051,1,"Poor communication impairs functioning "
Low Moderate High,3052,0,Low
Low Moderate High,3052,1,Moderate
Low Moderate High,3052,3,High
Overrides,3053,0,1. Sexual abuse cases where the perpetrator is likely to have access to the child victim.
Overrides,3053,1,"2. Cases with non-accidental physical injury to an infant. "
Overrides,3053,2,3. Serious non-accidental physical injury warranting hospital or medical treatment.
Overrides,3053,3,4. Death (previous or current) of a sibling as a result of abuse or neglect.
Users or Providers,4064,1,Users
Users or Providers,4064,2,Employer Provider
Users or Providers,4064,3,Program Enrollment Provider
Users or Providers,4064,4,Service Location Provider
Users or Providers,4064,5,Created By User's Provider
Primary Secondary Tertiary,4073,1,Primary
Primary Secondary Tertiary,4073,2,Secondary
Primary Secondary Tertiary,4073,3,Tertiary
Refill Status,4078,10,Complete
Refill Status,4078,15,Pending
Method of Contact,4081,1,Face-To-Face
Method of Contact,4081,2,Phone
Method of Contact,4081,3,Internet
Method of Contact,4081,4,Group
Method of Contact,4081,5,Virtual
Method of Contact,4081,6,Video
Method of Contact,4081,7,Other
Method of Contact,4081,8,Phone Only
Method of Contact,4081,9,Third-Party Provider
Documented / Self Reported,4084,1,Documented
Documented / Self Reported,4084,2,Self-Reported
"Work Benefits (Health Insurance, Paid Leave)",4085,1,Health Insurance
"Work Benefits (Health Insurance, Paid Leave)",4085,5,Paid Sick Leave/Vacation
"Work Benefits (Health Insurance, Paid Leave)",4085,10,Employer Sponsored retirement savings
"Work Benefits (Health Insurance, Paid Leave)",4085,15,Unemployment Insurance
"Work Benefits (Health Insurance, Paid Leave)",4085,20,Fringe Benefits
Medical Billing - Injury Date Qualifier Code,4087,431,Illness
Medical Billing - Injury Date Qualifier Code,4087,484,Last menstrual period
Medical Billing Date Qualifier,4089,90,Report Start (Assumed Care Date)
Medical Billing Date Qualifier,4089,91,Report End (Relinquished Care Date)
Medical Billing Date Qualifier,4089,304,Latest Visit or Consultation
Medical Billing Date Qualifier,4089,439,Accident
Medical Billing Date Qualifier,4089,444,First Visit or Consultation
Medical Billing Date Qualifier,4089,453,Acute Manifestation of a Chronic Condition
Medical Billing Date Qualifier,4089,454,Initial Treatment
Medical Billing Date Qualifier,4089,455,Last X-ray
Medical Billing Date Qualifier,4089,471,Prescription
Medical Billing Referring Provider Qualifier,4090,1,DN - Referring Provider
Medical Billing Referring Provider Qualifier,4090,2,DK - Ordering Provider
Medical Billing Referring Provider Qualifier,4090,3,"DQ - Supervising Provider "
Dosage Override Reason,4091,-1,Other
Dosage Override Reason,4091,2,Patient will be off campus
Original or Resubmission,4092,1,Original
Original or Resubmission,4092,7,Replacement of Prior Claim
Original or Resubmission,4092,8,Void/Cancel of Prior Claim
Claim/Charge Entry Status,4093,1,Unbilled Primary
Claim/Charge Entry Status,4093,2,Billed Primary
Claim/Charge Entry Status,4093,3,Unbilled Secondary
Claim/Charge Entry Status,4093,4,Billed Secondary
Claim/Charge Entry Status,4093,5,Rebilled Primary
Claim/Charge Entry Status,4093,6,Rebilled Secondary
Claim/Charge Entry Status,4093,7,Need to Rebill Primary
Claim/Charge Entry Status,4093,8,Need to Rebill Secondary
Allow Below Zero,4095,1,Allow negative Actual Bal. - Warning
Allow Below Zero,4095,2,Don't allow negative Actual Bal. - Error
Allow Below Zero,4095,3,Allow negative Avail. Bal. - Warning
Allow Below Zero,4095,4,Don't allow negative Avail. Bal. - Error
Allow Below Zero,4095,5,Allow negative Balance - No Message
ROI Types,4103,1,HIV/AIDS information
ROI Types,4103,5,Mental health information
ROI Types,4103,10,Genetic testing information
ROI Types,4103,15,"Drug/alcohol diagnosis, treatment or referral information"
ROI Types,4103,20,Any information related to the participation in or completion of SNAP Works Program Activities
ROI Types,4103,25,Photo & Video Release
ROI Record Types,4104,1,Family History
ROI Record Types,4104,5,"Education Reports "
ROI Record Types,4104,10,Mental Health Services
ROI Record Types,4104,15,"Employment / Unemployment "
ROI Record Types,4104,20,Alcohol Drug Treatment
ROI Record Types,4104,25,Medical Psychiatric Treatment
State Barred Reference,5103,1,Not Barred
State Barred Reference,5103,2,Barred from all services
State Barred Reference,5103,3,Barred from all programs
State Barred Reference,5103,4,Barred - Failing Inspections
Vision Level,5104,-1,Other
Vision Level,5104,1,Full Vision
Vision Level,5104,2,Difficulty at level of print
Vision Level,5104,3,Difficulty with obstacles
Vision Level,5104,4,Blind
Hearing Level,5105,1,Full hearing
Hearing Level,5105,2,Difficulty at level of communication
Hearing Level,5105,3,Difficulty with alarm sounds
Hearing Level,5105,4,Deaf
Level of Self Care,5107,1,No assists needed
Level of Self Care,5107,2,Occassional assists needed
Level of Self Care,5107,3,Daily assists needed
Level of Self Care,5107,4,Frequent assists needed
Level of Self Care,5107,5,Total assists needed
Personal Mobility Status,5108,1,No assists needed for mobility
Personal Mobility Status,5108,2,Occassional assists needed for mobility but mobile
Personal Mobility Status,5108,3,Adaptive equipment but no assists needed for mobility
Personal Mobility Status,5108,4,Adaptive equipment needed and some assists needed for mobility - needs assistance
Personal Mobility Status,5108,5,Adaptive equipment needed and full assists needed for mobility
Communication Expressive Level,5109,1,Speech easily understood
Communication Expressive Level,5109,2,Speech difficult to understand
Communication Expressive Level,5109,3,Uses sign language
Communication Expressive Level,5109,4,Uses gestures and/or some signs
Communication Expressive Level,5109,5,Uses alternative communication device
Communication Expressive Level,5109,6,Has no functional communication
Receptive Communication Level,5110,1,Other's speech easily understood
Receptive Communication Level,5110,2,Has difficulty understanding other's speech
Receptive Communication Level,5110,3,Uses sign language
Receptive Communication Level,5110,4,Can understand gestures and/or some signs
Receptive Communication Level,5110,5,Can understand others using alternative communication device
Receptive Communication Level,5110,6,Has no functional understanding of communication
Toileting Assists Level,5111,1,Has full control bowel and bladder
Toileting Assists Level,5111,2,Occassional loss of control in day
Toileting Assists Level,5111,3,Incontinent or frequent loss of control
Toileting Assists Level,5111,4,Nighttime enuresis
Medical Needs,5112,1,Generally has no serious medical needs
Medical Needs,5112,2,Needs regular visits with nurse or visits to a doctor
Medical Needs,5112,3,Needs to have a nurse on site daily but not constantly
Medical Needs,5112,4,Needs personal nurse on site at all times
Always Sometimes Never,5113,1,Always
Always Sometimes Never,5113,2,Sometimes
Always Sometimes Never,5113,3,Never
Always Sometimes Never,5113,4,Very often
Always Sometimes Never,5113,5,Often
Always Sometimes Never,5113,6,Seldom
Always Sometimes Never,5113,7,Refused
Always Sometimes Never,5113,8,Don't know
Level of Care Additional Conditions and Criteria,5114,1,MICP score that meets criteria for NF waiver (DD eligibility not required)
Level of Care Additional Conditions and Criteria,5114,2,MFCU score that meets criteria for waiver enrollment (DD eligibility not required)
Level of Care Additional Conditions and Criteria,5114,3,BCS that meets criteria for waiver enrollment (DD eligibility required)
Behavior Support Needs,5115,-1,Other
Behavior Support Needs,5115,1,None
Behavior Support Needs,5115,2,"Behaviors, but not injurious"
Behavior Support Needs,5115,3,Injurious to self
Behavior Support Needs,5115,4,Injurious to others
Level of Care Service Choice,5117,1,ICF/IDD
Level of Care Service Choice,5117,2,Nursing Facility
Level of Care Service Choice,5117,3,Hospital
Level of Care Service Choice,5117,4,Home and Community-Based
Provisional Adult,5118,1,Provisional
Provisional Adult,5118,2,Adult
Level of Care Eligibility Diagnosis,5119,-1,Other Developmental Only
Level of Care Eligibility Diagnosis,5119,1,Intellectual Disability - mild (55-75)
Level of Care Eligibility Diagnosis,5119,2,Intellectual Disability - moderate (40-55)
Level of Care Eligibility Diagnosis,5119,3,Intellectual Disability - severe (20-40)
Level of Care Eligibility Diagnosis,5119,4,Intellectual Disability - profound (<20)
Level of Care Eligibility Diagnosis,5119,5,Early Childhood Assessment
Level of Care Impairment in Adaptive Behavior,5120,-1,Other
Level of Care Impairment in Adaptive Behavior,5120,1,Communication
Level of Care Impairment in Adaptive Behavior,5120,2,Community use
Level of Care Impairment in Adaptive Behavior,5120,3,Home or school living
Level of Care Impairment in Adaptive Behavior,5120,4,Functional academics
Level of Care Impairment in Adaptive Behavior,5120,5,Health and safety
Level of Care Impairment in Adaptive Behavior,5120,6,Leisure
Level of Care Impairment in Adaptive Behavior,5120,7,Mobility
Level of Care Impairment in Adaptive Behavior,5120,8,Self care
Level of Care Impairment in Adaptive Behavior,5120,9,Self direction
Level of Care Impairment in Adaptive Behavior,5120,10,Socialization
Level of Care Impairment in Adaptive Behavior,5120,11,Work
Level of Care Impairment in Adaptive Behavior,5120,12,IQ 65 or below (no adaptive assessment)
Level of Care Impairment in Adaptive Behavior,5120,13,Composite score 70 or below (no domains reported)
Level of Care Impairment in Adaptive Behavior,5120,14,No adaptive assessment
Place of Service Codes,5121,1,Pharmacy
Place of Service Codes,5121,2,Telehealth
Place of Service Codes,5121,3,School
Place of Service Codes,5121,4,Homeless Shelter
Place of Service Codes,5121,5,"Indian Health Service, Free-standing Facility"
Place of Service Codes,5121,6,"Indian Health Service, Provider-based Facility"
Place of Service Codes,5121,7,"Tribal 638, Free-standing Facility"
Place of Service Codes,5121,8,"Tribal 638, Provider-based Facility"
Place of Service Codes,5121,9,Prison/Correctional Facility
Place of Service Codes,5121,10,Unassigned
Place of Service Codes,5121,11,Office
Place of Service Codes,5121,12,Home
Place of Service Codes,5121,13,Assisted Living Facility
Place of Service Codes,5121,14,Group Home
Place of Service Codes,5121,15,Mobile Unit
Place of Service Codes,5121,16,Temporary Lodging
Place of Service Codes,5121,17,Walk-in Retail Health Clinic
Place of Service Codes,5121,18,Place of Employment-Worksite
Place of Service Codes,5121,19,Off Campus-Outpatient Hospital
Place of Service Codes,5121,20,Urgent Care Facility
Place of Service Codes,5121,21,Inpatient Hospital
Place of Service Codes,5121,22,On Campus-Outpatient Hospital
Place of Service Codes,5121,23,Emergency Room – Hospital
Place of Service Codes,5121,24,Ambulatory Surgical Center
Place of Service Codes,5121,25,Birthing Center
Place of Service Codes,5121,26,Military Treatment Facility
Place of Service Codes,5121,31,Skilled Nursing Facility
Place of Service Codes,5121,32,Nursing Facility
Place of Service Codes,5121,33,Custodial Care Facility
Place of Service Codes,5121,34,Hospice
Place of Service Codes,5121,41,Ambulance - Land
Place of Service Codes,5121,42,Ambulance – Air or Water
Place of Service Codes,5121,49,Independent Clinic
Place of Service Codes,5121,50,Federally Qualified Health Center
Place of Service Codes,5121,51,Inpatient Psychiatric Facility
Place of Service Codes,5121,52,Psychiatric Facility-Partial Hospitalization
Place of Service Codes,5121,53,Community Mental Health Center
Place of Service Codes,5121,54,Intermediate Care Facility/ Individuals with Intellectual Disabilities
Place of Service Codes,5121,55,Residential Substance Abuse Treatment Facility
Place of Service Codes,5121,56,Psychiatric Residential Treatment Center
Place of Service Codes,5121,57,Non-residential Substance Abuse Treatment Facility
Place of Service Codes,5121,60,Mass Immunization Center
Place of Service Codes,5121,61,Comprehensive Inpatient Rehabilitation Facility
Place of Service Codes,5121,62,Comprehensive Outpatient Rehabilitation Facility
Place of Service Codes,5121,65,End-Stage Renal Disease Treatment Facility
Place of Service Codes,5121,71,Public Health Clinic
Place of Service Codes,5121,72,Rural Health Clinic
Place of Service Codes,5121,81,Independent Laboratory
Place of Service Codes,5121,99,Other Place of Service
Non Verbal Contributing Factors,5122,1,Anxious
Non Verbal Contributing Factors,5122,2,Fatigued
Non Verbal Contributing Factors,5122,3,Irritable or agitated
Non Verbal Contributing Factors,5122,4,"Depressed, sad, or blue"
Non Verbal Contributing Factors,5122,5,Frustrated
Non Verbal Contributing Factors,5122,6,Flat affect (unemotional)
Non Verbal Contributing Factors,5122,7,Extremely excited or manic
Non Verbal Contributing Factors,5122,8,Unusual behavior (for the particpant)
Contributing Factors,5123,1,Disciplined
Contributing Factors,5123,2,Family argument/loss
Contributing Factors,5123,3,Difficulty with peers
Contributing Factors,5123,4,Sleep disturbance
Contributing Factors,5123,5,Hunger/Thirst
Contributing Factors,5123,6,Medication changed/missed
Contributing Factors,5123,7,Appeared or complained of medical illness/discomfort
Contributing Factors,5123,8,Constipation
Contributing Factors,5123,9,General Routine altered/changed
Contributing Factors,5123,10,Change in staff or provider
Contributing Factors,5123,11,Absence of staff or provider
Contributing Factors,5123,12,Environment hyper-stimulating
Contributing Factors,5123,13,Environment hypo-stimulating
Contributing Factors,5123,14,Changes in living environment
Contributing Factors,5123,15,Lack of participation in an activity
Contributing Factors,5123,16,Experienced disappointment
Contributing Factors,5123,17,"Other negative interactions (fought, argued, etc.)"
Participant Response,5124,1,Resident was self-motivated to stop the behavior
Participant Response,5124,2,Resident was successfully redirected by staff
Probation Type,5125,1,Program Violation
Probation Type,5125,2,Rules Violation
Probation Type,5125,5,Behavior
Incident Injury Type,5128,1,Minor Cuts and Bruises
Incident Injury Type,5128,5,Major Cuts and Bruises
Incident Injury Type,5128,99,No Injuries Reported
Percent Complete Method for Program Service Plans,5137,1,Calculate from Steps
Percent Complete Method for Program Service Plans,5137,2,Calculate from Goals
Percent Complete Method for Program Service Plans,5137,3,Enter % Complete Manually
Form Search Type,5139,1,Service by Program
Form Search Type,5139,2,Case Manager By Program
Form Search Type,5139,3,Case Note
Form Search Type,5139,4,Client
Month Of The Year,5140,1,January
Month Of The Year,5140,2,February
Month Of The Year,5140,3,March
Month Of The Year,5140,4,April
Month Of The Year,5140,5,May
Month Of The Year,5140,6,June
Month Of The Year,5140,7,July
Month Of The Year,5140,8,August
Month Of The Year,5140,9,September
Month Of The Year,5140,10,October
Month Of The Year,5140,11,November
Month Of The Year,5140,12,December
Track by Service or Manually Enter Amount,5143,1,Count distinct clients served with stipend/paycheck services
Track by Service or Manually Enter Amount,5143,2,Manually enter number of clients
HUD Training Organizations,5145,-1,Others
HUD Training Organizations,5145,1,N/A
HUD Training Organizations,5145,2,NeighborWorks America
HUD Training Organizations,5145,4,La Raza
HUD Training Organizations,5145,5,NCRC
HUD Training Sponsors,5146,-1,Other
HUD Training Sponsors,5146,1,N/A
HUD Training Sponsors,5146,2,HUD
AbsenceType,5149,1,Work / Shift Release
AbsenceType,5149,5,Personal Short-Term Leave
AbsenceType,5149,10,Long-Term Leave
Single or Multi Family,5160,1,Remove from previous
Single or Multi Family,5160,2,Keep in previous
Tobacco Use,5165,1,Never Used Tobacco
Tobacco Use,5165,2,Still Using Tobacco
Tobacco Use,5165,3,Recovering from Tobacco Use
Tobacco Use,5165,4,Quit Tobacco
Tobacco Use,5165,5,Reduced Tobacco Use
Current State of Change,5166,1,Not considering quitting
Current State of Change,5166,2,Contemplation (Thinking about quitting)
Current State of Change,5166,3,Preparation (Ready to quit in next 30 days)
Current State of Change,5166,4,Action (Off tobacco 1 day - 6 months)
Current State of Change,5166,5,Maintenance (Off tobacco 6 months or more)
Reason for Medical,5167,-1,Other
Reason for Medical,5167,1,Medical complication
Reason for Medical,5167,2,Health reasons
Copy From Plan,5172,1,"Create New Plan from Program "
Copy From Plan,5172,3,Enter Plan Manually
Copy From Plan,5172,5,Create New Plan From Existing Plan
Copy Goal Type,5174,1,Copy All Goals and Steps
Copy Goal Type,5174,5,Do Not Copy Goals that are 100% Complete
Copy Goal Type,5174,10,Do Not Copy Steps that are 100% Complete
Quarters,5175,2,Quarter 1
Quarters,5175,3,Quarter 2
Quarters,5175,4,Quarter 3
Quarters,5175,5,Quarter 4
HCS Activity Type,5176,4,Activities for All Counseling and Education
HCS Activity Type,5176,7,NOFA 2014-1 COMP
HCS Activity Type,5176,8,NOFA 2014-2 TRNG
HCS Activity Type,5176,9,NOFA 2015-1 COMP
HCS Activity Type,5176,10,NFMC
HCS Activity Type,5176,11,NOFA 2015-2 COMP
HCS Activity Type,5176,12,NOFA 2016-1 COMP
HCS Activity Type,5176,13,NOFA 2018-1 COMP
HCS Activity Type,5176,14,NOFA 2019-1 COMP
HCS Activity Type,5176,15,NOFA 2020-1 COMP
HCS Activity Type,5176,16,NOFA 2021-1 COMP
HCS Activity Type,5176,17,NOFA 2022-1 COMP
HCS Activity Type,5176,18,NOFA 2023-1 COMP
HCS Activity Type,5176,19,NOFA 2023-1 HI
HCS Activity Type,5176,20,NOFA 2024-1 COMP
HCS Activity Type,5176,32,NOFA 2026-1 COMP
HCS Activity Type,5176,80,NOFA 2017-1 COMP
Rural Area Status,5177,1,Lives in a rural area
Rural Area Status,5177,2,Does not live in a rural area
Rural Area Status,5177,3,Chose not to respond
SSN Match Level,5178,1,N/A
SSN Match Level,5178,2,First 3 Digits
SSN Match Level,5178,3,Second 2 Digits
SSN Match Level,5178,4,Last 4 Digits
SSN Match Level,5178,5,Full SSN
Name Match Level,5179,1,N/A
Name Match Level,5179,2,First letter only
Name Match Level,5179,3,First two letters
Name Match Level,5179,4,First three letters
Name Match Level,5179,5,First four letters
Name Match Level,5179,6,Full Name
Limited English Proficient,5180,1,Limited English Proficient
Limited English Proficient,5180,2,Not Limited English Proficient
Limited English Proficient,5180,3,Chose not to respond
Housing Counseling Service Types,5181,2,Mortgage Delinquency and Default Resolution Counseling
Housing Counseling Service Types,5181,5,Reverse Mortgage Counseling
Housing Counseling Service Types,5181,7,Home Improvement and Rehabilitation Counseling
Housing Counseling Service Types,5181,8,Services for Homeless Counseling
Housing Counseling Service Types,5181,10,Financial Management/Budget Counseling
Housing Counseling Service Types,5181,12,Pre-purchase Counseling
Housing Counseling Service Types,5181,15,Rental Housing Counseling
HUD Assistance,5182,2,Rental Voucher
HUD Assistance,5182,3,Place Based Rental Assistance
HUD Assistance,5182,4,Home Ownership Voucher
HUD Assistance,5182,5,Purchase REO Property
HUD Assistance,5182,6,Down Payment Assistance
HUD Assistance,5182,7,Other HUD Program
HUD Assistance,5182,8,Not Applicable
Mortgage Type,5183,1,N/A
Mortgage Type,5183,2,30 - year fixed
Mortgage Type,5183,3,20 - year fixed
Mortgage Type,5183,4,15 - year fixed
Mortgage Type,5183,5,10 - year fixed
Mortgage Type,5183,6,1 - year ARM
Mortgage Type,5183,7,3 - year ARM
Mortgage Type,5183,8,5 - year ARM
Mortgage Type,5183,9,7 - year ARM
Mortgage Type,5183,10,10 - year ARM
Mortgage Type,5183,11,Interest Only
Mortgage Type,5183,12,40 - year fixed
Mortgage Type,5183,13,2 - year ARM
Finance Type,5184,6,N/A
Finance Type,5184,8,FHA
Finance Type,5184,9,VA
Finance Type,5184,10,Conventional
Finance Type,5184,11,USDA
"First, Second, NA",5185,1,First
"First, Second, NA",5185,2,Second
"First, Second, NA",5185,3,N/A
Intake Loan Type,5186,1,Fixed rate currently under 8%
Intake Loan Type,5186,2,Fixed rate currently 8% or greater
Intake Loan Type,5186,3,ARM currently under 8%
Intake Loan Type,5186,4,ARM currently at 8% or greater
Intake Loan Type,5186,5,Fixed rate currently under 8% as a result of loan modification in last six months
Intake Loan Type,5186,6,Fixed rate currently 8% or greater as a result of loan modification in last six months
Intake Loan Type,5186,7,ARM currently under 8% as a result of loan modification in last six months
Intake Loan Type,5186,8,ARM currently at 8% or greater as a result of loan modification in last six months
Intake Loan Type,5186,9,Client did not disclose
Intake Loan Type,5186,10,N/A
Housing Counseling Service Purposes,5187,6,Homeless Assistance
Housing Counseling Service Purposes,5187,7,Rental Topics
Housing Counseling Service Purposes,5187,8,Prepurchase/Homebuying
Housing Counseling Service Purposes,5187,9,Home Maintenance and Financial Management for Homeowners (Non-Delinquency Post-Purchase)
Housing Counseling Service Purposes,5187,10,Reverse Mortgage
Housing Counseling Service Purposes,5187,11,Resolving or Preventing Forward Mortgage Delinquency or Default
Housing Counseling Service Purposes,5187,12,Resolving or Preventing Reverse Mortgage Delinquency or Default
Housing Counseling Service Purposes,5187,13,Disaster Preparedness Assistance
Housing Counseling Service Purposes,5187,14,Disaster Recovery Assistance
Slot Setup Type,5188,1,Slots Created During Setup
Slot Setup Type,5188,2,Slots Created During Check-In
Time Zones,5190,1,Eastern Standard Time
Time Zones,5190,2,Central Standard Time
Time Zones,5190,3,Mountain Standard Time
Time Zones,5190,4,Pacific Standard Time
Time Zones,5190,5,Hawaiian Standard Time
Time Zones,5190,6,US Mountain Standard Time
Time Zones,5190,7,GMT Standard Time
Financial Assessment Transaction Type,5191,1,Budget
Financial Assessment Transaction Type,5191,2,Actual
Financial Assessment Transaction Type,5191,10,Prior Year
Financial Assessment Transaction Type,5191,15,Current Year
Financial Assessment Transaction Type,5191,16,Next Year
Denied Hold Type,6200,2,Hold
Hold Reasons (None Service Request),6202,1,Lack of Documentation
Hold Reasons (None Service Request),6202,5,Further Discussion Needed
Hold Reasons (None Service Request),6202,10,Misc.
Hold Reasons (None Service Request),6202,15,Service Authorization Correction
Hold Reasons (None Service Request),6202,20,Unbilled Claim
"ISP Report Income / Expense Option ",6206,1,None
"ISP Report Income / Expense Option ",6206,5,Income Only
"ISP Report Income / Expense Option ",6206,10,Expenses Only
"ISP Report Income / Expense Option ",6206,15,"Both Income and Expenses "
ISP Report Plan Gaol History,6207,1,None
ISP Report Plan Gaol History,6207,5,Plan History Only
ISP Report Plan Gaol History,6207,10,Goal History Only
ISP Report Plan Gaol History,6207,15,Both Plan and Goal History
IPS Report - Include Plan and Goal Notes,6208,1,None
IPS Report - Include Plan and Goal Notes,6208,5,Plan Notes Only
IPS Report - Include Plan and Goal Notes,6208,10,Goal Notes Only
IPS Report - Include Plan and Goal Notes,6208,15,Both Plan and Goal Notes
ISP Report - Include Service and Time,6209,1,None
ISP Report - Include Service and Time,6209,5,Services Only
ISP Report - Include Service and Time,6209,10,Time Only
ISP Report - Include Service and Time,6209,15,Both Services and Time
ISP Report - Issues and Actions Taken,6210,1,None
ISP Report - Issues and Actions Taken,6210,5,Issues Only
ISP Report - Issues and Actions Taken,6210,10,Actions Taken Only
ISP Report - Issues and Actions Taken,6210,15,Both Issues and Actions Taken
HCS 9902 Fiscal Years,6211,21,2015
Default Time Zones,6212,1,Eastern Standard Time
Default Time Zones,6212,5,Central Standard Time
Default Time Zones,6212,10,Mountain Standard Time
Default Time Zones,6212,15,Pacific Standard Time
Default Time Zones,6212,20,Hawaiian Standard Time
Default Time Zones,6212,25,US Mountain Standard Time
Default Time Zones,6212,26,GMT Standard Time
HCS Case Status,6213,1,Attending Seminar/Class
HCS Case Status,6213,2,Budget Counseling
HCS Case Status,6213,3,Credit Counseling
HCS Case Status,6213,4,Currently in HAMP Counseling
HCS Case Status,6213,5,Delinquency Counseling
HCS Case Status,6213,6,Dropped Out/Unknown
HCS Case Status,6213,7,HAMP Ineligible
HCS Case Status,6213,8,Initial Evaluation
HCS Case Status,6213,9,Post-Purchase Counseling
HCS Case Status,6213,10,Pre-Purchase Counseling
HCS Case Status,6213,11,Walkin - Provided HAMP Info Packet
Mortgage Readiness,6214,1,"Tier One - in process, ready to buy"
Mortgage Readiness,6214,2,Tier Two - ready in 3 to 6 months
Mortgage Readiness,6214,3,Tier Three - ready in 7 to 18 months
Mortgage Readiness,6214,4,Tier Four - ready in 19 plus months
HCS Referred By,6215,2,HUD Outreach
HCS Referred By,6215,3,Agency Outreach
HCS Referred By,6215,4,Another Person
HCS Referred By,6215,5,Lender
HCS Referred By,6215,6,Another Agency
HCS Referred By,6215,7,Real Estate Agent
HCS Referred By,6215,8,Other
HCS Referred By,6215,9,N/A
HUD Grant,6216,1,MMMSA
HUD Grant,6216,2,Comprehensive
HUD Grant,6216,3,Colonias
HUD Grant,6216,4,HECM
HUD Grant,6216,5,S8
HUD Grant,6216,6,Predatory Lending
HUD Grant,6216,7,N/A
Missing Credit Score Reason,6218,1,Client refused to authorize credit report pull
Missing Credit Score Reason,6218,2,NFMC Counseling Organization analyzed credit report that did not contain score
Missing Credit Score Reason,6218,3,NFMC Counseling Organization does not analyze credit report for this level of service
Missing Credit Score Reason,6218,4,NFMC Counseling Organization does not have relationship with credit reporting bureau
Missing Credit Score Reason,6218,5,Foreclosure expected within 14 days
Missing Credit Score Reason,6218,6,Other
Credit Score Source,6219,1,TransUnion
Credit Score Source,6219,2,Equifax
Credit Score Source,6219,3,Experian
Credit Score Source,6219,4,Tri-merge
Credit Score Source,6219,5,Other
Credit Score Source,6219,6,N/A
Node List - Reporting,6221,1,1 - National
Node List - Reporting,6221,2,2 - States
Node List - Reporting,6221,3,3 - Affiliates
Node List - Reporting,6221,4,4 - Sites (Schools)
Node List - Reporting,6221,5,5 - School Providers
Leaf List for Reporting,6226,1,Organizations
Leaf List for Reporting,6226,4,Providers
Leaf List for Reporting,6226,99,Hierarchy Node
HCS Counseling Types,6227,1,Case Management Services
HCS Counseling Types,6227,2,Credit and Debt
HCS Counseling Types,6227,3,Debt and Delinquency Counseling
HCS Counseling Types,6227,4,Default and Delinquency
HCS Counseling Types,6227,5,Energy Assistance
HCS Counseling Types,6227,6,Home Equity/Reverse Mortgage
HCS Counseling Types,6227,7,Homeless Prevention I
HCS Counseling Types,6227,8,Homeless Prevention II
HCS Counseling Types,6227,9,HUD Education Seminar
HCS Counseling Types,6227,10,HUD One on One Counseling
HCS Counseling Types,6227,11,Landlord Association
HCS Counseling Types,6227,12,Other
HCS Counseling Types,6227,13,Post-Purchase
HCS Counseling Types,6227,14,Post-Purchase One on One Counseling
HCS Counseling Types,6227,15,Post-Purchase Seminar/Workshop
HCS Counseling Types,6227,16,Pre-Closing Seminar
HCS Counseling Types,6227,17,Pre-Purchase
HCS Counseling Types,6227,18,Pre-Purchase One on One Counseling
HCS Counseling Types,6227,19,Pre-Purchase Post Application
HCS Counseling Types,6227,20,Pre-Purchase Pre Application
HCS Counseling Types,6227,21,Pre-Purchase Seminar
HCS Counseling Types,6227,22,Public Housing
HCS Counseling Types,6227,23,Real Estate Services
HCS Counseling Types,6227,24,Refinance
HCS Counseling Types,6227,25,Rental Assistance
HCS Counseling Types,6227,26,Section 8
HCS Counseling Types,6227,27,Tax Services
School Metrics,6228,1,Attendance
School Metrics,6228,2,Parent Engagement
School Metrics,6228,3,Graduation
SubsequentProcess,6230,1,Not Enroll
SubsequentProcess,6230,5,Moderate Level - 3 Treatment Sessions
SubsequentProcess,6230,10,Intensive Level - 6 Treatment Sessions
Write Off Reasons,6236,1,Third Party Payer Refuses to Pay
Write Off Reasons,6236,2,Patient Refuses to Pay
Write Off Reasons,6236,3,Patient Cannot Pay
Write Off Reasons,6236,4,Patient is Unreachable
Shoe size,6237,1,8
Shoe size,6237,2,8.5
Shoe size,6237,3,9.0
Shoe size,6237,4,9.5
Shoe size,6237,5,10
Shoe size,6237,6,10.5
Shoe size,6237,7,11
Shoe size,6237,8,12
Shoe size,6237,9,13
Shoe size,6237,10,14
Medical Information Obtained,6238,1,Medical Report
Medical Information Obtained,6238,2,Client Report
Medical Information Obtained,6238,3,Other
Student Review Type,6239,5,1st Review
Student Review Type,6239,10,2nd Review
Student Review Type,6239,15,3rd Review
Student Review Type,6239,20,4th Review
Living Situation,6241,1,Both Parents
Living Situation,6241,5,Single Parent Female / Male
Living Situation,6241,10,Other Relative
Living Situation,6241,15,Foster Care / Group Home
Living Situation,6241,20,Shelter
Living Situation,6241,25,Homeless
Living Situation,6241,30,Alone
Living Situation,6241,35,Unknown
Living Situation,6241,40,Other
Pre & Post Tests,6242,1,Pre-Test
Pre & Post Tests,6242,3,Post-Test
NFMC Counseling Level,6243,1,1
NFMC Counseling Level,6243,2,2
NFMC Counseling Level,6243,3,4a
NFMC Counseling Level,6243,4,4b
CalendarRecurrence,6244,1,Once
CalendarRecurrence,6244,5,Weekly
CalendarRecurrence,6244,10,Monthly
CalendarRecurrence,6244,15,Daily
CalendarRecurrence,6244,20,Annually
Custom Calendar Occurrence Repeats,6246,1,Daily
Custom Calendar Occurrence Repeats,6246,5,"Weekly "
Custom Calendar Occurrence Repeats,6246,10,Monthly
Custom Calendar Occurrence Repeats,6246,15,Annually
Days of Week,6247,0,Sunday
Days of Week,6247,1,Monday
Days of Week,6247,2,Tuesday
Days of Week,6247,3,Wednesday
Days of Week,6247,4,Thursday
Days of Week,6247,5,Friday
Days of Week,6247,6,Saturday
Calendar Recurrence End Date Options,6248,1,None
Calendar Recurrence End Date Options,6248,2,Number of Occurances
Calendar Recurrence End Date Options,6248,3,By
School Year,6249,1,"2014 / 2015 "
School Year,6249,3,2015 /2016
School Year,6249,5,2017 /2018
Student Aware Of Referral,6250,1,Only Student Aware of Referral
Student Aware Of Referral,6250,5,Only Parent Aware of Referral
Student Aware Of Referral,6250,10,Both Student and Parent are Aware of Referral
Student Aware Of Referral,6250,15,Neither Student nor Parent are Aware of Referral
Loan Status,6251,1,Current
Loan Status,6251,3,30-60 days late
Loan Status,6251,5,61-90 days late
Loan Status,6251,7,91-120 days late
Loan Status,6251,9,121+ days late
Mortgage Default Reason,6252,1,Reduction in income
Mortgage Default Reason,6252,5,Poor budget management skills
Mortgage Default Reason,6252,10,Loss of income
Mortgage Default Reason,6252,15,Medical issues
Mortgage Default Reason,6252,20,Increase in expenses
Mortgage Default Reason,6252,25,Divorce/separation
Mortgage Default Reason,6252,30,Death of family member
Mortgage Default Reason,6252,35,Business venture failed
Mortgage Default Reason,6252,40,Increase in loan payment
Mortgage Default Reason,6252,45,Other
Mortgage Default Reason,6252,50,Not in Default
Assessment Event Check List,6257,1,X
Assessment Event Check List,6257,2,X
Assessment Event Check List,6257,3,X
Assessment Event Check List,6257,5,X
Assessment Event Check List,6257,6,X
Front Office Wait List Status,6258,1,In
Front Office Wait List Status,6258,5,Info
Front Office Wait List Status,6258,10,PSR
HMIS Projects,6264,1,test 3
Credit Report Types,6270,1,Equifax
Credit Report Types,6270,5,TransUnion
Credit Report Types,6270,10,Experian
Credit Status,6271,1,Current
Credit Status,6271,5,In Collections
Credit Status,6271,10,Delinquent
VI SPDAT V2 Prescreen Recommendation,6272,0,No Housing Intervention
VI SPDAT V2 Prescreen Recommendation,6272,1,No Housing Intervention
VI SPDAT V2 Prescreen Recommendation,6272,2,No Housing Intervention
VI SPDAT V2 Prescreen Recommendation,6272,3,No Housing Intervention
VI SPDAT V2 Prescreen Recommendation,6272,4,An assessment for Rapid Re-Housing
VI SPDAT V2 Prescreen Recommendation,6272,5,An assessment for Rapid Re-Housing
VI SPDAT V2 Prescreen Recommendation,6272,6,An assessment for Rapid Re-Housing
VI SPDAT V2 Prescreen Recommendation,6272,7,An assessment for Rapid Re-Housing
VI SPDAT V2 Prescreen Recommendation,6272,8,An assessment for Permanent Supportive Housing/Housing First
VI SPDAT V2 Prescreen Recommendation,6272,9,An assessment for Permanent Supportive Housing/Housing First
VI SPDAT V2 Prescreen Recommendation,6272,10,An assessment for Permanent Supportive Housing/Housing First
VI SPDAT V2 Prescreen Recommendation,6272,11,An assessment for Permanent Supportive Housing/Housing First
VI SPDAT V2 Prescreen Recommendation,6272,12,An assessment for Permanent Supportive Housing/Housing First
VI SPDAT V2 Prescreen Recommendation,6272,13,An assessment for Permanent Supportive Housing/Housing First
VI SPDAT V2 Prescreen Recommendation,6272,14,An assessment for Permanent Supportive Housing/Housing First
VI SPDAT V2 Prescreen Recommendation,6272,15,An assessment for Permanent Supportive Housing/Housing First
VI SPDAT V2 Prescreen Recommendation,6272,16,An assessment for Permanent Supportive Housing/Housing First
VI SPDAT V2 Prescreen Recommendation,6272,17,An assessment for Permanent Supportive Housing/Housing First
VI SPDAT V2 Family Recommendation,6273,0,No Housing Intervention
VI SPDAT V2 Family Recommendation,6273,1,No Housing Intervention
VI SPDAT V2 Family Recommendation,6273,2,No Housing Intervention
VI SPDAT V2 Family Recommendation,6273,3,No Housing Intervention
VI SPDAT V2 Family Recommendation,6273,4,An Assessment for Rapid Re-Housing
VI SPDAT V2 Family Recommendation,6273,5,An Assessment for Rapid Re-Housing
VI SPDAT V2 Family Recommendation,6273,6,An Assessment for Rapid Re-Housing
VI SPDAT V2 Family Recommendation,6273,7,An Assessment for Rapid Re-Housing
VI SPDAT V2 Family Recommendation,6273,8,An Assessment for Rapid Re-Housing
VI SPDAT V2 Family Recommendation,6273,9,An Assessment for Permanent Supportive Housing/Housing First
VI SPDAT V2 Family Recommendation,6273,10,An Assessment for Permanent Supportive Housing/Housing First
VI SPDAT V2 Family Recommendation,6273,11,An Assessment for Permanent Supportive Housing/Housing First
VI SPDAT V2 Family Recommendation,6273,12,An Assessment for Permanent Supportive Housing/Housing First
VI SPDAT V2 Family Recommendation,6273,13,An Assessment for Permanent Supportive Housing/Housing First
VI SPDAT V2 Family Recommendation,6273,14,An Assessment for Permanent Supportive Housing/Housing First
VI SPDAT V2 Family Recommendation,6273,15,An Assessment for Permanent Supportive Housing/Housing First
VI SPDAT V2 Family Recommendation,6273,16,An Assessment for Permanent Supportive Housing/Housing First
VI SPDAT V2 Family Recommendation,6273,17,An Assessment for Permanent Supportive Housing/Housing First
VI SPDAT V2 Family Recommendation,6273,18,An Assessment for Permanent Supportive Housing/Housing First
VI SPDAT V2 Family Recommendation,6273,19,An Assessment for Permanent Supportive Housing/Housing First
VI SPDAT V2 Family Recommendation,6273,20,An Assessment for Permanent Supportive Housing/Housing First
VI SPDAT V2 Family Recommendation,6273,21,An Assessment for Permanent Supportive Housing/Housing First
VI SPDAT V2 Family Recommendation,6273,22,An Assessment for Permanent Supportive Housing/Housing First
"VI SPDAT Family, Individual, Youth",6277,1,Individual
"VI SPDAT Family, Individual, Youth",6277,2,Family
"VI SPDAT Family, Individual, Youth",6277,3,Youth (24 and younger)
"VI SPDAT Family, Individual, Youth",6277,4,Prevention - Individual
"VI SPDAT Family, Individual, Youth",6277,5,Prevention - Family
Program Billing Method,6278,1,"Do Not Generate Program Billing Invoices "
Program Billing Method,6278,10,Generate Billing Invoices and Create Client Accounts
Pricing Method,6280,1,Use Poverty Table
Pricing Method,6280,5,Use Service Rate Table
Pricing Method,6280,10,Use Unit Cost
Service Rate Pricing Location,6281,1,Program Service
Service Rate Pricing Location,6281,5,Account Service
Service Rate Pricing Location,6281,10,Provider Service
Service Rate Pricing Location,6281,15,"Authorized Service "
Service Rate Pricing Location,6281,20,Service
Invoice Method,6284,1,Only Allow One Invoice per Program
Invoice Method,6284,10,Allow Invoices to be Consolidated Across Programs
Invoice Method,6284,99,NA
Invoice Format List,6285,99,NA
VI SPDAT Youth Prescreen Recommendation,6286,0,No moderate or high intensity services be provided at this time
VI SPDAT Youth Prescreen Recommendation,6286,1,No moderate or high intensity services be provided at this time
VI SPDAT Youth Prescreen Recommendation,6286,2,No moderate or high intensity services be provided at this time
VI SPDAT Youth Prescreen Recommendation,6286,3,No moderate or high intensity services be provided at this time
VI SPDAT Youth Prescreen Recommendation,6286,4,Assessment for time-limited supports with moderate intensity
VI SPDAT Youth Prescreen Recommendation,6286,5,Assessment for time-limited supports with moderate intensity
VI SPDAT Youth Prescreen Recommendation,6286,6,Assessment for time-limited supports with moderate intensity
VI SPDAT Youth Prescreen Recommendation,6286,7,Assessment for time-limited supports with moderate intensity
VI SPDAT Youth Prescreen Recommendation,6286,8,Assessment for long-term housing with high service intensity
VI SPDAT Youth Prescreen Recommendation,6286,9,Assessment for long-term housing with high service intensity
VI SPDAT Youth Prescreen Recommendation,6286,10,Assessment for long-term housing with high service intensity
VI SPDAT Youth Prescreen Recommendation,6286,11,Assessment for long-term housing with high service intensity
VI SPDAT Youth Prescreen Recommendation,6286,12,Assessment for long-term housing with high service intensity
VI SPDAT Youth Prescreen Recommendation,6286,13,Assessment for long-term housing with high service intensity
VI SPDAT Youth Prescreen Recommendation,6286,14,Assessment for long-term housing with high service intensity
VI SPDAT Youth Prescreen Recommendation,6286,15,Assessment for long-term housing with high service intensity
VI SPDAT Youth Prescreen Recommendation,6286,16,Assessment for long-term housing with high service intensity
VI SPDAT Youth Prescreen Recommendation,6286,17,Assessment for long-term housing with high service intensity
Credential Status,6290,1,In Progress
Credential Status,6290,5,Desired
Credential Status,6290,10,Completed but certificate not received
Credential Status,6290,15,Completed and certificate received
Copy of Test query,6291,-1,Other
Copy of Test query,6291,1,Male
Copy of Test query,6291,2,Female
Copy of Test query,6291,3,Transgender Male to Female
Copy of Test query,6291,4,Transgender Female to Male
Copy of Test query,6291,5,Other
Copy of Test query,6291,6,Client Doesn't Know
Copy of Test query,6291,7,Client Prefers Not to Answer
Copy of Test query,6291,99,Data Not Collected
Copy of list 37,6292,1,Yes
Copy of list 37,6292,2,No
Copy of list 37,6292,3,Client doesn't know
Copy of list 37,6292,4,Client Prefers Not to Answer
Copy of list 37,6292,99,Data Not Collected
Copy of 37,6293,1,Yes
Copy of 37,6293,2,No
Copy of 37,6293,3,Client doesn't know
Copy of 37,6293,4,Client Prefers Not to Answer
Copy of 37,6293,99,Data Not Collected
Copy of 127,6294,1,U.S. Citizen
Copy of 127,6294,2,Eligible Non-Citizen
Copy of 127,6294,3,Ineligible Non-Citizen
Copy of 127,6294,4,Undocumented
Copy of 127,6295,1,U.S. Citizen
Copy of 127,6295,2,Eligible Non-Citizen
Copy of 127,6295,3,Ineligible Non-Citizen
Copy of 127,6295,4,Undocumented
Copy of 385,6296,2,SalesDemo
Copy of 385,6296,3,1.2
Copy of 385,6296,4,1.3
Copy of 385,6296,5,2.0
Copy of 385,6296,6,2.1
Copy of 385,6296,7,2.2
Copy of 385,6296,8,2.3
Copy of 385,6296,9,2.3.1
Copy of 385,6296,10,2.3.2
Copy of 385,6296,11,3.0
Copy of 385,6296,12,3.1
Copy of 385,6296,13,4.0
Copy of 385,6296,14,4.1
Copy of 385,6296,15,4.2
Copy of 385,6296,16,4.3
Copy of 385,6296,17,4.4
Copy of 385,6296,18,5.0
Copy of 385,6296,19,5.01
Copy of 385,6296,20,5.1
Copy of 385,6296,21,5.2
Copy of 385,6296,22,5.2.1
Copy of 385,6296,99,Unassigned
Copy of 385,6297,2,SalesDemo
Copy of 385,6297,3,1.2
Copy of 385,6297,4,1.3
Copy of 385,6297,5,2.0
Copy of 385,6297,6,2.1
Copy of 385,6297,7,2.2
Copy of 385,6297,8,2.3
Copy of 385,6297,9,2.3.1
Copy of 385,6297,10,2.3.2
Copy of 385,6297,11,3.0
Copy of 385,6297,12,3.1
Copy of 385,6297,13,4.0
Copy of 385,6297,14,4.1
Copy of 385,6297,15,4.2
Copy of 385,6297,16,4.3
Copy of 385,6297,17,4.4
Copy of 385,6297,18,5.0
Copy of 385,6297,19,5.01
Copy of 385,6297,20,5.1
Copy of 385,6297,21,5.2
Copy of 385,6297,22,5.2.1
Copy of 385,6297,99,Unassigned
MortgageLength1530,6298,1,15 Year Mortgage
MortgageLength1530,6298,30,30 Year Mortgage
Copy of Release Version,6301,2,SalesDemo
Copy of Release Version,6301,3,1.2
Copy of Release Version,6301,4,1.3
Copy of Release Version,6301,5,2.0
Copy of Release Version,6301,6,2.1
Copy of Release Version,6301,7,2.2
Copy of Release Version,6301,8,2.3
Copy of Release Version,6301,9,2.3.1
Copy of Release Version,6301,10,2.3.2
Copy of Release Version,6301,11,3.0
Copy of Release Version,6301,12,3.1
Copy of Release Version,6301,13,4.0
Copy of Release Version,6301,14,4.1
Copy of Release Version,6301,15,4.2
Copy of Release Version,6301,16,4.3
Copy of Release Version,6301,17,4.4
Copy of Release Version,6301,18,5.0
Copy of Release Version,6301,19,5.01
Copy of Release Version,6301,20,5.1
Copy of Release Version,6301,21,5.2
Copy of Release Version,6301,22,5.2.1
Copy of Release Version,6301,99,Unassigned
Service Post Enrollment Configuration Options,6305,1,Program Required - Auto Create
Service Post Enrollment Configuration Options,6305,99,Program Not Required
Answer Communication Method,6306,1,Pop-up Immediate Response
Answer Communication Method,6306,5,Store Value for Summary
Answer Communication Method,6306,99,Not Applicable
Display Answer Method,6311,1,With Each Question
Display Answer Method,6311,10,At End of Quiz
Phy Health Status,6313,0,No problems
Phy Health Status,6313,1,Interferes with probation
Phy Health Limitations,6314,0,No limitations
Phy Health Limitations,6314,1,Interferes with employment
Current Employment,6315,0,Employed/retired/financially secured
Current Employment,6315,1,Unemployed (not including disability)
Times Unemployed,6316,0,Two or less
Times Unemployed,6316,1,Three or more
NoYesScoring,6317,0,No
NoYesScoring,6317,1,Yes
Current Financial,6318,0,Able to meet obligations
Current Financial,6318,1,Difficulties/ unable to meet obligations
Education Level,6319,0,Some High School or Vocational Training
Education Level,6319,1,8th Grade or below
ReadingAbility,6320,0,6th grade level or above
ReadingAbility,6320,1,Below sixth grade level
YesNoScoring,6321,0,Yes
YesNoScoring,6321,1,No
Family Relations,6322,0,Positive
Family Relations,6322,1,Negative
Childhood DV,6323,0,No history of violence
Childhood DV,6323,1,One or more incidents
Romantic Relationship,6324,0,Strong/supportive/loving
Romantic Relationship,6324,1,Problematic or no companion
Peer Relationship,6325,0,Positive/prosocial
Peer Relationship,6325,1,Negative (Criminal influences)
Current Residential Arrangement,6326,0,Positive and prosocial
Current Residential Arrangement,6326,1,Negative and/or antisocial
Residence Stability,6327,0,Moved once or less in the last six months
Residence Stability,6327,1,Moved 2 or more times in the last six months
Alcohol Arrests Total,6328,0,None or One
Alcohol Arrests Total,6328,1,Two or More
Alcohol Effect,6329,0,Manageable use (no significant disruption to life)
Alcohol Effect,6329,1,"Problem/Interferes with life (i.e. social, legal, health, etc...)"
SelfPerception,6330,0,No problem or open to treatment
SelfPerception,6330,1,Denial/uninterested in treatment
Drug Use,6331,0,No
Drug Use,6331,1,Yes (includes experimentation)
Drug Use Effect,6332,0,No use/Use did not interfere with life
Drug Use Effect,6332,1,"Any use that interferes with life (i.e. social, legal, or health problems)"
Mental Illness History,6333,0,No history
Mental Illness History,6333,1,History of mental illness admissions/treatment
Current Mental Health,6334,0,Normal/stable
Current Mental Health,6334,1,Problems (moderate to serious)
Motivation Level,6335,0,Good to Fair
Motivation Level,6335,1,Poor
Need for Improvement,6336,0,None to Low
Need for Improvement,6336,1,Moderate to High
Age at First Arrest,6337,0,17 or older
Age at First Arrest,6337,1,16 or younger
Jevenile Adjudications,6338,0,Zero - 2
Jevenile Adjudications,6338,1,3 or more
Offense Designation,6339,0,Misdemeanor
Offense Designation,6339,1,Felony or Undeisgnated Offenses
Service Post Transaction Status,6340,1,Add New
Service Post Transaction Status,6340,5,"Edit / Update "
Service Post Transaction Status,6340,10,Close / Remove
Quiz Suvery,6341,1,Quiz
Quiz Suvery,6341,5,Survey
Activity Type,6345,1,Upload Document(s)
Activity Type,6345,2,Complete a Form
Activity Type,6345,3,Complete an Assessment
Activity Type,6345,4,Complete a Workflow
Activity Type,6345,5,Program Enrollment
Activity Type,6345,6,Refer to Program
Activity Type,6345,7,Refer to Provider
Activity Type,6345,8,Update Referral Status
Activity Type,6345,9,Add to Program Waitlist
Activity Type,6345,10,Create a Service Plan
Activity Type,6345,11,Create Goals
Activity Type,6345,12,Create Goal Steps
Activity Type,6345,13,Assign a Case Manager or Mentor
Activity Type,6345,14,Create an Appointment
Activity Type,6345,15,Log a Service
Activity Type,6345,16,Register for an Event
Activity Type,6345,17,Task Outside of Application
Activity Type,6345,122,Video
Activity Type,6345,123,Quizzes
Activity Type,6345,124,Resource
Activity Type,6345,125,Class
Activity Type,6345,127,List Item
Activity Type,6345,128,Article
Activity Type,6345,129,Goal
Activity Type,6345,130,Interview
Activity Type,6345,131,Application
Activity Type,6345,132,Scheduled Event
Activity Type,6345,133,Appointment
Activity Type,6345,134,Networking Event
Activity Type,6345,135,Learning Module
Activity Type,6345,136,Action Required
Activity Type,6345,137,Communication
Activity Type,6345,138,Other
Themes,6346,5,bluetheme
Themes,6346,10,greentheme
Themes,6346,15,redtheme
Themes,6346,20,purpletheme
Activity Status,6348,1,Scheduled
Activity Status,6348,2,Complete
RatingScore,6350,1,1
RatingScore,6350,2,2
RatingScore,6350,3,3
RatingScore,6350,4,4
RatingScore,6350,5,5
VideoRecommended,6351,1,Users who are new to CaseWorthy
VideoRecommended,6351,2,Advanced users of CaseWorthy
VideoRecommended,6351,3,Anyone
SignatoryRoles,6352,1,Case Manager
SignatoryRoles,6352,2,Supervisor
SignatoryRoles,6352,3,Client
SignatoryRoles,6352,4,Client Guardian
SignatoryRoles,6352,5,Client Family Member
SignatoryRoles,6352,6,Program Supervisor
SignatoryRoles,6352,7,Volunteer
SignatoryRoles,6352,9,Interpreter
SignatoryRoles,6352,10,Staff
SignatoryRoles,6352,12,Witness
SignatoryRoles,6352,13,Confirming Official
SignatoryRoles,6352,14,Determining Official
SignatoryRoles,6352,19,Clinical Therapist
SignatoryRoles,6352,20,Support Coordinator
SignatoryRoles,6352,21,Provider
SignatoryRoles,6352,22,Program Manager
SignatoryRoles,6352,23,Direct Care Professional
SignatoryRoles,6352,24,Employment Specialist
SignatoryRoles,6352,25,Other
SignatoryRoles,6352,26,Check-in Person
SignatoryRoles,6352,27,Check-out Person
SignatoryRoles,6352,28,"Quality Control Inspector "
SignatoryRoles,6352,29,Direct Service Provider Representative
HC Preferred House Type,6356,1,Single
HC Preferred House Type,6356,2,Condominium
HC Preferred House Type,6356,3,Multi-Family
HC Preferred House Type,6356,4,Cooperative
FrequencyAdultContact,6357,1,Daily
FrequencyAdultContact,6357,2,Weekly
FrequencyAdultContact,6357,3,Other
Credco Account Type,6361,1,Mortgage
Credco Account Type,6361,5,"Revolving "
Credco Account Type,6361,10,Installment
Credco Account Type,6361,15,Credit Line
Credco Account Type,6361,20,Open
Credco Account Type,6361,25,Unknown
Credco Account Status Type,6362,1,Open
Credco Account Status Type,6362,5,Closed
Credco Account Status Type,6362,10,Paid
Credco Account Status Type,6362,15,Transferred
Credco Account Status Type,6362,20,Frozen
Credco Account Status Type,6362,25,Refinanced
Credco Current Rating,6366,1,As Agreed
Credco Current Rating,6366,5,Bankruptcy Or Wage Earner Plan
Credco Current Rating,6366,10,Charge Off
Credco Current Rating,6366,15,Collection
Credco Current Rating,6366,20,Collection Or Charge Off
Credco Current Rating,6366,25,Foreclosure
Credco Current Rating,6366,30,Foreclosure Or Repossession
Credco Current Rating,6366,35,Late 30 Days
Credco Current Rating,6366,40,Late 60 Days
Credco Current Rating,6366,45,Late 90 Days
Credco Current Rating,6366,50,Late Over 120 Days
Credco Current Rating,6366,55,No Data Available
Credco Current Rating,6366,60,Repossession
Credco Current Rating,6366,65,Too New
Credco Current Rating,6366,70,Wage Earner Plan
Job Types,6369,1,Full-time
Job Types,6369,2,Part-time
Job Types,6369,3,Temporary/Seasonal
Job Types,6369,4,Contract
Job Types,6369,5,Other
ConsumerNeedsTitle,6370,1,Title 3
ConsumerNeedsTitle,6370,2,Title 19
ConsumerNeedsTitle,6370,3,HVN
IssueFixType,6371,1,Code
IssueFixType,6371,5,Form
IssueFixType,6371,10,Both Code and Form
IssueFixType,6371,15,Database Changes
IssueFixType,6371,20,Other
AbsenceType,6372,1,Vacation
AbsenceType,6372,2,Bereavement
AbsenceType,6372,3,Sick
AbsenceType,6372,4,Jury Duty
AbsenceType,6372,5,Maternity/Paternity
AbsenceType,6372,6,Other
JobSearchDistance,6374,1,only in
JobSearchDistance,6374,5,within 5 miles of
JobSearchDistance,6374,10,within 10 miles of
JobSearchDistance,6374,15,within 15 miles of
JobSearchDistance,6374,25,within 25 miles of
JobSearchDistance,6374,50,within 50 miles of
JobSearchDistance,6374,100,within 100 miles of
Food Restrictions,6381,-1,Other
Food Restrictions,6381,1,Beef
Food Restrictions,6381,10,Pork
Food Restrictions,6381,20,Chicken
Food Restrictions,6381,30,Eggs
Food Restrictions,6381,40,Fish
Food Restrictions,6381,50,Milk
Asthma Triggers,6382,-1,Other
Asthma Triggers,6382,1,Cats
Asthma Triggers,6382,5,Dogs
Asthma Triggers,6382,10,Dust/Dust mites
Asthma Triggers,6382,15,Bee stings
Asthma Triggers,6382,20,Humidity
Asthma Triggers,6382,25,Cold air
Asthma Triggers,6382,30,Smoke
Asthma Triggers,6382,35,Pollen
Asthma Triggers,6382,40,Certain foods
Asthma Triggers,6382,45,Perfumes
Asthma Triggers,6382,50,Viral infections
Asthma Triggers,6382,55,Cold drinks
Asthma Triggers,6382,60,Physical exertion
Asthma Triggers,6382,65,Feathers
Asthma Triggers,6382,70,Molds
Asthma Triggers,6382,75,Laughter/Stress
HealthConcerns,6388,1,Sore Throat
HealthConcerns,6388,5,Cough
HealthConcerns,6388,10,Trouble Urinating/Infections
HealthConcerns,6388,15,Stomach Pain
HealthConcerns,6388,20,Vomiting
HealthConcerns,6388,25,Diarrhea
HealthConcerns,6388,30,Constipation
HealthConcerns,6388,35,Runny Nose
HealthConcerns,6388,40,Colds
HealthConcerns,6388,45,Headaches
AssessLeadSourceIndividauls,6390,-1,Other
AssessLeadSourceIndividauls,6390,1,Radiator repair
AssessLeadSourceIndividauls,6390,5,Pottery making
AssessLeadSourceIndividauls,6390,10,Lead smelting
AssessLeadSourceIndividauls,6390,15,Welding
AssessLeadSourceIndividauls,6390,20,Making fishing weights
AssessLeadSourceIndividauls,6390,25,House construction or repair
AssessLeadSourceIndividauls,6390,30,Battery manufacture or repair
AssessLeadSourceIndividauls,6390,35,Burning lead-painted wood
AssessLeadSourceIndividauls,6390,40,Automotive repair shop or junkyard
AssessLeadSourceIndividauls,6390,45,Going to a firing range or reloading bullets
AssessLeadSourceIndividauls,6390,50,Chemical preparation
AssessLeadSourceIndividauls,6390,55,Valve and pipe fittings
AssessLeadSourceIndividauls,6390,60,Brass/copper foundry
AssessLeadSourceIndividauls,6390,65,Refinishing furniture
AssessLeadSourceFood,6391,-1,Other
AssessLeadSourceFood,6391,1,Imported or glazed pottery such as a Mexican bean pot
AssessLeadSourceFood,6391,5,"Imported candy, (like Chaca Chaca) especially from Mexico"
AssessLeadSourceFood,6391,10,Nutritional pills other than vitamins
AssessLeadSourceFood,6391,15,Foods canned or packaged outside the U.S.
AssessLeadSourceFood,6391,20,"Remedies such as greta, azarcon, alarcon, alkohl, bali goli, coral, ghasard, liga, pay-loo-ah, rueda"
TB Exposure Signatory Role,6392,1,PPD Provider
Allergy Reactions,6393,-1,Other
Allergy Reactions,6393,1,Difficulty breathing
Allergy Reactions,6393,2,Rash
Allergy Reactions,6393,3,Diarrhea
Allergy Reactions,6393,4,Swelling
Allergy Reactions,6393,5,Nausea/vomiting
Well-Check Status,6397,1,Missed appointment
Well-Check Status,6397,5,Completed appointment
Well-Check Status,6397,10,Incomplete appointment
Pass/Fail,6398,1,Pass
Pass/Fail,6398,5,Fail
Pass/Fail,6398,6,Awaiting Results
Dental Services,6399,1,Cleaning and Fluoride completed
Dental Services,6399,5,"Treatment completed (restoration, root canal, extraction, fillings)"
Dental Services,6399,10,Treatment not completed
Abnormal Findings,6400,1,Appearance
Abnormal Findings,6400,5,Head
Abnormal Findings,6400,10,Skin
Abnormal Findings,6400,15,Eyes
Abnormal Findings,6400,20,Ears
Abnormal Findings,6400,25,Nose
Abnormal Findings,6400,30,Mouth/Throat
Abnormal Findings,6400,35,Teeth
Abnormal Findings,6400,40,Heart
Abnormal Findings,6400,45,Lungs
Abnormal Findings,6400,50,GI/Abdomen
Abnormal Findings,6400,55,Extremities
Abnormal Findings,6400,60,Back
Abnormal Findings,6400,65,Musculoskeletal
Abnormal Findings,6400,70,Neurological
Well-Check Age,6401,1,2 month
Well-Check Age,6401,5,4 month
Well-Check Age,6401,10,6 month
Well-Check Age,6401,15,9 month
Well-Check Age,6401,20,12 month
Well-Check Age,6401,25,15 month
Well-Check Age,6401,30,18 month
Well-Check Age,6401,35,24 month
Well-Check Age,6401,40,30 month
Well-Check Age,6401,45,3 year
Well-Check Age,6401,50,4 year
Well-Check Age,6401,55,5 year
Head Start Test Results,6402,1,Passed
Head Start Test Results,6402,2,Positive
Head Start Test Results,6402,3,Negative
Head Start Test Results,6402,5,Failed - re-screen needed
Head Start Test Results,6402,10,Failed - referral needed
Head Start Test Results,6402,15,Unable to condition
Head Start Test Results,6402,20,Results pending
Seizure Type,6403,1,Absence (petit mal)
Seizure Type,6403,5,Tonic (grand mal)
Seizure Type,6403,10,Focal (partial)
Seizure Type,6403,15,Febrile
Medication Category,6405,1,Head Start
Medication Category,6405,2,tEST
Seizure Warning Signs,6407,-1,Other
Seizure Warning Signs,6407,1,Staring
Seizure Warning Signs,6407,5,Jerking movements of the arms and legs
Seizure Warning Signs,6407,10,Stiffening of the body
Seizure Warning Signs,6407,15,Loss of consiousness
Seizure Warning Signs,6407,20,Breathing problems or breathing stops
Seizure Warning Signs,6407,25,Loss of bowel or bladder control
Seizure Warning Signs,6407,30,"Falling suddenly for no apparent reason, especially when associated with loss of consciousness"
Seizure Warning Signs,6407,35,Not responding to noise or words for brief periods
Seizure Warning Signs,6407,40,Appearing confused or in a haze
Seizure Warning Signs,6407,45,"Nodding the head rhythmically, when associated with loss of awareness or even loss of consciousness"
Seizure Warning Signs,6407,50,Periods of rapid eye blinking and staring
Seizure Triggers,6408,-1,Other
Seizure Triggers,6408,1,Specific time of day or night
Seizure Triggers,6408,5,"Sleep deprivation - overtired, no sleeping well, not getting enough sleep"
Seizure Triggers,6408,10,At times of fever or other illnesses
Seizure Triggers,6408,15,Flashing bright lights or patterns
Seizure Triggers,6408,20,Alcohol or drug use
Seizure Triggers,6408,25,Stress
Seizure Triggers,6408,30,"Not eating well, low blood sugar"
Seizure Triggers,6408,35,Specific foods
Seizure Triggers,6408,40,Excess caffeine
Seizure Triggers,6408,45,Certain medications
Seizure Categories,6409,1,Head Start
Validation Type,6416,1,Number
Validation Type,6416,3,Text
Validation Type,6416,5,Dropdown List
Validation Type,6416,7,Decimal
GenderBoyGirl,6419,1,Boy
GenderBoyGirl,6419,2,Girl
Sort Type,6421,1,Label
Sort Type,6421,2,Value
Sort Type,6421,3,Sort Order
No One/Everyone,6426,-1,No One
No One/Everyone,6426,0,Everyone
Reasons for No Treatment,6434,-1,Other
Reasons for No Treatment,6434,1,No health insurance
Reasons for No Treatment,6434,2,No pediatric care available in local area
Reasons for No Treatment,6434,3,Medicaid not accepted by health provider
Reasons for No Treatment,6434,4,Parents did not keep/make appointment
Reasons for No Treatment,6434,5,Child left the program before appointment date
Reasons for No Treatment,6434,6,Appointment scheduled for future date
Reasons for No Treatment,6434,7,No transportation
Highest Level of Education,6435,1,PHD
Highest Level of Education,6435,5,Masters Degree
Highest Level of Education,6435,10,Bachelors Degree
Highest Level of Education,6435,15,Associates Degree
Highest Level of Education,6435,20,Some College
Highest Level of Education,6435,25,High School Diploma/GED
Highest Level of Education,6435,30,Other
Board of Directors Positions,6436,1,Chairman of the Board/President
Board of Directors Positions,6436,5,Vice Chair/Vice President
Board of Directors Positions,6436,10,Secretary
Board of Directors Positions,6436,15,Treasurer
Board of Directors Positions,6436,20,Board Member
Board of Directors Positions,6436,25,Other
ByName Or ID,6437,1,By Name
ByName Or ID,6437,2,By ClientID
NoDentalTreatmentReasons,6438,-1,Other
NoDentalTreatmentReasons,6438,1,Health insurance doesn't cover treatment
NoDentalTreatmentReasons,6438,2,No dental care available in local area
NoDentalTreatmentReasons,6438,3,Medicaid not accepted by dentist
NoDentalTreatmentReasons,6438,4,Dentists in the area do not treat 3 - 5 year old children
NoDentalTreatmentReasons,6438,5,Parents did not keep/make appointment
NoDentalTreatmentReasons,6438,6,Children left the program before their appointment date
NoDentalTreatmentReasons,6438,7,Appointment is scheduled for future date
NoDentalTreatmentReasons,6438,8,No transportation
Executive Staff,6439,1,Chief Executive Officer/Executive Director
Executive Staff,6439,5,Chief Financial Officer
Executive Staff,6439,10,Chief Security Officer
Executive Staff,6439,15,Chief Information Officer
Executive Staff,6439,20,General Counsel
Executive Staff,6439,25,Chief Operations Officer
Executive Staff,6439,30,Chief Procurement Officer
Executive Staff,6439,35,Chief Revenue Officer
Executive Staff,6439,40,Chief Technology Officer
Executive Staff,6439,45,Chief Visionary Officer
Executive Staff,6439,50,Chief Human Resources Officer
Executive Staff,6439,55,Chief Learning Officer
Executive Staff,6439,60,Program Director
Executive Staff,6439,100,Other
Executive Staff,6439,105,Chairman of the Board/President
Executive Staff,6439,110,Vice Chair/Vice President
Executive Staff,6439,115,Secretary
Executive Staff,6439,120,Treasurer
Executive Staff,6439,125,Board Member
Staff Type,6441,1,Executive Staff
Staff Type,6441,5,Board of Directors
Staff Type,6441,10,Full-time Employee
Staff Type,6441,15,Part-time Employee
Staff Type,6441,20,Consultant
Staff Type,6441,25,Intern
Staff Type,6441,30,Volunteer
Staff Type,6441,100,Other
School Activity,6443,-1,Other
School Activity,6443,1,Arrival
School Activity,6443,2,Circle time
School Activity,6443,3,Small group
School Activity,6443,4,Center time
School Activity,6443,5,Diapering
School Activity,6443,6,Quiet time
School Activity,6443,7,Outdoor time
School Activity,6443,8,Bathroom
School Activity,6443,9,Transition
School Activity,6443,10,Departure
School Activity,6443,11,Clean up
Incident Type,6444,100,Injury/Incident
Incident Type,6444,101,Illness
Incident Type,6444,102,Behavior
Incident Behaviors,6445,-1,Other
Incident Behaviors,6445,1,Self-Injury
Incident Behaviors,6445,2,Self-Stemming behavior
Incident Behaviors,6445,3,Disruptive behavior
Incident Behaviors,6445,4,Tantrum
Incident Behaviors,6445,5,Inconsolable crying
Incident Behaviors,6445,6,Refusing to follow directions
Incident Behaviors,6445,7,Social withdrawal/Isolation
Incident Behaviors,6445,8,Running away
Incident Behaviors,6445,9,Property damage
Incident Behaviors,6445,10,Unsafe behavior
Incident Behaviors,6445,11,Sexual exploration
Incident Behaviors,6445,12,Verbal aggression
Incident Behaviors,6445,13,Physical aggression
Incident Behaviors,6445,14,Property destruction
Incident Triggers,6446,-1,Other
Incident Triggers,6446,1,Asked to do something
Incident Triggers,6446,2,Reprimanded or corrected
Incident Triggers,6446,3,"Told ""no"""
Incident Triggers,6446,4,Change in schedule
Incident Triggers,6446,5,Transition
Incident Triggers,6446,6,End of preferred activity
Incident Triggers,6446,7,Beginning of non-preferred activity
Incident Triggers,6446,8,Item removed
Incident Triggers,6446,9,Structured time
Incident Triggers,6446,10,Unstructured time
Incident Triggers,6446,11,Peer conflict
Incident Triggers,6446,12,Over stimulated
Incident Triggers,6446,13,Difficult task
Incident Triggers,6446,14,Peer not responding
Incident Triggers,6446,15,Bored
Incident Triggers,6446,16,Adult attending to peer
Possible Functions,6447,-1,Other
Possible Functions,6447,1,Obtain desired item
Possible Functions,6447,2,Gain peer reaction
Possible Functions,6447,3,Avoid adult
Possible Functions,6447,4,Avoid task
Possible Functions,6447,5,Obtain sensory stimulation
Possible Functions,6447,6,Avoid sensory stimulation
Possible Functions,6447,7,Obtain desired activity
Possible Functions,6447,8,Gain adult reaction/comfort
Possible Functions,6447,9,Avoid peer
Possible Functions,6447,15,Don't know
Action Take Behavior,6448,-1,Other
Action Take Behavior,6448,1,Modeled appropriate behavior
Action Take Behavior,6448,5,Ignored behavior
Action Take Behavior,6448,10,Redirected to alternate activity
Action Take Behavior,6448,15,Reviewed classroom rules
Action Take Behavior,6448,20,Removed from situation
Action Take Behavior,6448,25,Used visual schedule
Action Take Behavior,6448,30,Encourage self-calming skills
Action Take Behavior,6448,35,Encouraged asking for help
HS Incident Action Type,6452,-1,Other
HS Incident Action Type,6452,5,Medication given
HS Incident Action Type,6452,10,Doctor contacted
HS Incident Action Type,6452,15,First aid provided
HS Incident Action Type,6452,20,EMS called
HS Incident Action Type,6452,25,Behavioral intervention
Medical Home,6453,1,"Has ongoing source of continuous, accessible health care"
Medical Home,6453,5,Receives medical services through the Indian Health Service
Medical Home,6453,10,Receives medical services through a migrant community health center
Medical Home,6453,20,"Has no ongoing sources of continuous, accessible health care"
Immunization Status HS,6454,1,Up-to-date on all immunizations appropriate for age
Immunization Status HS,6454,5,"Received all immunizations possible at this time, but has not received all immunizations appropriate for age"
Immunization Status HS,6454,10,Exempt from immunizations by state guidelines
IncidentCategory,6455,100,Head Start
Contact Method General,6456,1,Phone call
Contact Method General,6456,5,Text message
Contact Method General,6456,10,Email
Contact Method General,6456,15,Face-to-face
Measurement Type Length,6457,1,Inches
Measurement Type Length,6457,2,Centimeters
Weight Measurement Type,6458,1,Pounds and Ounces
Weight Measurement Type,6458,2,Kilograms
Vaccine Opt Out,6459,1,Medical
Vaccine Opt Out,6459,2,Religious
Vaccine Opt Out,6459,3,Personal belief
WeightStatusCategory,6460,1,Underweight
WeightStatusCategory,6460,2,Normal or Healthy Weight
WeightStatusCategory,6460,3,Overweight
WeightStatusCategory,6460,4,Obese
CaseAssignmentCommunication,6462,1,"Case Manager "
CaseAssignmentCommunication,6462,5,Client
CaseAssignmentCommunication,6462,10,Both
CaseAssignmentCommMethod,6463,1,Email
CaseAssignmentCommMethod,6463,5,Text Message
Position Termination Reason,6464,-1,Other
Position Termination Reason,6464,1,Higher compensation/benefits package in the same field
Position Termination Reason,6464,5,Change in job field
Position Termination Reason,6464,10,Retirement
Position Termination Reason,6464,15,Relocation
Observation Area,6465,-1,Other
Observation Area,6465,1,Approaches to Learning
Observation Area,6465,5,Social and Emotional Development
Observation Area,6465,10,Language and Communication
Observation Area,6465,15,Literacy
Observation Area,6465,20,Cognition
Observation Area,6465,25,Mathematics Reasoning
Observation Area,6465,30,Scientific Reasoning
Observation Area,6465,35,"Perceptual, Motor, and Physical Development"
Pass/fail/suspect,6466,1,Pass
Pass/fail/suspect,6466,5,Fail
Pass/fail/suspect,6466,10,Suspect
"Admission, Review, Dismissal",6476,1,Admission
"Admission, Review, Dismissal",6476,5,Review
"Admission, Review, Dismissal",6476,10,Dismissal
"Admission, Review, Dismissal",6476,15,Annual
IEP/IFSP,6478,1,IEP
IEP/IFSP,6478,5,IFSP
Long List for Qualifications,6480,1,Q1
Long List for Qualifications,6480,2,Q2
Behavior Occurance Frequency,6482,1,Daily
Behavior Occurance Frequency,6482,5,Several times a day
Behavior Occurance Frequency,6482,10,Weekly
Behavior Occurance Frequency,6482,15,Several times a week
Behavior Occurance Frequency,6482,20,Monthly
Behavior Occurance Frequency,6482,25,Several times a month
Behavior Occurance Frequency,6482,30,Less often
Available Not Available,6483,1,Available
Available Not Available,6483,2,Not Available
Available Not Available,6483,3,Client doesn't know
Available Not Available,6483,4,Client Prefers Not to Answer
Available Not Available,6483,5,Undetectable
Available Not Available,6483,6,Closed
Available Not Available,6483,7,Alternate Schedule
Available Not Available,6483,8,Change in Capacity
Available Not Available,6483,99,Data Not Collected
Qualifications Long List Placeholder,6484,1,Option 1
Qualifications Long List Placeholder,6484,2,Option 2
Qualifications Long List Placeholder,6484,3,Option 3
Qualifications Long List Placeholder,6484,4,Option 4
Qualifications Long List Placeholder,6484,5,Option 5
Qualifications Long List Placeholder,6484,6,Option 6
Qualifications Long List Placeholder,6484,7,Option 7
Qualifications Long List Placeholder,6484,8,Option 8
Qualifications Long List Placeholder,6484,9,Option 9
Qualifications Long List Placeholder,6484,10,Option 10
Qualifications Long List Placeholder,6484,11,Option 11
Qualifications Long List Placeholder,6484,12,Option 12
Qualifications Long List Placeholder,6484,13,Option 13
Qualifications Long List Placeholder,6484,14,Option 14
Qualifications Long List Placeholder,6484,15,Option 15
Qualifications Long List Placeholder,6484,16,Option 16
Qualifications Long List Placeholder,6484,17,Option 17
Qualifications Long List Placeholder,6484,18,Option 18
Qualifications Long List Placeholder,6484,19,Option 19
Qualifications Long List Placeholder,6484,20,Option 20
Qualifications Long List Placeholder,6484,21,Option 21
Qualifications Long List Placeholder,6484,22,Option 22
Qualifications Long List Placeholder,6484,23,Option 23
Qualifications Long List Placeholder,6484,24,Option 24
Qualifications Long List Placeholder,6484,25,Option 25
Qualifications Long List Placeholder,6484,26,Option 26
Qualifications Long List Placeholder,6484,27,Option 27
Qualifications Long List Placeholder,6484,28,Option 28
Qualifications Long List Placeholder,6484,29,Option 29
Qualifications Long List Placeholder,6484,32,Option 32
Qualifications Long List Placeholder,6484,33,Option 33
Qualifications Long List Placeholder,6484,34,Option 34
Qualifications Long List Placeholder,6484,35,Option 35
Qualifications Long List Placeholder,6484,37,Option 37
Qualifications Long List Placeholder,6484,38,Option 38
Qualifications Long List Placeholder,6484,39,Option 39
Qualifications Long List Placeholder,6484,40,Option 40
Qualifications Long List Placeholder,6484,41,Option 41
Qualifications Long List Placeholder,6484,42,Option 42
Qualifications Long List Placeholder,6484,44,Option 44
Qualifications Long List Placeholder,6484,45,Option 45
Qualifications Long List Placeholder,6484,46,Option 46
Qualifications Long List Placeholder,6484,47,Option 47
Qualifications Long List Placeholder,6484,48,Option 48
Qualifications Long List Placeholder,6484,49,Option 49
Qualifications Long List Placeholder,6484,51,Option 51
Qualifications Long List Placeholder,6484,52,Option 52
Qualifications Long List Placeholder,6484,53,Option 53
Qualifications Long List Placeholder,6484,54,Option 54
Qualifications Long List Placeholder,6484,55,Option 55
Qualifications Long List Placeholder,6484,56,Option 56
Qualifications Long List Placeholder,6484,58,Option 58
Qualifications Long List Placeholder,6484,59,Option 59
Qualifications Long List Placeholder,6484,60,Option 60
Qualifications Long List Placeholder,6484,61,Option 61
Qualifications Long List Placeholder,6484,62,Option 62
Qualifications Long List Placeholder,6484,63,Option 63
Qualifications Long List Placeholder,6484,64,Option 64
Qualifications Long List Placeholder,6484,65,Option 65
Qualifications Long List Placeholder,6484,66,Option 66
Qualifications Long List Placeholder,6484,67,Option 67
Qualifications Long List Placeholder,6484,68,Option 68
Qualifications Long List Placeholder,6484,69,Option 69
Qualifications Long List Placeholder,6484,70,Option 70
Qualifications Long List Placeholder,6484,71,Option 71
Qualifications Long List Placeholder,6484,72,Option 72
Qualifications Long List Placeholder,6484,73,Option 73
Qualifications Long List Placeholder,6484,74,None of the Above
HMIS Housing Loss Expected Within,6486,0,1-6 days
HMIS Housing Loss Expected Within,6486,1,7-13 days
HMIS Housing Loss Expected Within,6486,2,14-21 days
HMIS Housing Loss Expected Within,6486,3,More than 21 days
SSVF Income Level 0-14,6487,0,1-14% of Area Median Income (AMI) for household size
SSVF Income Level 0-14,6487,1,15-30% of AMI for household size
SSVF Income Level 0-14,6487,2,More than 30% of AMI for household size (0 points)
SSVF Income Level 0-14,6487,3,"$0 (i.e. not employed, not receiving cash benefits, no other current income)"
Rental Evictions Past 7 Years,6488,0,4 or more prior rental evictions
Rental Evictions Past 7 Years,6488,1,2 or more prior rental evictions
Rental Evictions Past 7 Years,6488,2,1 prior rental eviction
Rental Evictions Past 7 Years,6488,3,No prior rental evictions (0 points)
History of Literal Homelessness,6489,0,4 or more times or total of at least 12 months in past three years
History of Literal Homelessness,6489,1,2-3 times in past three years
History of Literal Homelessness,6489,2,1 time in past three years
History of Literal Homelessness,6489,3,None (0 points)
HMIS Number of Times,6490,0,0
HMIS Number of Times,6490,1,1-2
HMIS Number of Times,6490,2,3-5
HMIS Number of Times,6490,3,6-10
HMIS Number of Times,6490,4,11-20
HMIS Number of Times,6490,5,More than 20
HMIS Number of Times,6490,8,Client doesn't know
HMIS Number of Times,6490,9,Client Prefers Not to Answer
HMIS Number of Times,6490,99,Data not collected
Child Mental Health Events,6491,1,Birth of a sibling
Child Mental Health Events,6491,5,Incident of abuse or neglect
Child Mental Health Events,6491,10,Change in family roles or schedule
Child Mental Health Events,6491,15,"Divorce/Separation "
Child Mental Health Events,6491,20,Change of caregiver
Child Mental Health Events,6491,25,Death of a loved one
Child Mental Health Events,6491,30,Move to a new house
Child Mental Health Events,6491,35,Change in medication
Child Mental Health Events,6491,40,Family tension
Child Mental Health Events,6491,45,Illness or hospitalization
Child Mental Health Events,6491,50,Family fights or violence
Scoring Method,6493,1,Sum Domain Scores
Scoring Method,6493,2,Average Domain Scores
Service Status,6497,1,Already receiving this service
Service Status,6497,5,"Already receiving this service, but still interested in receiving more support"
Service Status,6497,10,Interested in receiving this service
Parent Topics/Trainings Interest Areas,6498,1,Parenting Techniques/Education
Parent Topics/Trainings Interest Areas,6498,5,Military Deployment/Reunification
Parent Topics/Trainings Interest Areas,6498,10,Relationships and Communication
Parent Topics/Trainings Interest Areas,6498,15,Home Safety Plan
Parent Topics/Trainings Interest Areas,6498,20,Sibling Rivalry
Parent Topics/Trainings Interest Areas,6498,25,Stress Management
Parent Topics/Trainings Interest Areas,6498,30,Safety
Parent Topics/Trainings Interest Areas,6498,35,"Education (GED, ESL)"
Parent Topics/Trainings Interest Areas,6498,40,Health Information
Parent Topics/Trainings Interest Areas,6498,45,Anger Management
Parent Topics/Trainings Interest Areas,6498,50,Nutrition Class
Parent Topics/Trainings Interest Areas,6498,55,Growing Food in Your Own Garden
Parent Topics/Trainings Interest Areas,6498,60,"Financial Literacy (Debit, Credit Counseling, Child Support, Opening Checking/Saving Account)"
Parent Topics/Trainings Interest Areas,6498,65,Other
Housing Status Rent/Own,6499,20,Rent
Housing Status Rent/Own,6499,25,Own
Housing Status Rent/Own,6499,30,Homeless
Housing Status Rent/Own,6499,35,Public/Subsidized
Household Type,6502,1,Single Parent - Female
Household Type,6502,5,Single Parent - Male
Household Type,6502,10,Two Parent
Household Other Characteristics,6503,1,Receiving SNAP
Household Other Characteristics,6503,5,Receiving WIC
Household Other Characteristics,6503,10,Farmer
Household Other Characteristics,6503,15,Migrant farmworker
Household Other Characteristics,6503,20,Seasonal farmworker
Household Other Characteristics,6503,30,Incarcerated parent
Household Other Characteristics,6503,35,Referred by child welfare agency
Household Other Characteristics,6503,40,Child receiving behavioral/mental health services
Household Other Characteristics,6503,45,Victim of violence or possessing a valid Court Order of Protection
Household Other Characteristics,6503,50,Household member over 60
Household Other Characteristics,6503,55,"Child diagnosed with IEP (Developmental, Behavioral, S/L)"
Household Other Characteristics,6503,60,Involved with CPS
Household Other Characteristics,6503,65,Parent/guardian with identified disability and/or special needs
Household Other Characteristics,6503,70,Parent with no high school diploma/no GED
Household Other Characteristics,6503,75,Sibling currently enrolled in Head Start or Early Head Start
Household Other Characteristics,6503,80,None
Education Level HS,6504,1,0-8th Grade
Education Level HS,6504,5,9-12th Grade and no HS Diploma or GED
Education Level HS,6504,10,High School Diploma or GED
Education Level HS,6504,15,"Associates Degree, Vocational Certification, or Some College"
Education Level HS,6504,20,Bachelor's Degree
Education Level HS,6504,25,Advanced Degree
Employment Status HS,6505,1,Both parents/guardians are employed
Employment Status HS,6505,5,One parent/guardian is employed
Employment Status HS,6505,10,"Both parents/guardians are not working (e.g. unemployed, retired, or disabled)"
Employment Status HS,6505,15,The parent/guardian is employed
Employment Status HS,6505,20,"The parent/guardian is not working (e.g. unemployed, retired, or disabled)"
Services Eligibility,6508,1,School
Services Eligibility,6508,5,ECI
Services Eligibility,6508,10,Private Agency
Services Eligibility,6508,15,None
Specify Relationship,6513,-1,Other
Specify Relationship,6513,1,"Mother - biological, adoptive, or step"
Specify Relationship,6513,5,"Father - biological, adoptive, or step"
Specify Relationship,6513,10,Grandparent
Specify Relationship,6513,15,Relative other than grandparent
Specify Relationship,6513,20,Foster parent
Specify Relationship,6513,25,NA - pregnant client
Entity Reason for Contact,6514,1,Interested in volunteer opportunities
Entity Reason for Contact,6514,2,Professional partnership/development
Entity Reason for Contact,6514,3,Recruitment
Entity Reason for Contact,6514,10,Interested in donor opportunities
Entity Reason for Contact,6514,11,Pledge recruitment
Entity Reason for Contact,6514,12,Payment status
Job training/school HS,6515,1,Both parents/guardians are in job training or school
Job training/school HS,6515,5,One parent/guardian is in job training or school
Job training/school HS,6515,10,Neither parent/guardian is in job training or school
Job training/school HS,6515,15,"The parent/guardian is in job training or school "
Job training/school HS,6515,20,The parent/guardian is not in job training or school
Job training/school HS,6515,25,Both parents (two-parent household) are in job training
Job training/school HS,6515,26,Both parents (two parent household) are in school
Job training/school HS,6515,27,"One parent (two parent household) is in job training, and the other parent is in school"
Job training/school HS,6515,28,The (single) parent/guardian is in job training
Job training/school HS,6515,29,The (single) parent/guardian is in school
Job training/school HS,6515,30,The (single) parent/guardian is in both school and job training
Dental Home,6516,1,"Has continuous, accessible dental care provided by a dentist"
Dental Home,6516,5,"Does not have continuous, accessible dental care provided by a dentist"
Exit Reason HS,6517,39,Aged out during program year - entered Kindergarten
Exit Reason HS,6517,40,Aged out during program year - entered Head Start
Exit Reason HS,6517,41,Aged out during program year - entered another child care center
Exit Reason HS,6517,42,Aged out during program year - did not enter another child care center
Exit Reason HS,6517,43,Infant born - infant enrolled in Head Start
Exit Reason HS,6517,44,Infant born - infant not enrolled in Head Start
Exit Reason HS,6517,45,Changed programs - not satisfied with program
Exit Reason HS,6517,46,Moved
Exit Reason HS,6517,47,Death
Exit Reason HS,6517,48,No show
Exit Reason HS,6517,49,Completed program
Exit Reason HS,6517,98,Other
Discussion Thread Type,6518,1,Approval
Discussion Thread Type,6518,2,Program Description
Discussion Thread Type,6518,3,Program Locations
Discussion Thread Type,6518,4,Program Staff
Discussion Thread Type,6518,5,Program Results
Discussion Thread Type,6518,6,Program Activities
Discussion Thread Type,6518,7,Program Verification Tools
Discussion Thread Type,6518,8,Program Funding
Discussion Thread Type,6518,9,Program Need Statement
Discussion Thread Type,6518,10,Prior Year Actual Budget
Discussion Thread Type,6518,11,Current Year Projected Budget
Discussion Thread Type,6518,12,Program Client Eligibility
Discussion Thread Type,6518,13,Program Documentation
Discussion Thread Type,6518,14,General Discussion
Grantee Enrollment Status,6519,0,Unknown
Grantee Enrollment Status,6519,10,Ineligible
Grantee Enrollment Status,6519,20,Pending Staff Review
Grantee Enrollment Status,6519,50,Pending Approval
Grantee Enrollment Status,6519,100,Enrolled
Grantee Enrollment Status,6519,200,Closed
Contact Log Contact Types,6533,1,Has been emailed
Contact Log Contact Types,6533,5,Email didn't send
Contact Log Contact Types,6533,10,Wants more info
Contact Log Contact Types,6533,15,Not enough info to contact
Contact Log Contact Types,6533,20,Lives somewhere else
Contact Log Contact Types,6533,25,Possible partnership
Contact Log Contact Types,6533,30,Contact later with volunteer position details
Contact Log Contact Types,6533,35,Interested in volunteer position
Contact Log Contact Types,6533,40,Interested in being a co-facilitator
Contact Log Contact Types,6533,45,Contact later with pledge information
Contact Log Contact Types,6533,50,Interested in becoming a donor
Contact Log Contact Types,6533,55,Payment status updated
Active Military Specifics,6535,1,One parent active duty
Active Military Specifics,6535,5,Both parents active duty
Active Military Specifics,6535,10,Parents are not on active military duty
Active Military Specifics,6535,15,One parent deployed
Active Military Specifics,6535,20,Both parents deployed
Active Military Specifics,6535,25,One parent disabled veteran
Active Military Specifics,6535,30,Both parents disabled veterans
Disability Services,6542,1,Not receiving services
Disability Services,6542,5,Applied Behavioral Analysis Therapy
Disability Services,6542,10,Autism Support Services
Disability Services,6542,15,Behavior Intervention Plan
Disability Services,6542,20,Classroom Goals Only
Disability Services,6542,25,PPCD 1/2 Day
Disability Services,6542,30,Orientation and Mobility
Disability Services,6542,35,Occupational Therapy
Disability Services,6542,40,Physical Therapy
Disability Services,6542,45,Special Education Consult
Disability Services,6542,50,Specialized Services Training
Disability Services,6542,55,Speech Only
Disability Services,6542,60,Speech and Occupational Therapy
Disability Services,6542,65,Vision Services
Original or Addendum,6543,1,Original
Original or Addendum,6543,2,Addendum
Active Status,6544,1,Active
Active Status,6544,2,Inactive
Homeless Specify,6546,1,Children sharing housing due to economic hardship or loss of housing
Homeless Specify,6546,5,"Child living in “motels, hotels. Trailer parks, or camp grounds due to lack of alternative accommodations"""
Homeless Specify,6546,10,Children living in “emergency or transitional shelters”
Homeless Specify,6546,15,Children “awaiting foster care placement”
Homeless Specify,6546,20,"Children whose primary nighttime residence is not ordinarily used as a regular sleeping accommodation (e.g. park benches, etc.)"
Homeless Specify,6546,25,"Child living in “cars, parks, public spaces, abandoned buildings, substandard housing, bus or train stations…”"
Donation Frequency,6550,0,One-time
Donation Frequency,6550,1,Monthly
Donation Frequency,6550,4,Quarterly
Donation Frequency,6550,12,Annually
Donor Contact Reason,6559,1,Donation
Donor Contact Reason,6559,5,Pledge
Donor Contact Reason,6559,10,Donor Sign Up
Donor Contact Reason,6559,15,Donor Opportunities
Contact Log Donor Contact Types,6560,1,Application Status
Contact Log Donor Contact Types,6560,5,Account Issues
Contact Log Donor Contact Types,6560,10,Pledge/Donation Status
Contact Log Donor Contact Types,6560,15,Interested in Opportunities
Contact Log Donor Contact Types,6560,20,Contacted about Opportuinites
Contact Log Donor Contact Types,6560,25,Wants Further Detail
Contact Log Donor Contact Types,6560,30,Looking to Register
Wait List Status HS,6561,1,New
Wait List Status HS,6561,5,Waitlisted
Wait List Status HS,6561,10,Accepted
Wait List Status HS,6561,15,Enrolled
Wait List Status HS,6561,20,Dropped
Wait List Status HS,6561,25,"Abandoned (moved, declined, etc)"
Wait List Status HS,6561,30,No show (does not count on PIR)
DeniedApproval,6564,1,User put false information on their application
DeniedApproval,6564,4,Extensive criminal history
DeniedApproval,6564,7,Negative report from Employer
DeniedApproval,6564,100,Other
United Way Standard Targets,6566,1,E1. Babies are born healthy
United Way Standard Targets,6566,5,E2. Young children live in safe nurturing environments
United Way Standard Targets,6566,10,E4. Young children demonstrate healthy development
United Way Standard Targets,6566,15,E3. Parent and/or caregivers of young children gain knowledge and skills in healthy development
United Way Standard Targets,6566,20,"E5. Students demonstrate success in core Subjects (Tests, Grades)"
United Way Standard Targets,6566,25,E6. Students demonstrate positive school behavior
United Way Standard Targets,6566,30,E7. Students demonstrate regular attendance
United Way Standard Targets,6566,35,E8. Students gain measurable skills in positive social functioning
United Way Standard Targets,6566,40,"E9. Teens graduate from highschool "
United Way Standard Targets,6566,45,E10. Children participate in safe academic or recreational structured after-school programming 3 or more hours per week
Job Training/School Exit HS,6568,1,"Completed a grade level in school, prior to high school graduation (e.g. 8th grade, 11th grade) "
Job Training/School Exit HS,6568,5,Completed high school or was awarded a GED during this program year
Job Training/School Exit HS,6568,10,Completed an associate degree during this program year
Job Training/School Exit HS,6568,15,Completed a baccalaureate or advanced degree during this program year
Job Training/School Exit HS,6568,20,"Completed a job training program, professional certificate, or license during the program year"
Time Frequency,6569,1,Hours
Time Frequency,6569,5,Days
Time Frequency,6569,10,Weeks
Time Frequency,6569,15,Months
Time Frequency,6569,20,Quarters
Time Frequency,6569,25,Years
Hierarchy Tables,6570,1,Client
Hierarchy Tables,6570,2,Service
Hierarchy Tables,6570,3,Assessment
Hierarchy Tables,6570,4,EnrollmentMember
Hierarchy Tables,6570,5,ChildEducation
Hierarchy Tables,6570,6,EntityContact
Hierarchy Tables,6570,7,CaseNotes
Hierarchy Tables,6570,8,EnrollmentServicePlan
Hierarchy Tables,6570,9,CaseManagerAssignment
Hierarchy Tables,6570,10,ChildEducationCourse
Hierarchy Tables,6570,11,ClientAddress
Hierarchy Tables,6570,12,Entity
Hierarchy Tables,6570,13,EntityContactPreference
Hierarchy Tables,6570,14,EntityCredentials
Hierarchy Tables,6570,15,EntityCredentialsExt
Hierarchy Tables,6570,16,EntityDemographic
Hierarchy Tables,6570,17,Family
Hierarchy Tables,6570,18,FamilyMember
Hierarchy Tables,6570,19,Files
Hierarchy Tables,6570,20,GoalStep
Hierarchy Tables,6570,21,Issue
Hierarchy Tables,6570,22,UserClientTime
Hierarchy Tables,6570,23,Time
Occurence Frequency (Grants Management),6573,1,Each (Once per client)
Occurence Frequency (Grants Management),6573,2,Weekly
Occurence Frequency (Grants Management),6573,3,Monthly (30 days)
Occurence Frequency (Grants Management),6573,4,Quarterly (120 days)
Occurence Frequency (Grants Management),6573,5,Semi-Annually (180 days)
Occurence Frequency (Grants Management),6573,6,Annually (365 days)
Occurence Frequency (Grants Management),6573,7,Within Two Years
Occurence Frequency (Grants Management),6573,8,Within Three Years
Occurence Frequency (Grants Management),6573,9,Within Four Years
Occurence Frequency (Grants Management),6573,10,Within Five Years
Occurence Frequency (Grants Management),6573,12,Other
Occurence Frequency (Grants Management),6573,13,At Entry
Occurence Frequency (Grants Management),6573,14,At Exit
Application Status HS,6582,-1,Other
Application Status HS,6582,1,Complete and Verified
Application Status HS,6582,5,"Complete, Needs Birth Certificate"
Application Status HS,6582,10,"Complete, Needs Income Verification"
Application Status HS,6582,15,"Complete, Needs Medical Info"
Application Status HS,6582,20,Departed Area/Moved
Application Status HS,6582,25,Incomplete
Application Status HS,6582,30,New online application
Application Status HS,6582,35,No transportation
Application Status HS,6582,40,Out of service area
Employment Years,6583,0,0 - Years
Employment Years,6583,1,1
Employment Years,6583,2,2
Employment Years,6583,6,6 - 10 Year
SPDAT 4.01 Mental Health Place Holder,6584,0,Mental Health 0
SPDAT 4.01 Mental Health Place Holder,6584,1,Mental Health 1
SPDAT 4.01 Mental Health Place Holder,6584,2,Mental Health 2
SPDAT 4.01 Mental Health Place Holder,6584,3,Mental Health 3
SPDAT 4.01 Mental Health Place Holder,6584,4,Mental Health 4
SPDAT 4.01 Physical Health Place Holder,6586,0,Physical Health 0
SPDAT 4.01 Physical Health Place Holder,6586,1,Physical Health 1
SPDAT 4.01 Physical Health Place Holder,6586,2,Physical Health 2
SPDAT 4.01 Physical Health Place Holder,6586,3,Physical Health 3
SPDAT 4.01 Physical Health Place Holder,6586,4,Physical Health 4
SPDAT 4.01 Medication Place Holder,6588,0,Medication 0
SPDAT 4.01 Medication Place Holder,6588,1,Medication 1
SPDAT 4.01 Medication Place Holder,6588,2,Medication 3
SPDAT 4.01 Medication Place Holder,6588,3,Medication 4
SPDAT 4.01 Medication Place Holder,6588,4,Medication 5
SPDAT 4.01 Substance Use Place Holder,6590,0,Substance Use 0
SPDAT 4.01 Substance Use Place Holder,6590,1,Substance Use 1
SPDAT 4.01 Substance Use Place Holder,6590,2,Substance Use 2
SPDAT 4.01 Substance Use Place Holder,6590,3,Substance Use 3
SPDAT 4.01 Substance Use Place Holder,6590,4,Substance Use 4
SPDAT 4.01 Abuse Place Holder,6592,0,Abuse 0
SPDAT 4.01 Abuse Place Holder,6592,1,Abuse 1
SPDAT 4.01 Abuse Place Holder,6592,2,Abuse 2
SPDAT 4.01 Abuse Place Holder,6592,3,Abuse 3
SPDAT 4.01 Abuse Place Holder,6592,4,Abuse 4
SPDAT 4.01 Risk Place Holder,6594,0,Risk 0
SPDAT 4.01 Risk Place Holder,6594,1,Risk 1
SPDAT 4.01 Risk Place Holder,6594,2,Risk 2
SPDAT 4.01 Risk Place Holder,6594,3,Risk 3
SPDAT 4.01 Risk Place Holder,6594,4,Risk 4
SPDAT 4.01Involvement in Risk,6596,0,Involvement in Risk 0
SPDAT 4.01Involvement in Risk,6596,1,Involvement in Risk 1
SPDAT 4.01Involvement in Risk,6596,2,Involvement in Risk 2
SPDAT 4.01Involvement in Risk,6596,3,Involvement in Risk 3
SPDAT 4.01Involvement in Risk,6596,4,Involvement in Risk 4
SPDAT 4.01 Emergency Place Holder,6598,0,Emergency 0
SPDAT 4.01 Emergency Place Holder,6598,1,Emergency 1
SPDAT 4.01 Emergency Place Holder,6598,2,Emergency 2
SPDAT 4.01 Emergency Place Holder,6598,3,Emergency 3
SPDAT 4.01 Emergency Place Holder,6598,4,Emergency 4
SPDAT 4.01 Legal Place Holder,6600,0,Legal 0
SPDAT 4.01 Legal Place Holder,6600,1,Legal 1
SPDAT 4.01 Legal Place Holder,6600,2,Legal 2
SPDAT 4.01 Legal Place Holder,6600,3,Legal 3
SPDAT 4.01 Legal Place Holder,6600,4,Legal 4
SPDAT 4.01 Managing Tenancy Place Holder,6602,0,Managing Tenancy 0
SPDAT 4.01 Managing Tenancy Place Holder,6602,1,Managing Tenancy 1
SPDAT 4.01 Managing Tenancy Place Holder,6602,2,Managing Tenancy 2
SPDAT 4.01 Managing Tenancy Place Holder,6602,3,Managing Tenancy 3
SPDAT 4.01 Managing Tenancy Place Holder,6602,4,Managing Tenancy 4
SPDAT 4.01 Money Place Holder,6604,0,Money 0
SPDAT 4.01 Money Place Holder,6604,1,Money 1
SPDAT 4.01 Money Place Holder,6604,2,Money 2
SPDAT 4.01 Money Place Holder,6604,3,Money 3
SPDAT 4.01 Money Place Holder,6604,4,Money 4
SPDAT 4.03 Relationships Place Holder,6606,0,Relationships 0
SPDAT 4.03 Relationships Place Holder,6606,1,Relationships 1
SPDAT 4.03 Relationships Place Holder,6606,2,Relationships 2
SPDAT 4.03 Relationships Place Holder,6606,3,Relationships 3
SPDAT 4.03 Relationships Place Holder,6606,4,Relationships 4
SPDAT 4.01 Self Care Place Holder,6608,0,Self Care 0
SPDAT 4.01 Self Care Place Holder,6608,1,Self Care 1
SPDAT 4.01 Self Care Place Holder,6608,2,Self Care 2
SPDAT 4.01 Self Care Place Holder,6608,3,Self Care 3
SPDAT 4.01 Self Care Place Holder,6608,4,Self Care 4
SPAT 4.01 Daily Activities Place Holder,6610,0,Daily Activities 0
SPAT 4.01 Daily Activities Place Holder,6610,1,Daily Activities 1
SPAT 4.01 Daily Activities Place Holder,6610,2,Daily Activities 2
SPAT 4.01 Daily Activities Place Holder,6610,3,Daily Activities 3
SPAT 4.01 Daily Activities Place Holder,6610,4,Daily Activities 4
SPDAT 4.01 Homelessness Place Holder,6612,0,Homelessness 0
SPDAT 4.01 Homelessness Place Holder,6612,1,Homelessness 1
SPDAT 4.01 Homelessness Place Holder,6612,2,Homelessness 2
SPDAT 4.01 Homelessness Place Holder,6612,3,Homelessness 3
SPDAT 4.01 Homelessness Place Holder,6612,4,Homelessness 4
Fam SPDAT 2.01 Mental Health Place Holder,6616,0,F Mental Health Place Holder0
Fam SPDAT 2.01 Mental Health Place Holder,6616,1,F Mental Health Place Holder 1
Fam SPDAT 2.01 Mental Health Place Holder,6616,2,F Mental Health Place Holder 2
Fam SPDAT 2.01 Mental Health Place Holder,6616,3,F Mental Health Place Holder 3
Fam SPDAT 2.01 Mental Health Place Holder,6616,4,F Mental Health Place Holder 4
Fam SPDAT 2.01 Mental Health Place Holder,6616,6,Other
Fam SPDAT 2.01 Physical Health Place Holder,6617,0,F Physical Health Place Holder 0
Fam SPDAT 2.01 Physical Health Place Holder,6617,1,F Physical Health Place Holder 1
Fam SPDAT 2.01 Physical Health Place Holder,6617,2,F Physical Health Place Holder 2
Fam SPDAT 2.01 Physical Health Place Holder,6617,3,F Physical Health Place Holder 3
Fam SPDAT 2.01 Physical Health Place Holder,6617,4,F Physical Health Place Holder 4
Fam SPDAT 2.01 Medication Place Holder,6618,0,F Medication Place Holder 0
Fam SPDAT 2.01 Medication Place Holder,6618,1,F Medication Place Holder 1
Fam SPDAT 2.01 Medication Place Holder,6618,2,F Medication Place Holder 2
Fam SPDAT 2.01 Medication Place Holder,6618,3,F Medication Place Holder 3
Fam SPDAT 2.01 Medication Place Holder,6618,4,F Medication Place Holder 4
Wait List Prioritization,6619,1,Eligibility points (highest first)
Wait List Prioritization,6619,2,Eligibility points (lowest first)
Wait List Prioritization,6619,3,"Application date (earliest first) "
Wait List Prioritization,6619,4,Last name
Wait List Prioritization,6619,5,Current age (oldest first)
Wait List Prioritization,6619,6,Class age (oldest first)
Wait List Prioritization,6619,7,"Class age (youngest first) "
Wait List Prioritization,6619,8,"Percent of poverty (lowest first) "
Wait List Prioritization,6619,9,"Eligibility income (lowest first) "
Wait List Prioritization,6619,10,Birth date (oldest first)
Wait List Prioritization,6619,11,Birth date (youngest first)
HS Wait List Report Columns,6621,1,Eligibility Points
HS Wait List Report Columns,6621,2,Name
HS Wait List Report Columns,6621,3,Client ID
HS Wait List Report Columns,6621,4,Application status
HS Wait List Report Columns,6621,5,Wait List Status
HS Wait List Report Columns,6621,6,Age
HS Wait List Report Columns,6621,7,Class Age
HS Wait List Report Columns,6621,8,Birthday
HS Wait List Report Columns,6621,9,Primary Language
HS Wait List Report Columns,6621,10,# in Family
HS Wait List Report Columns,6621,11,Eligibility Income
HS Wait List Report Columns,6621,12,% of Poverty
HS Wait List Report Columns,6621,13,Medicaid
HS Wait List Report Columns,6621,14,TANF
HS Wait List Report Columns,6621,15,SSI
Foster Adoption Application Type,6624,1,New
Foster Adoption Application Type,6624,2,Renewal
Foster Adoption Application Type,6624,3,Change of Address
Foster Adoption Application Type,6624,4,Increase in Capacity
Fam SPDAT 2.01 Substance Use Place Holder,6628,0,F Substance Use Place Holder 0
Fam SPDAT 2.01 Substance Use Place Holder,6628,1,F Substance Use Place Holder 1
Fam SPDAT 2.01 Substance Use Place Holder,6628,2,F Substance Use Place Holder 2
Fam SPDAT 2.01 Substance Use Place Holder,6628,3,F Substance Use Place Holder 3
Fam SPDAT 2.01 Substance Use Place Holder,6628,4,F Substance Use Place Holder 4
Fam SPDAT 2.01 Abuse Place Holder,6629,0,F Abuse Place Holder 0
Fam SPDAT 2.01 Abuse Place Holder,6629,1,F Abuse Place Holder 1
Fam SPDAT 2.01 Abuse Place Holder,6629,2,F Abuse Place Holder 2
Fam SPDAT 2.01 Abuse Place Holder,6629,3,F Abuse Place Holder 3
Fam SPDAT 2.01 Abuse Place Holder,6629,4,F Abuse Place Holder 4
Fam SPDAT 2.01 Risk of Harm Place Holder,6630,0,F Risk of Harm  Place Holder 0
Fam SPDAT 2.01 Risk of Harm Place Holder,6630,1,F Risk of Harm Place Holder 1
Fam SPDAT 2.01 Risk of Harm Place Holder,6630,2,F Risk of Harm Place Holder 2
Fam SPDAT 2.01 Risk of Harm Place Holder,6630,3,F Risk of Harm Place Holder 3
Fam SPDAT 2.01 Risk of Harm Place Holder,6630,4,F Risk of Harm Place Holder 4
Fam SPDAT 2.01 Involvement in Higher Risk Place Ho,6631,0,Involvement in Higher Risk Place Holder 0
Fam SPDAT 2.01 Involvement in Higher Risk Place Ho,6631,1,Involvement in Higher Risk Place Holder 1
Fam SPDAT 2.01 Involvement in Higher Risk Place Ho,6631,2,Involvement in Higher Risk Place Holder 2
Fam SPDAT 2.01 Involvement in Higher Risk Place Ho,6631,3,Involvement in Higher Risk Place Holder 3
Fam SPDAT 2.01 Involvement in Higher Risk Place Ho,6631,4,Involvement in Higher Risk Place Holder 4
Fam SPDAT 2.01 Emergency Services Place Holder,6632,0,F Emergency Services Place Holder 0
Fam SPDAT 2.01 Emergency Services Place Holder,6632,1,F Emergency Services Place Holder 1
Fam SPDAT 2.01 Emergency Services Place Holder,6632,2,F Emergency Services Place Holder 2
Fam SPDAT 2.01 Emergency Services Place Holder,6632,3,F Emergency Services Place Holder 3
Fam SPDAT 2.01 Emergency Services Place Holder,6632,4,F Emergency Services Place Holder 4
Fam SPDAT 2.01 Legal Place Holder,6633,0,F Legal Place Holder 0
Fam SPDAT 2.01 Legal Place Holder,6633,1,F Legal Place Holder 1
Fam SPDAT 2.01 Legal Place Holder,6633,2,F Legal Place Holder 2
Fam SPDAT 2.01 Legal Place Holder,6633,3,F Legal Place Holder 3
Fam SPDAT 2.01 Legal Place Holder,6633,4,F Legal Place Holder 4
Fam SPDAT 2.01Managing Tenancy Place Holder,6634,0,F Managing Tenancy Place Holder 0
Fam SPDAT 2.01Managing Tenancy Place Holder,6634,1,F Managing Tenancy Place Holder 1
Fam SPDAT 2.01Managing Tenancy Place Holder,6634,2,F Managing Tenancy Place Holder 2
Fam SPDAT 2.01Managing Tenancy Place Holder,6634,3,F Managing Tenancy Place Holder 3
Fam SPDAT 2.01Managing Tenancy Place Holder,6634,4,F Managing Tenancy Place Holder 4
Fam SPDAT 2.01 Money Place Holder,6635,0,F Money Place Holder 0
Fam SPDAT 2.01 Money Place Holder,6635,1,F Money Place Holder 1
Fam SPDAT 2.01 Money Place Holder,6635,2,F Money Place Holder 2
Fam SPDAT 2.01 Money Place Holder,6635,3,F Money Place Holder 3
Fam SPDAT 2.01 Money Place Holder,6635,4,F Money Place Holder 4
Fam SPDAT 2.01 Relationships Place Holder,6636,0,F Relationships Place Holder 0
Fam SPDAT 2.01 Relationships Place Holder,6636,1,F Relationships Place Holder 1
Fam SPDAT 2.01 Relationships Place Holder,6636,2,F Relationships Place Holder 2
Fam SPDAT 2.01 Relationships Place Holder,6636,3,F Relationships Place Holder 3
Fam SPDAT 2.01 Relationships Place Holder,6636,4,F Relationships Place Holder 4
Fam SPDAT 2.01 Self Care Place Holder,6637,0,F Self Care Place Holder 0
Fam SPDAT 2.01 Self Care Place Holder,6637,1,F Self Care Place Holder 1
Fam SPDAT 2.01 Self Care Place Holder,6637,2,F Self Care Place Holder 2
Fam SPDAT 2.01 Self Care Place Holder,6637,3,F Self Care Place Holder 3
Fam SPDAT 2.01 Self Care Place Holder,6637,4,F Self Care Place Holder 4
Fam SPDAT 2.01 Meaningful Daily Activity Place Hol,6638,0,F Meaningful Daily Activity Place Holder 0
Fam SPDAT 2.01 Meaningful Daily Activity Place Hol,6638,1,F Meaningful Daily Activity Place Holder 1
Fam SPDAT 2.01 Meaningful Daily Activity Place Hol,6638,2,F Meaningful Daily Activity Place Holder 2
Fam SPDAT 2.01 Meaningful Daily Activity Place Hol,6638,3,F Meaningful Daily Activity Place Holder 3
Fam SPDAT 2.01 Meaningful Daily Activity Place Hol,6638,4,F Meaningful Daily Activity Place Holder 4
Fam SPDAT 2.01 Homeless Place Holder,6639,0,F Homeless Place Holder 0
Fam SPDAT 2.01 Homeless Place Holder,6639,1,F Homeless Place Holder 1
Fam SPDAT 2.01 Homeless Place Holder,6639,2,F Homeless Place Holder 2
Fam SPDAT 2.01 Homeless Place Holder,6639,3,F Homeless Place Holder 3
Fam SPDAT 2.01 Homeless Place Holder,6639,4,F Homeless Place Holder 4
Fam SPDAT 2.01 Parental Engagement Place Holder,6640,0,F Parental Engagement Place Holder 0
Fam SPDAT 2.01 Parental Engagement Place Holder,6640,1,F Parental Engagement Place Holder 1
Fam SPDAT 2.01 Parental Engagement Place Holder,6640,2,F Parental Engagement Place Holder 2
Fam SPDAT 2.01 Parental Engagement Place Holder,6640,3,F Parental Engagement Place Holder 3
Fam SPDAT 2.01 Parental Engagement Place Holder,6640,4,F Parental Engagement Place Holder 4
Fam SPDAT 2.01 Stability Place Holder,6641,0,F Stability Place Holder 0
Fam SPDAT 2.01 Stability Place Holder,6641,1,F Stability Place Holder 1
Fam SPDAT 2.01 Stability Place Holder,6641,2,F Stability Place Holder 2
Fam SPDAT 2.01 Stability Place Holder,6641,3,F Stability Place Holder 3
Fam SPDAT 2.01 Stability Place Holder,6641,4,F Stability Place Holder 4
Fam SPDAT 2.01 Needs of Children Place Holder,6642,0,F Children Place Holder 0
Fam SPDAT 2.01 Needs of Children Place Holder,6642,1,F Children Place Holder 1
Fam SPDAT 2.01 Needs of Children Place Holder,6642,2,F Children Place Holder 2
Fam SPDAT 2.01 Needs of Children Place Holder,6642,3,F Children Place Holder 3
Fam SPDAT 2.01 Needs of Children Place Holder,6642,4,F Children Place Holder 4
Fam SPDAT 2.01 Family Size Place Holder,6643,0,F Family Size Place Holder 0
Fam SPDAT 2.01 Family Size Place Holder,6643,1,F Family Size Place Holder 1
Fam SPDAT 2.01 Family Size Place Holder,6643,2,F Family Size Place Holder 2
Fam SPDAT 2.01 Family Size Place Holder,6643,3,F Family Size Place Holder 3
Fam SPDAT 2.01 Family Size Place Holder,6643,4,F Family Size Place Holder 4
Fam SPDAT 2.01 CPS Place Holder,6644,0,F CPS Place Holder 0
Fam SPDAT 2.01 CPS Place Holder,6644,1,F CPS Place Holder 1
Fam SPDAT 2.01 CPS Place Holder,6644,2,F CPS Place Holder 2
Fam SPDAT 2.01 CPS Place Holder,6644,3,F CPS Place Holder 3
Fam SPDAT 2.01 CPS Place Holder,6644,4,F CPS Place Holder 4
Inspection Phases,6663,1,Home Visit
Inspection Phases,6663,2,Follow Up Visit
Youth SPDAT 1.0 Mental Health Place Holder,6673,0,Mental Health Place Holder 0
Youth SPDAT 1.0 Mental Health Place Holder,6673,1,Mental Health Place Holder 1
Youth SPDAT 1.0 Mental Health Place Holder,6673,2,Mental Health Place Holder 2
Youth SPDAT 1.0 Mental Health Place Holder,6673,3,Mental Health Place Holder 3
Youth SPDAT 1.0 Mental Health Place Holder,6673,4,Mental Health Place Holder 4
Youth SPDAT 1.0 Physical Health Place Holder,6674,0,Physical Health Place Holder 0
Youth SPDAT 1.0 Physical Health Place Holder,6674,1,Physical Health Place Holder 1
Youth SPDAT 1.0 Physical Health Place Holder,6674,2,Physical Health Place Holder 2
Youth SPDAT 1.0 Physical Health Place Holder,6674,3,Physical Health Place Holder 3
Youth SPDAT 1.0 Physical Health Place Holder,6674,4,Physical Health Place Holder 4
Youth SPDAT 1.0 Medication Place Holder,6675,0,Medication Place Holder 0
Youth SPDAT 1.0 Medication Place Holder,6675,1,Medication Place Holder 1
Youth SPDAT 1.0 Medication Place Holder,6675,2,Medication Place Holder 2
Youth SPDAT 1.0 Medication Place Holder,6675,3,Medication Place Holder 3
Youth SPDAT 1.0 Medication Place Holder,6675,4,Medication Place Holder 4
Youth SPDAT 1.0 Substance Use Place Holder,6676,0,Substance Use Place Holder 0
Youth SPDAT 1.0 Substance Use Place Holder,6676,1,Substance Use Place Holder 1
Youth SPDAT 1.0 Substance Use Place Holder,6676,2,Substance Use Place Holder 2
Youth SPDAT 1.0 Substance Use Place Holder,6676,3,Substance Use Place Holder 3
Youth SPDAT 1.0 Substance Use Place Holder,6676,4,Substance Use Place Holder 4
Youth SPDAT 1.0 Abuse Place Holder,6677,0,Abuse Place Holder 0
Youth SPDAT 1.0 Abuse Place Holder,6677,1,Abuse Place Holder 1
Youth SPDAT 1.0 Abuse Place Holder,6677,2,Abuse Place Holder 3
Youth SPDAT 1.0 Abuse Place Holder,6677,3,Abuse Place Holder 4
Youth SPDAT 1.0 Abuse Place Holder,6677,4,Abuse Place Holder 5
Youth SPDAT 1.0 Harm Risk Place Holder,6678,0,Harm Risk 0
Youth SPDAT 1.0 Harm Risk Place Holder,6678,1,Harm Risk 1
Youth SPDAT 1.0 Harm Risk Place Holder,6678,2," Harm Risk 2"
Youth SPDAT 1.0 Harm Risk Place Holder,6678,3,Harm Risk 3
Youth SPDAT 1.0 Harm Risk Place Holder,6678,4,Harm Risk 4
Youth SPDAT 1.0 Risky Situations Place Holder,6679,0,Risky Situations Place Holder 0
Youth SPDAT 1.0 Risky Situations Place Holder,6679,1,Risky Situations Place Holder 1
Youth SPDAT 1.0 Risky Situations Place Holder,6679,2,Risky Situations Place Holder 2
Youth SPDAT 1.0 Risky Situations Place Holder,6679,3,Risky Situations Place Holder 3
Youth SPDAT 1.0 Risky Situations Place Holder,6679,4,Risky Situations Place Holder 4
Youth SPDAT 1.0 Emergency Services Place Holder,6680,0,Emergency Services Place Holder 0
Youth SPDAT 1.0 Emergency Services Place Holder,6680,1,Emergency Services Place Holder 1
Youth SPDAT 1.0 Emergency Services Place Holder,6680,2,Emergency Services Place Holder 2
Youth SPDAT 1.0 Emergency Services Place Holder,6680,3,Emergency Services Place Holder 3
Youth SPDAT 1.0 Emergency Services Place Holder,6680,4,Emergency Services Place Holder 4
Youth SPDAT 1.0 Legal Place Holder,6681,0,Legal Place Holder 0
Youth SPDAT 1.0 Legal Place Holder,6681,1,Legal Place Holder 1
Youth SPDAT 1.0 Legal Place Holder,6681,2,Legal Place Holder 2
Youth SPDAT 1.0 Legal Place Holder,6681,3,Legal Place Holder 3
Youth SPDAT 1.0 Legal Place Holder,6681,4,Legal Place Holder 4
Youth SPDAT 1.0 Tenancy Place Holder,6682,0,Tenancy Place Holder 0
Youth SPDAT 1.0 Tenancy Place Holder,6682,1,Tenancy Place Holder 1
Youth SPDAT 1.0 Tenancy Place Holder,6682,2,Tenancy Place Holder 2
Youth SPDAT 1.0 Tenancy Place Holder,6682,3,Tenancy Place Holder 3
Youth SPDAT 1.0 Tenancy Place Holder,6682,4,Tenancy Place Holder 4
Youth SPDAT 1.0 Money Place Holder,6683,0,Money Place Holder 0
Youth SPDAT 1.0 Money Place Holder,6683,1,Money Place Holder 1
Youth SPDAT 1.0 Money Place Holder,6683,2,Money Place Holder 2
Youth SPDAT 1.0 Money Place Holder,6683,3,Money Place Holder 3
Youth SPDAT 1.0 Money Place Holder,6683,4,Money Place Holder 4
Youth SPDAT 1.0 Relationships Place Holder,6684,0,Relationships Place Holder 0
Youth SPDAT 1.0 Relationships Place Holder,6684,1,Relationships Place Holder 1
Youth SPDAT 1.0 Relationships Place Holder,6684,2,Relationships Place Holder 2
Youth SPDAT 1.0 Relationships Place Holder,6684,3,Relationships Place Holder 3
Youth SPDAT 1.0 Relationships Place Holder,6684,4,Relationships Place Holder 4
Youth SPDAT 1.0 Self Care Place Holder,6685,0,Self Care Place Holder 0
Youth SPDAT 1.0 Self Care Place Holder,6685,1,Self Care Place Holder 1
Youth SPDAT 1.0 Self Care Place Holder,6685,2,Self Care Place Holder 2
Youth SPDAT 1.0 Self Care Place Holder,6685,3,Self Care Place Holder 3
Youth SPDAT 1.0 Self Care Place Holder,6685,4,Self Care Place Holder 4
Youth SPDAT 1.0 Daily Activity Place Holder,6686,0,Daily Activity Place Holder 0
Youth SPDAT 1.0 Daily Activity Place Holder,6686,1,Daily Activity Place Holder 1
Youth SPDAT 1.0 Daily Activity Place Holder,6686,2,Daily Activity Place Holder 2
Youth SPDAT 1.0 Daily Activity Place Holder,6686,3,Daily Activity Place Holder 3
Youth SPDAT 1.0 Daily Activity Place Holder,6686,4,Daily Activity Place Holder 4
Youth SPDAT 1.0 Homeless Place Holder,6687,0,Homeless Place Holder 0
Youth SPDAT 1.0 Homeless Place Holder,6687,1,Homeless Place Holder 1
Youth SPDAT 1.0 Homeless Place Holder,6687,2,Homeless Place Holder 2
Youth SPDAT 1.0 Homeless Place Holder,6687,3,Homeless Place Holder 3
Youth SPDAT 1.0 Homeless Place Holder,6687,4,Homeless Place Holder 4
MergeSyncType21,6688,1,"4:Replace existing data with new, merged values for EntityID, EnrollmentID, and FamilyID"
MergeSyncType21,6688,7,"4a:Replace existing data with new, merged values for ContextID, EnrollmentID, and FamilyID"
MergeSyncType21,6688,11,"3:Replace existing data with new, merged values for EntityID and FamilyID"
MergeSyncType21,6688,17,"3a:Replace existing data with new, merged values for ContextID and FamilyID"
MergeSyncType21,6688,21,"2:Replace existing data with new, merged values for EntityID and EnrollmentID"
MergeSyncType21,6688,27,"2a:Replace existing data with new, merged values for ContextID and EnrollmentID"
MergeSyncType21,6688,51,"1:Replace existing EntityID with new, merged value for Client.EntityID"
MergeSyncType21,6688,57,"1a:Replace existing ContextID with new, merged value for Client.EntityID"
MergeSyncType21,6688,81,"Table is used in portal and stores client data "
MergeSyncType21,6688,91,"Table does not contain EntityID, FamilyID, or EnrollmentID and will not be included in the merge process"
MergeSyncType21,6688,96,"Table contains entity history or client accounts, will not be included in the merge process, and will be deleted after the merge"
MergeSyncType21,6688,97,"Data in this table belongs to Family A’s enrollment, not to the client, and will not be included in the merge process"
MergeSyncType21,6688,99,Client Demographic Info not Sync (Do Not Use)
SPDAT Versions,6689,1,1
SPDAT Versions,6689,2,2
Course Test Types,6690,1,Quiz
Course Test Types,6690,2,Test
Course Test Types,6690,3,Exam
Course Test Types,6690,4,Mid-term
Course Test Types,6690,5,Final
Course Test Types,6690,6,Other
Frequency in Minutes,6691,1,15 minutes
Frequency in Minutes,6691,2,30 minutes
Frequency in Minutes,6691,3,45 minutes
Frequency in Minutes,6691,4,1 hour (60 Minutes)
Frequency in Minutes,6691,5,1 hour & 15 minutes (75 Minutes)
Frequency in Minutes,6691,6,1 hour & 30 minutes (90 Minutes)
Frequency in Minutes,6691,7,1 hour & 45 minutes (105 Minutes)
Frequency in Minutes,6691,25,Vocational Hours
Frequency in Minutes,6691,40,Daily
Foster Care Mobility Status,6713,1,Takes bus on their own
Foster Care Mobility Status,6713,3,Provider to transport
Foster Care Mobility Status,6713,5,Ridesource
School Districts,6714,1,Radnor Township
School Districts,6714,2,Community High
School Districts,6714,3,Lexington Public
School Districts,6714,4,Broomfield Hills
RentOrOwn,6715,1,Rent
RentOrOwn,6715,2,Own
RentOrOwn,6715,5,Data not collected
PetTypes,6716,1,Cat
PetTypes,6716,2,Dog
PetTypes,6716,10,Other
Home's Physical Features,6717,1,Public water system
Home's Physical Features,6717,3,Public sewer
Home's Physical Features,6717,5,Septic tank
Home's Physical Features,6717,7,Garbage service
Home's Physical Features,6717,9,Well water
Home's Physical Features,6717,11,Swimming pool
Home's Physical Features,6717,13,Wood or stove fireplace
Home's Physical Features,6717,15,Two Story home
Home's Physical Features,6717,17,Outside stairs
Home's Physical Features,6717,19,Inside stairs
Home's Physical Features,6717,21,Access tub
Home's Physical Features,6717,23,Access shower
Home's Physical Features,6717,25,Grab bars
Home's Physical Features,6717,27,Bedroom door alarm
Home's Physical Features,6717,29,Fenced back yard
Home's Physical Features,6717,31,Fenced front yard
Home's Physical Features,6717,33,Lockable gate
Home's Physical Features,6717,35,Adaptive alarm
Home's Physical Features,6717,37,Home hardened
Second Means of Exit - Housing,6718,1,Window
Second Means of Exit - Housing,6718,10,Other
WaitList Launch Form Grouping,6719,1,None
WaitList Launch Form Grouping,6719,2,Site
WaitList Launch Form Grouping,6719,3,Classroom
Foster Care Adoption Disrupt Reason,6724,1,Child Abuse or Neglect (CA/N) Investigation
Foster Care Adoption Disrupt Reason,6724,2,Inpatient hospitalization needed (medical)
Foster Care Adoption Disrupt Reason,6724,3,Inpatient hospitalization needed (mental health)
Foster Care Adoption Disrupt Reason,6724,4,Juvenile Justice System involvement
Foster Care Adoption Disrupt Reason,6724,5,Placement Requested Move/Inability to Meet Child's Needs
Foster Care Adoption Disrupt Reason,6724,6,Other - Court ordered
Foster Care Adopt Expiration Reason,6725,-1,Other
Foster Care Adopt Expiration Reason,6725,1,Change in Level of Care Needed
Foster Care Adopt Expiration Reason,6725,2,Permanency
Foster Care Adopt Expiration Reason,6725,3,Placement Disruption
Foster Care Adoption Placement Type,6726,1,Emergency Foster Placement
Foster Care Adoption Placement Type,6726,2,Non-Emergency Foster Placement
Foster Care Adoption Placement Type,6726,3,Adoption Placement
Foster Care Adoption Placement Type,6726,4,Foster to Adopt Placement
Enrollment SubStatus,6728,10,Ineligible
Enrollment SubStatus,6728,20,Application and Orientation
Enrollment SubStatus,6728,30,Pending Certification
Enrollment SubStatus,6728,31,Certified: Accepting Referrals
Enrollment SubStatus,6728,32,Certified: Not Accepting Referrals
Enrollment SubStatus,6728,40,Inactive
Enrollment SubStatus,6728,41,Closed
Enrollment SubStatus,6728,42,Opt Out
Test,6734,1,Test
steph - delete,6735,1,test
1 5 10 15,6738,1,1
1 5 10 15,6738,5,5
1 5 10 15,6738,10,10
1 5 10 15,6738,15,15
1 5 10 15,6738,20,20
1 5 10 15,6738,25,25
1 5 10 15,6738,30,30
1 5 10 15,6738,35,35
1 5 10 15,6738,40,40
1 5 10 15,6738,45,45
1 5 10 15,6738,50,50
1 5 10 15,6738,55,55
1 5 10 15,6738,60,60
1 5 10 15,6738,65,65
1 5 10 15,6738,70,70
1 5 10 15,6738,75,75
1 5 10 15,6738,80,80
1 5 10 15,6738,85,85
1 5 10 15,6738,90,90
1 5 10 15,6738,95,95
Pass/Fail/Awaiting/Not Required,6740,1,Pass
Pass/Fail/Awaiting/Not Required,6740,2,Fail
Pass/Fail/Awaiting/Not Required,6740,6,Awaiting Results
Pass/Fail/Awaiting/Not Required,6740,7,Not Required
Pledge Contract Type,6748,1,Contract
Pledge Contract Type,6748,3,Pledge Form
Pledge Contract Type,6748,5,Letter of Intent
Pledge Contract Type,6748,6,Pledge Match
Pledge Contract Type,6748,9,Other
Donor Type,6749,1,Corporate Foundation
Donor Type,6749,3,Faith Community
Donor Type,6749,5,Government Agency
Donor Type,6749,6,Household
Donor Type,6749,7,Individual
Bereavement Housing Statua,6750,1,Homeless
Bereavement Housing Statua,6750,5,Living w/someone
Bereavement Housing Statua,6750,10,Own / Rent
Bereavement Housing Statua,6750,15,Other
Case Manager Signatory Roles,6751,1,Case Manager
Case Manager Signatory Roles,6751,2,Supervisor
Case Manager Signatory Roles,6751,6,Program Supervisor
Case Manager Signatory Roles,6751,7,Volunteer
Case Manager Signatory Roles,6751,10,Staff
Case Manager Signatory Roles,6751,19,Clinical Therapist
Case Manager Signatory Roles,6751,20,Support Coordinator
Case Manager Signatory Roles,6751,22,Program Manager
Case Manager Signatory Roles,6751,23,Direct Care Professional
Case Manager Signatory Roles,6751,24,Employment Specialist
Case Manager Signatory Roles,6751,25,Other
DispositionType,6752,1,Burial - Family
DispositionType,6752,2,Burial - No Family
DispositionType,6752,3,Cremation - No Family
DispositionType,6752,4,Private
DispositionType,6752,5,Pick Up / Private
DispositionType,6752,6,Ineligible
DispositionType,6752,7,Cremation - Family
Donation Status,6753,1,Complete
Donation Status,6753,2,Open
Donation Status,6753,4,Canceled
Donation Status,6753,5,Potential
Donation Contact Type,6754,1,Emailed
Donation Contact Type,6754,3,Called
Donation Contact Type,6754,5,Mailing Campaign
Donation Contact Type,6754,7,Face to Face
Donation Contact Type,6754,9,Event
Donation Contact Type,6754,25,Other
Donation Events/Areas,6755,1,Annual Application
Donation Events/Areas,6755,2,Multi-Year
Donation Events/Areas,6755,3,Gala
Donation Events/Areas,6755,4,General
Donor Fund Type,6756,1,Private
Donor Fund Type,6756,2,Public
Donor Fund Type,6756,3,Church
Donor Fund Type,6756,4,Anonymous
Donor Fund Type,6756,6,None
Donor Fund Type,6756,25,Other
Donor Active Status,6757,1,Active
Donor Active Status,6757,2,Potential
Donor Active Status,6757,3,Inactive
Provider Contact Address Type,6758,1,Primary Address
Provider Contact Address Type,6758,2,Secondary Address
Provider Contact Address Type,6758,3,Previous Address
SupportCustomerStatus,6759,1,Open
SupportCustomerStatus,6759,2,Resolved
SupportCustomerStatus,6759,3,Code Migration Process
SupportCustomerStatus,6759,4,Customer Action Required
Address Location Types,6760,1,Home
Address Location Types,6760,2,Work
Address Location Types,6760,3,Vacation
Address Location Types,6760,4,Other
Pledge/Donation,6762,1,Pledge
Pledge/Donation,6762,2,Donation
Department (Expense Report),6765,1,"Sales "
Department (Expense Report),6765,5,Marketing
Department (Expense Report),6765,10,Professional Services
Department (Expense Report),6765,15,Administrative
Department (Expense Report),6765,20,Support
Department (Expense Report),6765,25,Analyst
Department (Expense Report),6765,30,"Quality Assurance "
Department (Expense Report),6765,35,Documentation
Ethnicity Sub-Group,6766,1,"Mexican, Mexican American, Chicano/a"
Ethnicity Sub-Group,6766,2,Puerto Rican
Ethnicity Sub-Group,6766,3,Cuban
Ethnicity Sub-Group,6766,4,"Another Hispanic, Latino/a or Spanish origin"
Contact/Group,6767,4,Group
Contact/Group,6767,5,Contact
Race Sub-Group,6769,1,Asian Indian
Race Sub-Group,6769,2,Chinese
Race Sub-Group,6769,3,Filipino
Race Sub-Group,6769,4,Japanese
Race Sub-Group,6769,5,Korean
Race Sub-Group,6769,6,Vietnamese
Race Sub-Group,6769,7,Other Asian
Race Sub-Group,6769,8,Native Hawaiian
Race Sub-Group,6769,9,Guamanian or Chamorro
Race Sub-Group,6769,10,Other Pacific Islander
Race Sub-Group,6769,11,Samoan
NHPI Sub-Group,6770,1,Native Hawaiian
NHPI Sub-Group,6770,2,Guamanian or Chamorro
NHPI Sub-Group,6770,3,Samoan
NHPI Sub-Group,6770,4,Other Pacific Islander
HIV Enroll Status,6771,1,Active
HIV Enroll Status,6771,2,Referred or discharged
HIV Enroll Status,6771,3,Removed
HIV Enroll Status,6771,4,Incarcerated
HIV Enroll Status,6771,5,Relocated
HIV Enroll Status,6771,6,Deceased
HIV Enroll Status,6771,7,Unknown
HIV Enroll Status,6771,12,Alive
HIV Housing Status,6772,1,"Renting and living in an unsubsidized room, house, or apartment."
HIV Housing Status,6772,2,Owning and living in an unsubsidized house or apartment.
HIV Housing Status,6772,3,Unsubsidized permanent placement with families or other self-sufficient arrangements.
HIV Housing Status,6772,4,"Housing Opportunities for Persons with AIDS (HOPWA)-funded housing assistance, including Tenant-Based Rental Assistance (TBRA) or Facility-Based Housing Assistance, but not including the Short-Term Rent, Mortgage and Utility (STRMU) Assistance Program."
HIV Housing Status,6772,5,"Subsidized, non-HOPWA, house or apartment, including Section 8, the HOME Investment Partnerships Program, and Public Housing"
HIV Housing Status,6772,6,"Permanent housing for formerly homeless persons, including Shelter Plus Care, the Supportive Housing Program (SHP), and the Moderate Rehabilitation Program for SRO Dwellings (SRO Mod Rehab)."
HIV Housing Status,6772,7,"Institutional setting with greater support and continued residence expected (psychiatric hospital or other psychiatric facility, foster care home or foster care group home, or other residence or long-term care facility)."
HIV Housing Status,6772,8,Transitional housing for homeless people.
HIV Housing Status,6772,9,Temporary arrangement to stay or live with family or friends.
HIV Housing Status,6772,10,Other temporary arrangement such as a Ryan White Program housing subsidy.
HIV Housing Status,6772,11,"Temporary plcement in an institution (e.g., hospital, psychiatric hospital or other psychiatric facility, substance abuse treatment facility, or detoxification center). "
HIV Housing Status,6772,12,Hotel or motel paid for without emergency shelter voucher.
HIV Housing Status,6772,13,"Emergency shelter, a public or private place not designed for, or ordinarily used as, a regular sleeping accommodation for human beings, including a vehicle, an abandoned building, a bus/train/subway station/airport, or anywhere outside."
HIV Housing Status,6772,14,"Jail, prison, or a juvenile detention facility."
HIV Housing Status,6772,15,Hotel or motel paid for with emergency shelter voucher
Caregiver Type,6776,1,Primary
Caregiver Type,6776,2,Secondary
Caregiver Type,6776,3,Other Adult
Medical Test Source,6778,1,Lab
Medical Test Source,6778,2,Doctor
Medical Test Source,6778,3,Self-reported
Donation Received Payment,6779,1,Received Payment
Donation Received Payment,6779,2,Waiting on Payment
Donation Received Payment,6779,3,Canceled
Donation Received Payment,6779,4,Received from Broker
Left Operand,6781,1,Columns
CSBG Report Assessment Type,6783,1,Begin/Earliest Assessment
CSBG Report Assessment Type,6783,2,Latest Assessment
Customer Issue Update Status,6784,5,Updated
Customer Issue Update Status,6784,20,Closed
favorite sport,6786,1,Basketball
favorite sport,6786,2,Football
favorite sport,6786,3,Baseball
Approval Date Type,6787,1,Reference Date
Entity Goal Responsible Party,6788,1,Self
Entity Goal Responsible Party,6788,2,Supervisor
Progress Against Goal/Step,6789,0,No Progress/Negative
Progress Against Goal/Step,6789,1,No Progress/Positive
Progress Against Goal/Step,6789,2,Declined
Progress Against Goal/Step,6789,3,Progressing
Billing Terms,6790,1,100% Billing upon contract execution
Billing Terms,6790,2,50% Down - Milestone Billings
Billing Terms,6790,3,50% Down - 12 Monthly Billings
Billing Terms,6790,4,50% Down - 6 Bi-monthly billings
Billing Terms,6790,5,50% Down - Quarterly Billings
Billing Terms,6790,25,Other
Donation Payment Types,6793,1,Cash
Donation Payment Types,6793,3,Money Order
Donation Payment Types,6793,5,Check
Donation Payment Types,6793,6,Stock
Donation Payment Types,6793,7,Credit Card
Donation Payment Types,6793,9,Write-off
Donation Payment Types,6793,10,Refund Service
Baby Foods Fuit,6795,1,Apples
Baby Foods Fuit,6795,2,Bananas
Baby Foods Fuit,6795,3,Pears
Baby Foods Fuit,6795,4,Peaches
Baby Foods Fuit,6795,5,Prunes
Baby Foods Fuit,6795,6,Strawberry
Baby Foods Fuit,6795,7,Oranges
Baby Foods Fuit,6795,8,Berries
Baby Foods Fuit,6795,9,Apricot
Baby Foods Vegetables,6796,10,Peas
Baby Foods Vegetables,6796,11,Green Beans
Baby Foods Vegetables,6796,12,Carrots
Baby Foods Vegetables,6796,14,Squash
Baby Foods Vegetables,6796,15,Potatoes
Baby Foods Vegetables,6796,16,Sweet Potatoes
Baby Foods Vegetables,6796,17,Mixed Veggies
Baby Foods Meat,6797,17,Turkey
Baby Foods Meat,6797,18,Chicken
Baby Foods Meat,6797,19,Beef
Baby Foods Meat,6797,20,Ham
Baby Foods Meat,6797,21,Veal
Baby Foods Dairy,6800,29,Cheese
Baby Foods Dairy,6800,30,Yogurt
Baby Foods Dairy,6800,31,Eggs
Baby Foods Bread/Cereal,6801,22,Oatmeal
Baby Foods Bread/Cereal,6801,23,Rice Cereal
Baby Foods Bread/Cereal,6801,24,Wheat Cereal
Baby Foods Bread/Cereal,6801,25,Mixed Cereal
Baby Foods Bread/Cereal,6801,26,Bread
Baby Foods Bread/Cereal,6801,27,Crackers
Baby Foods Bread/Cereal,6801,28,Cheerios
Copy of Copy of Baby Foods Vegetables,6802,1,Apples
Copy of Copy of Baby Foods Vegetables,6802,2,Bananas
Copy of Copy of Baby Foods Vegetables,6802,3,Pears
Copy of Copy of Baby Foods Vegetables,6802,4,Peaches
Copy of Copy of Baby Foods Vegetables,6802,5,Prunes
Copy of Copy of Baby Foods Vegetables,6802,6,Strawberry
Copy of Copy of Baby Foods Vegetables,6802,7,Oranges
Copy of Copy of Baby Foods Vegetables,6802,8,Berries
Copy of Copy of Baby Foods Vegetables,6802,9,Apricot
Copy of Copy of Baby Foods Vegetables,6802,10,Peas
Copy of Copy of Baby Foods Vegetables,6802,11,Green Beans
Copy of Copy of Baby Foods Vegetables,6802,12,Carrots
Copy of Copy of Baby Foods Vegetables,6802,14,Squash
Copy of Copy of Baby Foods Vegetables,6802,15,Potatoes
Copy of Copy of Baby Foods Vegetables,6802,16,Mixed Vegetables24
Copy of Copy of Baby Foods Vegetables,6802,17,Turkey
Copy of Copy of Baby Foods Vegetables,6802,18,Chicken
Copy of Copy of Baby Foods Vegetables,6802,19,Beef
Copy of Copy of Baby Foods Vegetables,6802,20,Ham
Copy of Copy of Baby Foods Vegetables,6802,21,Veal
Copy of Copy of Baby Foods Vegetables,6802,22,Oatmeal
Copy of Copy of Baby Foods Vegetables,6802,23,Rice Cereal
Copy of Copy of Baby Foods Vegetables,6802,24,Wheat Cereal
Copy of Copy of Baby Foods Vegetables,6802,25,Mixed Cereal
Copy of Copy of Baby Foods Vegetables,6802,26,Bread
Copy of Copy of Baby Foods Vegetables,6802,27,Crackers
Copy of Copy of Baby Foods Vegetables,6802,28,Cheerios
Copy of Copy of Baby Foods Vegetables,6802,29,Cheese
Copy of Copy of Baby Foods Vegetables,6802,30,Yogurt
Copy of Copy of Baby Foods Vegetables,6802,31,Eggs
Copy of Copy of Baby Foods Vegetables,6802,32,Fruits
Infant Age Group,6803,1,Birth - 3 months
Infant Age Group,6803,2,4 - 7 months
Infant Age Group,6803,3,8 - 11 months
Infant Feeding Preferences Milk,6804,1,I will bring expressed breastmilk for my infant.
Infant Feeding Preferences Milk,6804,2,I want the center to provide the infant formula for my infant.
Infant Feeding Preferences Milk,6804,3,I will bring the infant formula for my infant.
Infant Food Preferences,6805,1,I want the center to provide the infant cereal and other foods for my infant.
Infant Food Preferences,6805,2,I will bring the infant cereal and/or other foods for my infant.
Payment Transaction Type,6808,1,Sale
Payment Transaction Type,6808,2,Refund
Payment Transaction Status,6809,1,Approved
Payment Transaction Status,6809,2,Declined
Payment Transaction Status,6809,3,Invalid Credit Card Number
Payment Transaction Status,6809,4,Processor Declined
Payment Transaction Status,6809,5,Gateway Rejected: duplicate
Diaper Check,6810,1,Urine
Diaper Check,6810,2,BM
Phase Evaluation - Work Therapy,6811,1,Emergency Shelter to Phase 1
Phase Evaluation - Work Therapy,6811,2,Phase 1 to Phase 2
Phase Evaluation - Work Therapy,6811,3,Phase 2 to Phase 3
Phase Evaluation - Work Therapy,6811,4,Phase 3 to Phase 4
Phase Evaluation - Work Therapy,6811,5,Phase 4 to Phase 5
Phase Evaluation - Work Therapy,6811,6,Phase 5 to Phase Commencement
Work Therapy Final Decision,6815,1,Phase Progression
Work Therapy Final Decision,6815,2,Phase Extension
Work Therapy Final Decision,6815,3,Program Termination
Infant Meal Food Type,6816,1,Breast Milk
Infant Meal Food Type,6816,2,Formula
Infant Meal Food Type,6816,3,Infant Cereal
Infant Meal Food Type,6816,4,Fruit
Infant Meal Food Type,6816,5,Vegetable
Infant Meal Food Type,6816,6,Meat
Infant Meal Food Type,6816,7,Fish
Infant Meal Food Type,6816,8,Poultry
Infant Meal Food Type,6816,9,Egg Yolk
Infant Meal Food Type,6816,10,Cooked Dry Beans
Infant Meal Food Type,6816,11,Beans
Infant Meal Food Type,6816,12,Peas
Infant Meal Food Type,6816,13,Cheese
Infant Meal Food Type,6816,14,Cottage Cheese
Infant Meal Food Type,6816,15,Cheese Spread
Infant Meal Food Type,6816,16,Cheese Food
Infant Meal Food Type,6816,17,Bread
Infant Meal Food Type,6816,18,Crackers
Work Therapy Evaluator,6817,1,Case Manager
Work Therapy Evaluator,6817,2,Program Teacher
Work Therapy Evaluator,6817,3,Counselor
Work Therapy Evaluator,6817,4,Work Therapy
Work Therapy Evaluator,6817,5,HOH Teen
Work Therapy Evaluator,6817,6,HOH Kids
Work Therapy Evaluation Rating Guide,6818,1,Unsatisfactory Performance
Work Therapy Evaluation Rating Guide,6818,2,Some Improvements Needed
Work Therapy Evaluation Rating Guide,6818,3,Meets Performance Requirements
Work Therapy Evaluation Rating Guide,6818,4,Exceeds Performance Requirements
Work Therapy Evaluation Rating Guide,6818,5,Outstanding Performance
Work Therapy Evaluation Rating Guide - guide,6820,1,<b>1 - Unsatisfactory Performance</b><br>Performance did not meet overall requirements and must be improved.</br>
Work Therapy Evaluation Rating Guide - guide,6820,2,<b>2 - Some Improvements Needed</b><br>Performance met most requirements but was marginal in some areas which will require improvement.</br>
Work Therapy Evaluation Rating Guide - guide,6820,3,<b>3 - Meets Performance Requirements</b><br>Performance met overall requirements.</br>
Work Therapy Evaluation Rating Guide - guide,6820,4,<b>4 - Exceeds Performance Requirements</b><br>Performance at times exceeded requirements in most areas.</br>
Work Therapy Evaluation Rating Guide - guide,6820,5,<b>5 - Outstanding Performance</b><br>Performance was excellent and nearly always exceeded requirements in most areas.</br>
Issue Change Type,6835,1,Baseline
Issue Change Type,6835,2,Custom
By Name List Prioritization,6843,1,VI-SPDAT Score (highest)
By Name List Prioritization,6843,2,DOB (youngest)
By Name List Prioritization,6843,3,DOB (oldest)
By Name List Prioritization,6843,4,Date of first engagement (most recent)
By Name List Prioritization,6843,5,Date of first engagement (oldest)
By Name List Prioritization,6843,6,Chronically homeless
By Name List Prioritization,6843,7,Disabled
By Name List Prioritization,6843,8,Veteran
By Name List Prioritization,6843,9,Date of last contact (most recent)
By Name List Prioritization,6843,10,Date of last contact (oldest)
By Name List Prioritization,6843,11,Number of homeless episodes (highest)
By Name List Prioritization,6843,12,Cumulative lengh of homeless episodes (highest)
By Name List Prioritization,6843,13,"VI-SPDAT type (family, individual, youth)"
By Name List Prioritization,6843,14,VI-SPDAT date (most recent)
By Name List Prioritization,6843,15,Number of houselhold members (highest)
By Name List Prioritization,6843,16,Female
By Name List Prioritization,6843,17,Mental health fragility (highest)
By Name List Prioritization,6843,18,Medical fragility (highest)
By Name List Prioritization,6843,19,County
By Name List Prioritization,6843,20,Zip code
HMIS Geography Type,6845,1,Urban
HMIS Geography Type,6845,2,Suburban
HMIS Geography Type,6845,3,Rural
"Low, Medium, High, Very High",6846,1,Low
"Low, Medium, High, Very High",6846,2,Medium
"Low, Medium, High, Very High",6846,3,High
"Low, Medium, High, Very High",6846,4,Very High
Yes No Unable to Determine,6849,0,No
Yes No Unable to Determine,6849,1,Yes
Yes No Unable to Determine,6849,2,Worker Unable to Determine
Project Expelled Reason,6851,1,Criminal activity/destruction of property/violence
Project Expelled Reason,6851,2,Non-compliance with project rules
Project Expelled Reason,6851,3,Non-payment of rent/occupancy charge
Project Expelled Reason,6851,4,Reached maximum time allowed by project
Project Expelled Reason,6851,5,Project terminated
Project Expelled Reason,6851,6,Unknown/disappeared
Invidual Family Group,6852,1,Individual
Invidual Family Group,6852,2,Family
Invidual Family Group,6852,3,Group - including peer counseling
Report CSS App Themes,6854,1,default theme
Report CSS Text Decoration,6855,1,Normal
Report CSS Text Decoration,6855,2,Underline
Report CSS Font Weight,6856,1,Normal
Report CSS Font Weight,6856,2,Bold
Report CSS Font Weight,6856,3,Medium
Report CSS Font Style,6857,1,Normal
Report CSS Font Style,6857,2,Italic
Report CSS Border Style,6858,1,Solid
Report CSS Border Style,6858,2,None
Yes No Worker does not know,6859,0,No
Yes No Worker does not know,6859,1,Yes
Yes No Worker does not know,6859,2,Worker does not know
Care Provided Ways,6860,1,Via email/social media
Care Provided Ways,6860,2,Via telephone
Care Provided Ways,6860,3,In person: one-on-one
Care Provided Ways,6860,4,In person: group
HUD VASH Voucher Tracking,6861,-1,Other
HUD VASH Voucher Tracking,6861,1,Referral package forwarded to PHA
HUD VASH Voucher Tracking,6861,2,Voucher denied by PHA
HUD VASH Voucher Tracking,6861,3,Voucher issued by PHA
HUD VASH Voucher Tracking,6861,4,Voucher revoked or expired
HUD VASH Voucher Tracking,6861,5,Voucher in use- veteran moved into housing
HUD VASH Voucher Tracking,6861,6,Voucher was ported locally
HUD VASH Voucher Tracking,6861,7,Voucher was administratively absorbed by new PHA
HUD VASH Voucher Tracking,6861,8,Voucher was converted to Housing Choice Voucher
HUD VASH Voucher Tracking,6861,9,Veteran exited - voucher was returned
HUD VASH Voucher Tracking,6861,10,"Veteran exited – family maintained the voucher "
HUD VASH Voucher Tracking,6861,11,Veteran exited – prior to ever receiving a voucher
Case Management Exit Reason,6862,-1,Other
Case Management Exit Reason,6862,1,Accomplished goals and/or obtained services and no longer needs CM
Case Management Exit Reason,6862,2,Transferred to another HUD-VASH program site
Case Management Exit Reason,6862,3,Found/chose other housing
Case Management Exit Reason,6862,4,Did not comply with HUD-VASH CM
Case Management Exit Reason,6862,5,Eviction and/or other housing related issues
Case Management Exit Reason,6862,6,Unhappy with HUD-VASH housing
Case Management Exit Reason,6862,7,No longer financially eligible for HUD-VASH voucher
Case Management Exit Reason,6862,8,No longer interested in participating in this program
Case Management Exit Reason,6862,9,Veteran cannot be located
Case Management Exit Reason,6862,10,Veteran too ill to participate at this time
Case Management Exit Reason,6862,11,Veteran is incarcerated
Case Management Exit Reason,6862,12,Veteran is deceased
Domestic Abuse Type,6863,1,Physical
Domestic Abuse Type,6863,2,Mental/Emotional
Domestic Abuse Type,6863,3,Verbal
Domestic Abuse Type,6863,4,Sexual
Domestic Abuse Type,6863,5,Financial
DV Exit Type,6864,1,Proper
DV Exit Type,6864,2,Improper
DV Housing At Exit,6865,1,Transitional
DV Housing At Exit,6865,2,Other Housing
DV Housing At Exit,6865,3,Evicted
DV Housing At Exit,6865,4,Improper Exit
DV Other Housing,6866,1,With Friends or Family
DV Other Housing,6866,2,Returned to Abuser
DV Other Housing,6866,3,Returned Home
DV Other Housing,6866,4,Other DV Shelter
DV Other Housing,6866,5,Private Rental
DV Other Housing,6866,6,YWCA (SRO)
DV Other Housing,6866,7,Other/Relocated
Yes No Don't Know/Refused Data Not Collected,6867,1,Yes
Yes No Don't Know/Refused Data Not Collected,6867,2,No
Yes No Don't Know/Refused Data Not Collected,6867,8,Don't Know/Refused
Yes No Don't Know/Refused Data Not Collected,6867,80,Need more data to calculate
Yes No Don't Know/Refused Data Not Collected,6867,99,Data Not Collected
Pets - DV,6869,1,Dog(s)
Pets - DV,6869,2,Cat(s)
Pets - DV,6869,3,Bird(s)
Pets - DV,6869,4,Fish
Pets - DV,6869,5,Small animal(s)
Pets - DV,6869,6,Reptile/amphibean(s)
Exit date recorded,6870,1,Exit date accurate
Exit date recorded,6870,2,Exit date approximate
Outreach List Prioritization,6872,1,VI-SPDAT Score (highest)
Outreach List Prioritization,6872,2,DOB (youngest)
Outreach List Prioritization,6872,3,DOB (oldest)
Outreach List Prioritization,6872,4,Date of first engagement (most recent)
Outreach List Prioritization,6872,5,Date of first engagement (oldest)
Outreach List Prioritization,6872,6,Chronically homeless
Outreach List Prioritization,6872,7,Disabled
Outreach List Prioritization,6872,8,Veteran
Outreach List Prioritization,6872,9,Date of last contact (most recent)
Outreach List Prioritization,6872,10,Date of last contact (oldest)
Outreach List Prioritization,6872,11,Number of homeless episodes (highest)
Outreach List Prioritization,6872,12,Cumulative lengh of homeless episodes (highest)
Outreach List Prioritization,6872,13,"VI-SPDAT type (family, individual, youth)"
Outreach List Prioritization,6872,14,VI-SPDAT date (most recent)
Outreach List Prioritization,6872,15,Number of houselhold members (highest)
Outreach List Prioritization,6872,16,Female
Outreach List Prioritization,6872,17,Mental health fragility
Outreach List Prioritization,6872,18,Medical fragility
Outreach List Prioritization,6873,2,DOB (youngest)
Outreach List Prioritization,6873,3,DOB (oldest)
Outreach List Prioritization,6873,4,Date of first engagement (most recent)
Outreach List Prioritization,6873,5,Date of first engagement (oldest)
Outreach List Prioritization,6873,6,Chronically homeless
Outreach List Prioritization,6873,7,Disabled
Outreach List Prioritization,6873,8,Veteran
Outreach List Prioritization,6873,9,Date of last contact (most recent)
Outreach List Prioritization,6873,10,Date of last contact (oldest)
Outreach List Prioritization,6873,11,Number of homeless episodes (highest)
Outreach List Prioritization,6873,12,Cumulative lengh of homeless episodes (highest)
Outreach List Prioritization,6873,15,Number of houselhold members (highest)
Outreach List Prioritization,6873,16,Female
Outreach List Prioritization,6873,17,Mental health fragility (highest)
Outreach List Prioritization,6873,18,Medical fragility (highest)
Outreach List Prioritization,6873,19,County
Outreach List Prioritization,6873,20,Zip code
HUD CSV Export Type,6874,1,Full
HUD CSV Export Type,6874,2,SSVF
HUD CSV Export Type,6874,3,RHY/Hashed
Meal Report Site Type,6875,1,Center
Meal Report Site Type,6875,2,Emergency Shelter
Entity Merge Sync Type,6878,1,EntityID
Entity Merge Sync Type,6878,4,EnrollmentID
Entity Merge Sync Type,6878,7,ContextID
Entity Merge Sync Type,6878,9,FamilyID
Employment Status After School,6882,1,Full-time
Employment Status After School,6882,2,Part-time
Employment Status After School,6882,3,Not employed
Education Term,6883,1,Final
Education Term,6883,2,Milestone
After School Number of Times,6884,0,0
After School Number of Times,6884,1,1
After School Number of Times,6884,2,2
After School Number of Times,6884,3,3
After School Number of Times,6884,4,4
After School Number of Times,6884,5,5
After School Number of Times,6884,6,6
After School Number of Times,6884,7,7
After School Number of Times,6884,9,9
After School Number of Times,6884,10,10
After School Number of Times,6884,11,11
After School Number of Times,6884,12,12
After School Number of Times,6884,13,13
After School Number of Times,6884,14,14
After School Number of Times,6884,15,15
After School Number of Times,6884,16,16
After School Number of Times,6884,17,17
After School Number of Times,6884,18,18
After School Number of Times,6884,19,19
After School Number of Times,6884,20,20
After School Number of Times,6884,21,Unsure
Internet Permissions,6886,1,My child can use e-mail and the Internet while at Future Foundation as outlined in the Rules of Appropriate Use.
Internet Permissions,6886,2,My child can use the Internet only as outlined in the Rules of Appropriate Use.
Internet Permissions,6886,3,My child may not use e-mail or the Internet while at Future Foundation.
Parent/Child,6887,1,"I am the biological parent or guardian of the above-referenced student. My parental/guardianship rights have not been terminated or relinquished and there is no court order or agreement that states that I may not have access to educational information or "
Parent/Child,6887,2,"I am the above-referenced student, and I am over the age of 18."
Inernet Use,6888,1,1.)  My child can use e-mail and the Internet while at Future Foundation as outlined in the Rules of Appropriate Use
Inernet Use,6888,2,2.)  My child can use the Internet only as outlined in the Rules of Appropriate Use
Inernet Use,6888,3,3.)  My child may not use e-mail or the Internet while at Future Foundation.
Image Granted,6889,1,Limited usage: I consent to my child’s image being used within Future Foundation setting only (not in the larger community).
Image Granted,6889,2,"Limited usage: I consent to my child’s image being used for educational materials only (not marketing), which could be either within Future                                 Foundation or in the larger community (e.g., videos in parent education classes)."
Image Granted,6889,3,Limited usage: I consent my child’s image being used on printed materials only (no digital or video use).
Image Granted,6889,4,"Unrestricted usage: I consent and give unrestricted permission for my child’s image to be used in print, video and digital media by Future Foundation,  Inc. I agree that these images may be used by Future Foundation, Inc. "
After School Care Program - Non Cash Benefits List,6891,2,Child - Currently Receives Medicaid OR Peachtree for Kids
After School Care Program - Non Cash Benefits List,6891,5,"Anyone in the Household - Currently receiving food stamps (WIC, SNAP, ETC)"
After School Care Program - Non Cash Benefits List,6891,7,Child - Currently Receiving TANF
FEMA Disasters,6892,1,2015 Floods
FEMA Disasters,6892,2,2016 Floods
FEMA Disasters,6892,3,2017 Hurricane/TS Harvey
All Housing Types,6893,1,Single-Family Residence
All Housing Types,6893,2,Condo/Townhouse
All Housing Types,6893,3,Apartment
All Housing Types,6893,4,Manufactured Home/RV
All Housing Types,6893,5,Other
All Insurance Types,6894,1,Homeowners Insurance
All Insurance Types,6894,2,Renters Insurance
All Insurance Types,6894,3,Flood Insurance
All Insurance Types,6894,4,No Insurance
FEMA Level of Damage,6895,1,"Some damage (under $5,000)"
FEMA Level of Damage,6895,2,"Minor damage, but can still reside in the home ($5,000 to $24,999)"
FEMA Level of Damage,6895,3,"Moderate damage, may not be able to reside in home (25,000 to $49,999)"
FEMA Level of Damage,6895,4,"Major damage, cannot reside in home ($50,000+)"
FEMA Level of Damage,6895,5,Home was completely destroyed and will require rebuilding or buyout
FEMA Interests,6896,1,Home repair or rebuild
FEMA Interests,6896,2,Buyout
FEMA Interests,6896,3,Elevation
FEMA Interests,6896,4,Rental Assistance
FEMA Repairs,6897,1,No repairs made
FEMA Repairs,6897,2,Home has been mucked and gutted (ex. flooring and sheetrock removed)
FEMA Repairs,6897,3,Some minor repairs
FEMA Repairs,6897,4,Minor repairs made to make home habitable
FEMA Repairs,6897,5,Moderate level of repairs made
FEMA Repairs,6897,6,Completed most or all of the repairs to home
CSBG Education Level,6898,1,Grades 0-8
CSBG Education Level,6898,4,Grades 9-12/Non-Graduate
CSBG Education Level,6898,7,High School Graduate
CSBG Education Level,6898,8,GED/Equivalency Diploma
CSBG Education Level,6898,10,12 grade + Some Post-Secondary
CSBG Education Level,6898,12,2 or 4 years College Graduate
CSBG Education Level,6898,13,Graduate of other post-secondary school
CSBG Education Level,6898,99,Unknown/not reported
CSBG Work Status,6899,1,Employed Full-Time
CSBG Work Status,6899,5,Employed Part-Time
CSBG Work Status,6899,10,Migrant Seasonal Farm Worker
CSBG Work Status,6899,15,"Unemployed (Short-Term, 6 months or less)"
CSBG Work Status,6899,20,"Unemployed (Long-Term, more than 6 months)"
CSBG Work Status,6899,25,Unemployed (Not in Labor Force)
CSBG Work Status,6899,30,Retired
CSBG Work Status,6899,99,Unknown/not reported
CSBG Housing Status,6900,1,Homeless
CSBG Housing Status,6900,2,Other Permanent Housing
CSBG Housing Status,6900,4,Other
CSBG Housing Status,6900,8,Rent
CSBG Housing Status,6900,9,Own
CSBG Housing Status,6900,20,Unknown/not reported
CSBG Non-Cash Benefits,6901,-1,Other source
CSBG Non-Cash Benefits,6901,1,Supplemental Nutrition Assistance Program (SNAP) (Previously known as Food  Stamps)
CSBG Non-Cash Benefits,6901,5,"Special Supplemental Nutrition Program for Women, Infants, and Children (WIC)"
CSBG Non-Cash Benefits,6901,12,Public Housing
CSBG Non-Cash Benefits,6901,50,LIHEAP
CSBG Non-Cash Benefits,6901,55,Housing Choice Voucher
CSBG Non-Cash Benefits,6901,60,Permanent Supportive Housing
CSBG Non-Cash Benefits,6901,65,HUD- VASH
CSBG Non-Cash Benefits,6901,70,Childcare Voucher
CSBG Non-Cash Benefits,6901,75,Affordable Care Act Subsidy
CSBG Non-Cash Benefits,6901,99,Unknown/Not Reported
PrisonFacility,6902,1,Local
PrisonFacility,6902,2,Federal
PrisonFacility,6902,3,State
Housing Status Type,6903,1,AFHC Long Term
Housing Status Type,6903,2,HOPWA Long Term
Housing Status Type,6903,3,HOPWA Short Term
Housing Status Type,6903,4,MHTF Long Term
Housing Status Type,6903,5,Positive Start - Dept. of Corrections Facility
Housing Status Type,6903,6,Homeless
Housing Status Type,6903,7,Institution
Housing Status Type,6903,8,Nonpermanently Housed
Housing Status Type,6903,9,OMO
Housing Status Type,6903,10,Other
Housing Status Type,6903,11,Permanently Housed
Housing Status Type,6903,12,Public Housing
Housing Status Type,6903,13,Section 8
Housing Status Type,6903,14,Senior and Disabled
Housing Status Type,6903,15,Shelter Plus Care
CSBG Household Type,6904,-1,Other
CSBG Household Type,6904,1,Single Parent - Female
CSBG Household Type,6904,5,Single Parent - Male
CSBG Household Type,6904,10,Two Parent
CSBG Household Type,6904,15,Single Person
CSBG Household Type,6904,20,Two Adults NO Children
CSBG Household Type,6904,25,Non-related Adults with Children
CSBG Household Type,6904,30,Multi-generational Household
CSBG Household Type,6904,99,Unknown/not reported
Fav Sport,6908,1,Basketball
English Alphabet,6914,1,A
English Alphabet,6914,2,B
English Alphabet,6914,3,C
English Alphabet,6914,4,D
English Alphabet,6914,5,E
English Alphabet,6914,6,F
English Alphabet,6914,7,G
English Alphabet,6914,8,H
English Alphabet,6914,9,I
English Alphabet,6914,10,J
English Alphabet,6914,11,K
English Alphabet,6914,12,L
English Alphabet,6914,13,M
English Alphabet,6914,14,N
English Alphabet,6914,15,O
English Alphabet,6914,16,P
English Alphabet,6914,17,Q
English Alphabet,6914,18,R
English Alphabet,6914,19,S
English Alphabet,6914,20,T
English Alphabet,6914,21,U
English Alphabet,6914,22,V
English Alphabet,6914,23,W
English Alphabet,6914,24,X
English Alphabet,6914,25,Y
English Alphabet,6914,26,Z
English Alphabet,6914,27,Other
Book Genres,6915,1,Science Fiction
Book Genres,6915,2,Satire
Book Genres,6915,3,Drama
Book Genres,6915,4,Action and Adventure
Book Genres,6915,5,Romance
Book Genres,6915,6,Mystery
Book Genres,6915,7,Horror
Book Genres,6915,8,Self help
Book Genres,6915,9,Health
Book Genres,6915,10,Guide
Book Genres,6915,11,Travel
Book Genres,6915,12,Children
Book Genres,6915,13,"Religion, Spirituality & New Age"
Book Genres,6915,14,Science
Book Genres,6915,15,History
Book Genres,6915,16,Math
Book Genres,6915,17,Anthology
Book Genres,6915,18,Poetry
Book Genres,6915,19,Encyclopedia
Book Genres,6915,20,Dictionary
Book Genres,6915,21,Comic
Book Genres,6915,22,Diary
Book Genres,6915,23,Journal
Book Genres,6915,24,Prayer Book
Book Genres,6915,25,Series
Book Genres,6915,26,Trilogy
Book Genres,6915,27,Biography
Book Genres,6915,28,Autobiography
Book Genres,6915,29,Fantasy
Book Genres,6915,30,Other
Unique Date,6916,1,N/A
Building Readers Type,6917,1,Monitoring
Building Readers Type,6917,2,Assessment
Completion Status,6918,1,Complete
Completion Status,6918,2,Not Complete
Completion Status,6918,3,N/A
Guided Homework Groups,6920,1,Group 1
Guided Homework Groups,6920,2,Group 2
Guided Homework Groups,6920,3,Group 3
Guided Homework Groups,6920,4,N/A
Indicator Code,6923,5,"AM - Automobile Medical "
Indicator Code,6923,6,BL - Blue Cross/Blue Shield
Indicator Code,6923,7,CH - Champus
Indicator Code,6923,8,CI - Commercial Insurance Co
Indicator Code,6923,9,DS - Disability
Indicator Code,6923,10,FI - Federal Employees Program
Indicator Code,6923,11,11 - Other Non-Federal Programs
Indicator Code,6923,12,12 - Preferred Provider Organization (PPO)
Indicator Code,6923,13,13 - Point of Service (POS)
Indicator Code,6923,14,14 - Exclusive Provider Organization (EPO)
Indicator Code,6923,15,15 - Indemnity Insurance
Indicator Code,6923,16,16 - Health Maintenance Organization (HMO) Medicare Risk
Indicator Code,6923,17,17 - Dental Maintenance Organization
Indicator Code,6923,20,HM - Health Maintenance Organization
Indicator Code,6923,21,LM - Liability Medical
Indicator Code,6923,22,MA - Medicare Part A
Indicator Code,6923,23,MB - Medicare Part B
Indicator Code,6923,24,MC - Medicaid
Indicator Code,6923,25,"OF - Other Federal Program, specific to Medicare Part D"
Indicator Code,6923,26,TV - Title V
Indicator Code,6923,27,VA - Veteran Administration Plan
Indicator Code,6923,28,WC - Workers' Compensation Health Claim
Behavior Observation,6924,1,Before Planned Bedtime
Behavior Observation,6924,2,Bedtime to Mid Night
Behavior Observation,6924,3,Mid Night to Rise Time
Challenge,6925,1,"Resident requesting to go to bed too early (e.g., just after dinner)"
Challenge,6925,2,Resident dozing off during or after dinner
Challenge,6925,3,Resident in bed too early in the evening
Challenge,6925,4,"Resident complaining about environmental factors (noise, bright light, being too hot or cold)"
Challenge,6925,5,"Resident inbed, but having trouble falling sleep or falling back to sleep"
Challenge,6925,6,"Resident inbed, yelling/shouting, requesting assistance"
Challenge,6925,7,Resident wandering or pacing
Challenge,6925,8,Resident at nursing station making requests
Challenge,6925,9,Resident snoring or showing signs of difficulty breathing during sleep
Challenge,6925,10,"Resident awake, requests sleeping pill"
Challenge,6925,11,"Resident awake, complaining of pain"
Challenge,6925,99,Other
Slumber Solution99,6926,1,Tell resident the time and encourage resident to remain out of bed and provide an activity
Slumber Solution99,6926,2,"Talk with resident, ask questions, converse"
Slumber Solution99,6926,3,Move resident near other residents who are more alert
Slumber Solution99,6926,4,Increase lighting in area where resident is located
Slumber Solution99,6926,5,Move resident near a window where light is visible.
Slumber Solution99,6926,6,Provide resident with assistance finishing his/her meal
Slumber Solution99,6926,7,"If resident refuses to get out of bed, provide resident with an activity to doin bed that will help them remain a wake until a more desirable time."
Slumber Solution99,6926,9,Consider evaluation for Restless Legs Syndrome
Slumber Solution99,6926,10,Orient resident to time and lead back to bed.
Slumber Solution99,6926,11,"Give resident a quiet activity to do out of bed for 30 minutes, then lead back to bed. Repeat as necessary"
Slumber Solution99,6926,12,Alert physician that resident should be evaluated for sleep apnea
Slumber Solution99,6926,13,Allow resident to stay awake until a later bedtime
Slumber Solution99,6926,14,Do an “environmental scan” to identify potential sources of light or noise and reduce to the extent
Slumber Solution99,6926,15,"Check the room temperature. Adjust thermostat or add/remove blankets, put socks on resident’s	feet (if appropriate)"
Slumber Solution99,6926,16,"If near resident rise time, help resident to	prepare for the day"
Slumber Solution99,6926,17,"Ask resident	for details of pain symptoms and provide appropriate pain management strategies (e.g., heat/ice, pain medications if prescribed, other interventions in pain management plan)"
Slumber Solution99,6926,99,Other
Slumber Outcome,6927,1,Fully	resolved / significant improvement
Slumber Outcome,6927,2,Partially resolved / some improvement
Slumber Outcome,6927,3,Unchanged / no improvement
Slumber Outcome,6927,99,Other
Program or Workflow,6928,1,Workflow
Program or Workflow,6928,2,Program
Insurance Fee Structure,6932,1,Fee for Service
Insurance Fee Structure,6932,2,Encounter Rate
Insurance Fee Structure,6932,3,Self-Pay
Interpreter Type,6933,1,Language Line
Interpreter Type,6933,2,Hearing/Speech Impaired
Interpreter Type,6933,3,Other
DV Hotline Options,6934,1,DV Hotline
DV Hotline Options,6934,2,1-800 Numbers
DV Hotline Options,6934,3,Collect To
DV Hotline Options,6934,4,TTY
DV Hotline Options,6934,5,Relay
DV Hotline Options,6934,6,Main Number
DV Hotline Options,6934,7,Other
Overnight Answering Service,6935,1,Answer Service Overnight
Overnight Answering Service,6935,2,Answer Service Weekend
Overnight Answering Service,6935,3,Other
DV Call Reasons,6936,1,Domestice Violence
DV Call Reasons,6936,2,Sexual Assault
DV Call Reasons,6936,3,Shelter
DV Call Reasons,6936,4,Counseling
DV Call Reasons,6936,5,Other
DV Physiological Effects,6937,1,Battered Woman
DV Physiological Effects,6937,2,Battered Man
DV Physiological Effects,6937,3,Battered Transgender
DV Physiological Effects,6937,4,Battered Child Under 18
DV Physiological Effects,6937,5,Sexual Assault/Rape/Incest
DV Physiological Effects,6937,6,Referral for Batterer
DV Physiological Effects,6937,7,Intervention
DV Physiological Effects,6937,8,Disability
DV Physiological Effects,6937,9,DVAA Request
DV Physiological Effects,6937,10,Natural Disasters
DV Physiological Effects,6937,11,Human Trafficking
Aid Options to DV Victims,6938,1,Shelter
Aid Options to DV Victims,6938,2,Counseling Appointment
Aid Options to DV Victims,6938,3,Referred to another external DV Shelter
Aid Options to DV Victims,6938,4,Direct Connect/Transfer to Shelter
Aid Options to DV Victims,6938,5,Homeless/Other Shelter
Aid Options to DV Victims,6938,6,Denied shelter due to lack of space
Aid Options to DV Victims,6938,7,Referred to Temp Shelter
"Entity, Family or Enrollment",6942,1,EntityID
"Entity, Family or Enrollment",6942,2,None
"Entity, Family or Enrollment",6942,3,FamilyID
"Entity, Family or Enrollment",6942,4,EnrollmentID
Service Billing Status,6946,1,Unbilled
Service Billing Status,6946,2,Approved
Service Billing Status,6946,3,Ready to Bill
Service Billing Status,6946,4,Billed
ConcurrentUsersTimeSlice,6947,1,15
ConcurrentUsersTimeSlice,6947,2,30
ConcurrentUsersTimeSlice,6947,3,60
ConcurrentUsersTimeSlice,6947,4,90
ConcurrentUsersTimeSlice,6947,5,120
ConcurrentUsersTimeSlice,6947,6,1440
Indicator Codes,6950,11,Other Non-Federal Programs
Indicator Codes,6950,12,Preferred Provider Organization (PPO)
Indicator Codes,6950,13,Point of Service (POS)
Indicator Codes,6950,14,Exclusive Provider Organization (EPO)
Indicator Codes,6950,15,Indemnity Insurance
Indicator Codes,6950,16,Health Maintenance Organization (HMO) Medicare Risk
Indicator Codes,6950,17,Dental Maintenance Organization
Indicator Codes,6950,18,Automobile Medical
Indicator Codes,6950,19,Blue Cross/Blue Shield
Indicator Codes,6950,20,Champus
Indicator Codes,6950,21,Commercial Insurance Co.
Indicator Codes,6950,22,Disability
Indicator Codes,6950,23,Federal Employees Program
Indicator Codes,6950,24,Health Maintenance Organization
Indicator Codes,6950,25,Liability Medical
Indicator Codes,6950,26,Medicare Part A
Indicator Codes,6950,27,Medicare Part B
Indicator Codes,6950,28,Medicaid
Indicator Codes,6950,29,"Other Federal Program, specific to Medicare Part D"
Indicator Codes,6950,30,Title V
Indicator Codes,6950,31,Veteran Administration Plan
Indicator Codes,6950,32,Workers' Compensation Health Claim
Claims Format,6951,1,Electronic
Claims Format,6951,2,Paper
Round Remainder,6953,5,Nearest Whole Number
Round Remainder,6953,10,Up
Round Remainder,6953,15,Down
Print Forms Date Filter Type,6954,1,No Date Filter
Print Forms Date Filter Type,6954,2,Single Date Filter
Print Forms Date Filter Type,6954,3,Date Range Filter
Calendar Type,6957,1,Reservation
Calendar Type,6957,2,Appointment
Calendar Type,6957,3,Event
Calendar Type,6957,4,Service plans / Goals / Steps
Morning evening,6961,1,Morning (Midnight to Midday)
Morning evening,6961,5,Evening (Midday to Midnight
VITA Course,6962,27,Tax Return Assistance
VITA Course,6962,28,Training
VITA Course,6962,29,Orientation
Issue Needs Documentation,6964,0,Yes
Issue Needs Documentation,6964,1,No - Documentation Complete
Issue Needs Documentation,6964,2,No - Documentation not necessary
Week of the Month,6966,1,First
Week of the Month,6966,2,Second
Week of the Month,6966,3,Third
Week of the Month,6966,4,Fourth
Week of the Month,6966,99,Last
Day of the Month or Day of the Week,6967,1,Day of the Month
Day of the Month or Day of the Week,6967,2,Day of the Week
Inventory/Perpetual,6975,41,New Inventory/Perpetual
Inventory/Perpetual,6975,45,Issue to Client
Inventory/Perpetual,6975,47,Receipt
Inventory/Perpetual,6975,49,Adjustment
Outcomes Star Completed By,6978,1,Worker and service user
Outcomes Star Completed By,6978,2,Just service user
Outcomes Star Completed By,6978,3,Just worker
Never to Daily,6979,1,Never
Never to Daily,6979,2,Less than once a week
Never to Daily,6979,3,A few days a week
Never to Daily,6979,4,Daily
Never to Daily,6979,5,Refused
Number of drinks,6980,1,1 drink
Number of drinks,6980,2,2 drinks
Number of drinks,6980,3,3 drinks
Number of drinks,6980,4,4 drinks
Number of drinks,6980,5,5 or more drinks
Smoker,6981,1,Former smoker
Smoker,6981,2,Never smoked
Worry scale,6982,1,I never worry
Worry scale,6982,2,I worry occasionally
Worry scale,6982,3,I worry some of the time
Worry scale,6982,4,I worry most of the time
Worry scale,6982,5,I worry all of the time
Seniors Current Housing,6983,1,Shelter
Seniors Current Housing,6983,2,Living with family members
Seniors Current Housing,6983,3,Board and care
Seniors Current Housing,6983,4,Renting
Seniors Current Housing,6983,5,Renting with HUD subsidy
Seniors Current Housing,6983,6,Homeless on the street
Seniors Current Housing,6983,7,Living with a friend
Seniors Current Housing,6983,8,Transitional housing
Seniors Current Housing,6983,9,Temporary living arrangements
Seniors Current Housing,6983,10,Living in car
Seniors Current Housing,6983,11,Living in mobile home
Seniors Current Housing,6983,12,Living on boat
Seniors Current Housing,6983,13,Skilled Nursing Facility (SNF)
Seniors Current Housing,6983,14,Owns home
Seniors Current Housing,6983,15,Shared housing
Seniors Current Housing,6983,16,SRO
Seniors Current Housing,6983,17,Other
Senior Financial Issues,6984,1,Not enough money for food
Senior Financial Issues,6984,2,Not enough money for clothes
Senior Financial Issues,6984,3,Not enough money for housing
Senior Financial Issues,6984,4,Not enough money for medications
Senior Financial Issues,6984,5,Not enough money for transportation
Senior Financial Issues,6984,6,Not enough money for fun
Senior Financial Issues,6984,7,None of the above
Packs per day,6985,1,1/4
Packs per day,6985,2,1/2
Packs per day,6985,3,1
Packs per day,6985,4,1 1/2
Packs per day,6985,5,2+
Nutrition Multi-Select,6987,1,Do you have an illness or condition that made you change the kind and/or amount of food you eat?
Nutrition Multi-Select,6987,2,Do you eat fewer than two meals a day?
Nutrition Multi-Select,6987,3,"Do you eat fewer than 2 daily servings of the following food groups: fruits, vegetables, or milk products?"
Nutrition Multi-Select,6987,4,"Do you have 3 or more drinks of beer, liquor, or wine almost every day?"
Nutrition Multi-Select,6987,5,Do you not always have enough money to buy the food you need?
Nutrition Multi-Select,6987,6,Do you eat alone most of the time?
Nutrition Multi-Select,6987,7,Do you take 3 or more different prescribed or over-the-counter drugs a day?
Nutrition Multi-Select,6987,8,"Without wanting to, have you gained or lost 10 pounds in the last 6 months?"
Nutrition Multi-Select,6987,9,"Are you not always able to physically shop, cook, or feed yourself?"
Nutrition Multi-Select,6987,10,None of the above
Walking Aids,6988,1,Cane
Walking Aids,6988,2,Walker
Walking Aids,6988,3,Wheelchair
Walking Aids,6988,4,Scooter
Walking Aids,6988,5,Power wheelchair
Walking Aids,6988,6,None of the above
Senior Fall Circumstances,6989,1,You tripped over something
Senior Fall Circumstances,6989,2,You had lightheadedness or palpitations prior
Senior Fall Circumstances,6989,3,You lost your balance
Senior Fall Circumstances,6989,4,You were injured by the fall
Senior Fall Circumstances,6989,5,You were able to get up by yourself
Senior Fall Circumstances,6989,6,You required medical attention
Excellent - Poor,6990,1,Excellent
Excellent - Poor,6990,2,Very good
Excellent - Poor,6990,3,Good
Excellent - Poor,6990,4,Fair
Excellent - Poor,6990,5,Poor
Care When Sick,6991,1,Free clinic
Care When Sick,6991,2,Hospital/clinic
Care When Sick,6991,3,ER
Care When Sick,6991,4,Urgent Care
Care When Sick,6991,5,Primary Care Provider
Care When Sick,6991,6,Hospice
Care When Sick,6991,7,SNF
Care When Sick,6991,8,Self-care/Online/Alternative
Care When Sick,6991,9,Other
Family History Health Conditions,6992,1,Dementia or Alzheimer's disease
Family History Health Conditions,6992,2,Heart disease
Family History Health Conditions,6992,3,Stroke
Family History Health Conditions,6992,4,Diabetes
Family History Health Conditions,6992,5,Hypertension
Family History Health Conditions,6992,6,"Mental illness (such as depression, anxiety or schizophrenia)"
Family History Health Conditions,6992,7,Lupus
Family History Health Conditions,6992,8,Rheumatoid Arthritis
Family History Health Conditions,6992,9,None of the above
Family History Health Conditions,6992,10,Other
Family History Cancer,6993,1,Breast
Family History Cancer,6993,2,Brain
Family History Cancer,6993,3,Prostate
Family History Cancer,6993,4,Esophageal
Family History Cancer,6993,5,Colon/Rectum
Family History Cancer,6993,6,Lung
Family History Cancer,6993,7,Mesothelioma
Family History Cancer,6993,8,Skin
Family History Cancer,6993,9,Stomach
Family History Cancer,6993,10,Lymphatic or blood
Family History Cancer,6993,11,Liver
Family History Cancer,6993,12,Pancreatic
Family History Cancer,6993,13,Uterine
Family History Cancer,6993,14,Cervical
Family History Cancer,6993,15,Ovarian
Family History Cancer,6993,16,Head/neck
Family History Cancer,6993,17,Kidney/renal
Family History Cancer,6993,18,Bladder
Family History Cancer,6993,19,Bone
Family History Cancer,6993,20,Thyroid
Family History Cancer,6993,21,None of the above
Family History Cancer,6993,22,Other
Health Screening Tests,6997,1,Eye examination
Health Screening Tests,6997,2,Hearing test
Health Screening Tests,6997,3,Cards to check for blood in stool
Health Screening Tests,6997,4,Sigmoidoscopy or Colonoscopy
Health Screening Tests,6997,5,HIV test
Health Screening Tests,6997,6,TB test skin test
Health Screening Tests,6997,7,Mammogram
Health Screening Tests,6997,8,Bone density scan
Health Screening Tests,6997,9,Pap smear
Health Screening Tests,6997,10,Prostate exam
Health Screening Tests,6997,11,Cholesterol
Health Screening Tests,6997,12,Diabetes
Health Screening Tests,6997,13,Thyroid
Health Screening Tests,6997,14,Skin exam for cancer
Health Screening Tests,6997,15,Hepatitis C
Health Screening Tests,6997,16,Stroke Risk (Carotid Doppler)
Health Screening Tests,6997,17,AAA Screen (Abdominal Aortic Aneurysm)
Health Screening Tests,6997,18,Sexually Transmitted Infections
Health Screening Tests,6997,19,Other
"Too Much, Too Little, Don't Notice",6999,1,Too much
"Too Much, Too Little, Don't Notice",6999,2,Too little
"Too Much, Too Little, Don't Notice",6999,3,Don't notice
Time Ago Months/Years,7000,1,0-6 months ago
Time Ago Months/Years,7000,2,7 months - 1 year ago
Time Ago Months/Years,7000,3,1-2 years ago
Time Ago Months/Years,7000,4,2-5 years ago
Time Ago Months/Years,7000,5," Over 5 years ago"
Time Ago Months/Years,7000,6,Never
Time Ago Months/Years,7000,7,Refused
Time Ago Months/Years,7000,8,Don't know
Oral Health,7001,1,None
Oral Health,7001,2,Full dentures
Oral Health,7001,3,Partial dentures
Oral Health,7001,4,Fixed bridges
Oral Health,7001,5,Implants
Oral Health Problems,7002,1,Pain in tooth or teeth
Oral Health Problems,7002,2,Bleeding gums
Oral Health Problems,7002,3,Pain in your face
Oral Health Problems,7002,4,Sores in your mouth
Oral Health Problems,7002,5,Difficulty chewing
Oral Health Problems,7002,6,Difficulty tasting
Oral Health Problems,7002,7,Difficulty swallowing
Oral Health Problems,7002,8,Bad breath
Oral Health Problems,7002,9,Bad taste in mouth
Oral Health Problems,7002,10,Dry mouth when you eat
Oral Health Problems,7002,11,Dry mouth when you sleep
Oral Health Problems,7002,12,Missing teeth that you think need to be replaced bu have not yet been replaced
Oral Health Problems,7002,13,Other (non-toothache) pain in your mouth
Oral Health Problems,7002,14,Any teeth become loose and NOT because of accident or trauma
Oral Health Problems,7002,15,None of the above
Oral Health Number of Times,7003,1,None
Oral Health Number of Times,7003,2,1-6
Oral Health Number of Times,7003,3,7-13
Oral Health Number of Times,7003,4,14 or more
Dental Treatment,7004,1,Cleaning or checkup
Dental Treatment,7004,2,"Teeth filled or replaced (e.g. fillings, crowns, bridges)"
Dental Treatment,7004,3,Teeth pulled
Dental Treatment,7004,4,Gum treatment
Dental Treatment,7004,5,New or replace denture(s)
Dental Treatment,7004,6,Denture repair
Dental Treatment,7004,7,Relief of pain
Dental Treatment,7004,8,"Work to improve appearance (e.g. braces, bonding, whitening)"
Dental Treatment,7004,9,Other
Dental Treatment,7004,10,Don't know
Reasons for Not Visiting Dentist,7005,1,Afraid
Reasons for Not Visiting Dentist,7005,2,Nervous
Reasons for Not Visiting Dentist,7005,3,Needles
Reasons for Not Visiting Dentist,7005,4,Cost
Reasons for Not Visiting Dentist,7005,5,Don't know a dentist
Reasons for Not Visiting Dentist,7005,6,Dentist too far
Reasons for Not Visiting Dentist,7005,7,Cannot find a dentist who speaks my language
Reasons for Not Visiting Dentist,7005,8,Cannot get to appointment
Reasons for Not Visiting Dentist,7005,9,No dental problems
Reasons for Not Visiting Dentist,7005,10,No teeth
Reasons for Not Visiting Dentist,7005,11,Not important
Reasons for Not Visiting Dentist,7005,12,Do not think of it
Reasons for Not Visiting Dentist,7005,13,Do not know
Reasons for Not Visiting Dentist,7005,14,Refused
"Mode of Transportation ",7009,1,Personal
"Mode of Transportation ",7009,2,Public
"Mode of Transportation ",7009,3,Friend
"Mode of Transportation ",7009,4,Family
"Mode of Transportation ",7009,5,Walking
"Mode of Transportation ",7009,6,Other
"Appt Rescheduled ",7015,1,Client Declined
"Appt Rescheduled ",7015,2,Met in Person
"Appt Rescheduled ",7015,3,Spoke on Phone
"Appt Rescheduled ",7015,4,Sent Text Message
"Appt Rescheduled ",7015,5,Left Voicemail
"Appt Rescheduled ",7015,6,Other
Pregnancy Weeks,7016,1,1
Pregnancy Weeks,7016,2,2
Pregnancy Weeks,7016,3,3
Pregnancy Weeks,7016,4,4
Pregnancy Weeks,7016,5,5
Pregnancy Weeks,7016,6,6
Pregnancy Weeks,7016,7,7
PregConfQuestions,7018,1,Home Test
PregConfQuestions,7018,2,Doctor
"Client Insurance ",7019,1,Insured
"Client Insurance ",7019,2,Medicaid
"Client Insurance ",7019,3,Not Insured
BirthControl,7033,1,Yes - Pill
BirthControl,7033,5,Yes - Condum
BirthControl,7033,10,Yes - IUD
BirthControl,7033,15,Yes - Depo Shot
BirthControl,7033,20,Yes - Other
BirthControl,7033,99,"No "
PostAbortionCounseling,7034,1,Offered
PostAbortionCounseling,7034,5,Accepted
PostAbortionCounseling,7034,10,Rejected
PostAbortionCounseling,7034,15,Attended
PostAbortionCounseling,7034,20,Did Not Attended
PostAbortionCounseling,7034,99,Not Applicable
Medical Concerns for Pregnancy,7035,1,Denies
Medical Concerns for Pregnancy,7035,5,High Blood Pressure
Medical Concerns for Pregnancy,7035,10,Diabetes
Medical Concerns for Pregnancy,7035,15,Uses Drugs
Medical Concerns for Pregnancy,7035,20,Drinks/Abuses Alcohol
Medical Concerns for Pregnancy,7035,25,Smokes Cigarettes
Medical Concerns for Pregnancy,7035,30,Nausea/Vomiting
Medical Concerns for Pregnancy,7035,35,Dizziness
Medical Concerns for Pregnancy,7035,40,Heaches
Medical Concerns for Pregnancy,7035,45,Vagina Bleeding/Discharge
Medical Concerns for Pregnancy,7035,50,Other
Areas of Change,7036,1,Finances
Areas of Change,7036,2,Housing
Areas of Change,7036,3,Job
Areas of Change,7036,4,Education
Areas of Change,7036,5,Transportation
Areas of Change,7036,6,Emotional Health
Areas of Change,7036,7,Spiritual Health
Areas of Change,7036,8,Relational Health
Insurance Type Codes (SBR05),7038,12,dicare Secondary Working Aged Beneficiary or Spouse with Employer Group Health Plan
Insurance Type Codes (SBR05),7038,13,Medicare Secondary End-Stage Disease Beneficiary in the 12 month coordination period with an employer's group health plan
Insurance Type Codes (SBR05),7038,14,"Medicare Secondary, No-fault Insurance including Auto is Primary"
Insurance Type Codes (SBR05),7038,15,Medicare Secondary Worker's Compensation
Insurance Type Codes (SBR05),7038,16,Medicare Secondary Public Health Services (PHS) or Other Federal Agency
Insurance Type Codes (SBR05),7038,41,Medicare Secondary Black Lung
Insurance Type Codes (SBR05),7038,42,Medicare Secondary Veteran's Administration
Insurance Type Codes (SBR05),7038,43,Medicare Secondary Disabled Beneficiary Under Age 65 with Large group Health Plan (LGHP)
Insurance Type Codes (SBR05),7038,47,"Medicare Secondary, Other Liability Insurance is Primary"
MailChimp Campaign Status Types,7043,1,Draft
MailChimp Campaign Status Types,7043,2,Paused
MailChimp Campaign Status Types,7043,3,Scheduled
MailChimp Campaign Status Types,7043,4,Sending
MailChimp Campaign Status Types,7043,5,Sent
Billing Notes Code,7045,1,ADD = Additional Information
Billing Notes Code,7045,2,CER = Certification Narrative
Billing Notes Code,7045,3,"DCP = Goals, Rehab Potential or Discharge Plans"
Billing Notes Code,7045,4,DGN = Diagnosis Description
Billing Notes Code,7045,5,TPO = Third Party Organization
AndOr,7046,1,And
AndOr,7046,2,Or
Type of Health Care,7048,1,Doctor/Provider visit
Type of Health Care,7048,2,Hospital Stay
Hair length,7049,1,Bald
Hair length,7049,2,Close cut/Military
Hair length,7049,3,Short
Hair length,7049,4,Medium-above shoulders
Hair length,7049,5,Long-below shoulders
Facial Hair,7050,1,Clean shaven
Facial Hair,7050,2,Mustache
Facial Hair,7050,3,Goatee
Facial Hair,7050,4,Stubble
Facial Hair,7050,5,Full beard
Facial Hair,7050,6,Changes frequently
Facial Hair,7050,7,NA
Authorized Event Status,7054,0,Pending
Authorized Event Status,7054,1,Open
Authorized Event Status,7054,2,Closed
End Event ReasonList,7055,1,Event created erroneously
End Event ReasonList,7055,2,Issues Resolved
End Event ReasonList,7055,3,No Show
End Event ReasonList,7055,4,Reschedule
Goodwill Mission Measures Highest Level Education,7058,1,No formal schooling completed
Goodwill Mission Measures Highest Level Education,7058,2,Completed 8th grade
Goodwill Mission Measures Highest Level Education,7058,3,Less than high school or equivalent
Goodwill Mission Measures Highest Level Education,7058,4,High school diploma
Goodwill Mission Measures Highest Level Education,7058,5,GED/high school equivalency
Goodwill Mission Measures Highest Level Education,7058,6,Post-secondary credential
Goodwill Mission Measures Highest Level Education,7058,7,Two-year degree (Associates degree)
Goodwill Mission Measures Highest Level Education,7058,8,Four-year degree (Bachelor's degree)
Goodwill Mission Measures Highest Level Education,7058,9,Graduate Degree
Implementation Phase,7060,1,Kick-off
Implementation Phase,7060,2,Discovery
Implementation Phase,7060,3,System Admin
Implementation Phase,7060,4,Configuration
Implementation Phase,7060,5,Super-User Training
Implementation Phase,7060,6,UAT
Implementation Phase,7060,7,Go-Live
Implementation Phase,7060,8,Transitioned to Support
Implementation Phase,7060,9,Portal
Implementation Phase,7060,10,Final Deliverables
Program Types,7061,1,Addiction/Substance Abuse
Program Types,7061,5,After School Programs
Program Types,7061,10,Behavioral Health
Program Types,7061,15,Big Brothers/Big Sisters
Program Types,7061,20,CAP
Program Types,7061,25,Catholic Charities
Program Types,7061,30,Children & Family
Program Types,7061,35,Continuum of Care
Program Types,7061,40,Customer Behavioral Health
Program Types,7061,45,Development Disabilities
Program Types,7061,50,Domestic Violence
Program Types,7061,55,Employment Services
Program Types,7061,60,Faith Based Initiative
Program Types,7061,70,Family Services
Program Types,7061,75,General Non Profit
Program Types,7061,80,Goodwill
Program Types,7061,85,Government - CIty
Program Types,7061,90,Government - County
Program Types,7061,95,Government - State
Prospect Contact Role,7062,5,Decision Maker
Prospect Contact Role,7062,10,Influencer
Prospect Contact Role,7062,15,Champion
Prospect Contact Role,7062,20,Consultant
Prospect Contact Role,7062,25,Barrier
Prospect Contact Role,7062,30,Do Not Contact
Prospect Contact Title,7063,5,C-Suite
Prospect Contact Title,7063,10,Management
Prospect Contact Title,7063,15,Board
Prospect Contact Title,7063,20,Executive IT
Prospect Contact Title,7063,25,"IT Management "
Prospect Contact Title,7063,30,Director - Program Director
Prospect Contact Title,7063,35,"Accountant "
Prospect Contact Title,7063,40,System Administrator
Prospect Contact Title,7063,45,TBD
Rating (hot warm cold),7064,5,Hot
Rating (hot warm cold),7064,10,Warm
Rating (hot warm cold),7064,15,Cold
Avalible Budget,7065,5,"$0 - $49,999"
Avalible Budget,7065,10,"$50,000 - $99,999"
Avalible Budget,7065,15,"$100,000 - $149,999"
Avalible Budget,7065,20,"$150,000 - $199,999"
Avalible Budget,7065,25,"$200,000 - $249,999"
Avalible Budget,7065,30,"$250,000+"
Avalible Budget,7065,99,Unknown
Current Systems List,7066,5,Adsystech
Current Systems List,7066,10,"Apricot - Social Solutions "
Current Systems List,7066,15,Bell Data - Client Services Network
Current Systems List,7066,20,Bowman Systems - Service Point
Current Systems List,7066,25,CAP60
Current Systems List,7066,30,Captain
Current Systems List,7066,35,CaseWorthy
Current Systems List,7066,40,Charity Tracker
Current Systems List,7066,45,Childcare Plus
Current Systems List,7066,50,Clarity
Current Systems List,7066,55,ClientTrack
Current Systems List,7066,60,ETO - Social Solutions
Current Systems List,7066,65,Exponent Partners
Current Systems List,7066,70,Foothold Technologies
Current Systems List,7066,75,Harmony
Current Systems List,7066,80,"HEART "
Current Systems List,7066,85,Horizon - HMIS
Current Systems List,7066,90,In House
Current Systems List,7066,95,NetSmart
ProjectBillingMethod,7067,1,"50% Down, Balance Billed Monthly over 12 Months"
ProjectBillingMethod,7067,10,"50% Down, Balance Billed Quarterly over 12 Months"
ProjectBillingMethod,7067,15,"50% Down, Milestone Billings"
ProjectBillingMethod,7067,99,100% Paid on Contract Execution
Stage,7068,1,Needs analysis
Stage,7068,5,Demonstration
Stage,7068,10,Proposal / Price Quote
Stage,7068,15,Finalist
Stage,7068,20,VOC
Stage,7068,25,Contract Negotiation
Stage,7068,30,Signing Scheduled
Stage,7068,35,Closed Won
Stage,7068,40,Closed Lost
Stage,7068,45,Long Term $$$ Hold
Activity List,7069,1,Email
Activity List,7069,5,Discovery Call
Activity List,7069,10,Demo
Activity List,7069,15,Demo Follow Up
Activity List,7069,20,Webinar Follow Up
Activity List,7069,25,Pricing Review
Activity List,7069,30,Contract Review / Negotiation
Activity List,7069,35,Other
Activity List,7069,40,Call
Activity List,7069,45,RFP
Probability,7070,1,10%
Probability,7070,5,20%
Probability,7070,10,30%
Probability,7070,15,40%
Probability,7070,20,50%
Probability,7070,25,60%
Probability,7070,30,70%
Probability,7070,35,80%
Probability,7070,40,90%
Probability,7070,45,100%
Next Steps,7071,1,Demo
Next Steps,7071,5,Proposal
Next Steps,7071,10,Contract
Next Steps,7071,15,Close
Next Steps,7071,20,Follow up/Call
Next Steps,7071,25,Pending customer decision
Next Steps,7071,30,Quote
Next Steps,7071,35,Presentation/Visit
Competitor Current System,7072,1,Social Solutions/ETO
Competitor Current System,7072,2,Social Solution/Apricot
Competitor Current System,7072,3,Clarity
Competitor Current System,7072,4,Eccovia/ClientTrack
Competitor Current System,7072,5,Bowman Systems
Competitor Current System,7072,6,Foothold Technology
Competitor Current System,7072,7,In House
Competitor Current System,7072,8,Horizon
Competitor Current System,7072,9,CaseWorthy
Competitor Current System,7072,10,Pathways
Competitor Current System,7072,11,Shah
Competitor Current System,7072,12,GW GoodTrak
Competitor Current System,7072,13,Adsystech
Competitor Current System,7072,99,Other
Lead OpenClose,7073,1,Open
Lead OpenClose,7073,2,Closed
Demo Number,7074,1,1st
Demo Number,7074,2,2nd
Demo Number,7074,3,3rd
Demo Number,7074,4,4th
Demo Number,7074,5,5th
Demo Number,7074,6,6th
Lead Stage,7075,1,Discovery
Lead Stage,7075,2,Demonstration
Lead Stage,7075,3,Pricing/Proposal
Lead Stage,7075,4,Finalist
Lead Stage,7075,5,VOC
Lead Stage,7075,6,Signing
Lead Stage,7075,7,Closed Won
Lead Stage,7075,8,Closed Lost
Lead Stage,7075,9,Long $ Hold
Agency Types,7076,1,2-1-1
Agency Types,7076,2,Addiction/Substance Abuse
Agency Types,7076,3,After School Programs
Agency Types,7076,4,Behavioral Health
Agency Types,7076,5,Big Brothers/Big Sisters
Agency Types,7076,6,CAP
Agency Types,7076,7,Catholic Charities
Agency Types,7076,8,Childcare
Agency Types,7076,9,Children & Family
Agency Types,7076,10,CoC Grant
Agency Types,7076,11,"Community Development "
Agency Types,7076,12,Community Foundations
Agency Types,7076,13,Consultant
Agency Types,7076,14,Continuum of Care
Agency Types,7076,15,Customer Behavioral Health
Agency Types,7076,16,Customer CAP
Agency Types,7076,17,"Customer Catholic Charities "
Agency Types,7076,18,"Customer County "
Agency Types,7076,19,Customer Goodwill
Agency Types,7076,20,Customer HMIS
Agency Types,7076,21,"Customer Rescue Mission "
Agency Types,7076,22,Customer Urban Leauge
Agency Types,7076,23,DCA-Atlanta
Agency Types,7076,24,Development Disabilities
Agency Types,7076,25,Development Disabilities - AAIDD List
Agency Types,7076,26,Domestic Violence
Agency Types,7076,27,Emergency Assistance
Agency Types,7076,28,Emergency Disaster
Agency Types,7076,29,Employment Services
Agency Types,7076,30,Faith Based Initiative
Agency Types,7076,31,Family Services
Agency Types,7076,32,Food Bank
Agency Types,7076,33,Food Pantries
Agency Types,7076,34,Foundations
Agency Types,7076,35,General Non Profit
Agency Types,7076,36,Georgia Homeless/HMIS
Agency Types,7076,37,Goodwill
Agency Types,7076,38,Government - City
Agency Types,7076,39,Government - County
Agency Types,7076,40,Government - State
Agency Types,7076,41,Head Start
Agency Types,7076,42,Health Services
Agency Types,7076,43,HIV/AIDS
Agency Types,7076,44,Homeless/HMIS
Agency Types,7076,45,Housing Counseling
Agency Types,7076,46,Information & Referral
Agency Types,7076,47,IT Consulting
Agency Types,7076,48,Jewish Family Services
Agency Types,7076,49,Legal Assistance
Agency Types,7076,50,"Lutheran Family Services "
Agency Types,7076,51,Mental Health
Agency Types,7076,52,Other
Agency Types,7076,53,Red Cross
Agency Types,7076,54,Rental Assistance
Agency Types,7076,55,"Rescue Mission "
Agency Types,7076,56,Salvation Army
Agency Types,7076,57,Senior & Disabilities Services
Agency Types,7076,58,"Senior Services "
Agency Types,7076,59,SSVF
Agency Types,7076,60,THN
Agency Types,7076,61,United Way
Agency Types,7076,62,Urban League
Agency Types,7076,63,Veterans
Agency Types,7076,64,Women's Services
Agency Types,7076,65,WorkForce
Agency Types,7076,66,YMCA
Agency Types,7076,67,YWCA
Agency Types,7076,68,Youth
Summarization Method,7085,1,Sum
Summarization Method,7085,2,Average
User Provider Relationship,7086,1,Staff
User Provider Relationship,7086,2,Point of Contact
User Provider Relationship,7086,3,Lead Staff
User Provider Relationship,7086,4,Home Manager
User Provider Relationship,7086,5,Program Supervisor
User Provider Relationship,7086,6,Manager
Types of Sexual Assault,7090,1,Sexual Assault (Penetration)
Types of Sexual Assault,7090,2,Sexual Assault (Touching)
Types of Sexual Assault,7090,3,Lewdness
Types of Sexual Assault,7090,4,Voyeurism
Types of Sexual Assault,7090,5,Sexual Harassment (at work or school)
Types of Sexual Assault,7090,6,Stalking
Types of Sexual Assault,7090,7,Abduction
Types of Sexual Assault,7090,8,Forced Prostitution
Types of Sexual Assault,7090,9,Human Sex Trafficking
Types of Sexual Assault,7090,10,Other
Assault Type,7091,1,Verbal Threat of Sexual Violence
Assault Type,7091,2,Sexual Battery
Assault Type,7091,3,Attempted Rape
Assault Type,7091,4,Rape
Assault Type,7091,5,Sodomy
Assault Type,7091,6,Oral Sexual Assault
Assault Type,7091,7,Adults Abused as Children
Assault Type,7091,8,Attempted Sexual Assault
Assault Type,7091,9,Child Sexual Abuse
Assault Type,7091,10,Sexual Assault
Assault Location Type,7108,1,Assailant's Home
Assault Location Type,7108,2,Correctional Facility
Assault Location Type,7108,3,Other Public Building
Assault Location Type,7108,4,School Premises
Assault Location Type,7108,5,Victim's Home
Assault Location Type,7108,6,Club/Bar
Assault Location Type,7108,7,Hotel
Assault Location Type,7108,8,Park
Assault Location Type,7108,9,Vacant Building
Assault Location Type,7108,10,Work Place
Assault Location Type,7108,11,College Campus
Assault Location Type,7108,12,Multiple Locations
Assault Location Type,7108,13,Relative's home
Assault Location Type,7108,14,Vehicle
Assault Location Type,7108,15,Hospital/Health Facility
Assault Location Type,7108,16,Nursing Home/Hospice
Assault Location Type,7108,17,Outside
Assault Location Type,7108,98,Not Asked/Reported
Assault Location Type,7108,99,Unknown
Weapons Threatened,7109,1,Body
Weapons Threatened,7109,2,Gun
Weapons Threatened,7109,3,Knife
Weapons Threatened,7109,4,Other
Weapons Used,7110,1,Body
Weapons Used,7110,2,Gun
Weapons Used,7110,3,Knife
Weapons Used,7110,4,Other
SIC or NAICS,7114,1,SIC
SIC or NAICS,7114,2,NAICS
Released Hold Reasons,7118,1,Documentation submitted
Released Hold Reasons,7118,2,Discussion held
Released Hold Reasons,7118,3,N/A
TrueFalse,7120,1,True
TrueFalse,7120,2,False
CRM Mailing List Contacts,7128,1,"Category, Agency Type, Provider and Contact"
CRM Mailing List Contacts,7128,2,Team and Sales Rep - By Lead
CRM Mailing List Contacts,7128,3,Team and Sales Rep - By Opportunity
CRM Mailing List Contacts,7128,4,Agency Type
Guardianship,7140,1,Self
Guardianship,7140,2,Other
HairColor,7141,1,Black
HairColor,7141,2,Brown
HairColor,7141,3,Red
HairColor,7141,4,Blonde
HairColor,7141,5,Gray
HairColor,7141,10,Other
HairColor,7141,11,No Hair
HairColor,7141,12,White
HairColor,7141,13,Graying
Arc Locations,7152,-1,Other Location
Arc Locations,7152,1,"Barstow - 3920 Hallowing Point Road Prince Frederick, MD 20678"
Arc Locations,7152,2,"Tate Road - 200 Tate Road Prince Frederick, MD 20678"
Arc Locations,7152,3,"Cove Point - 1980 Hummingbird Drive Lusby, MD 20657"
Arc Locations,7152,4,"Townhouse - 824 Calvert Towne Drive Prince Frederick, MD 20678"
Arc Locations,7152,5,"Sunrise - 1530 Sunrise Court Huntingtown, MD 20639"
Arc Locations,7152,6,"Sandy Point - 6185 Sandy Point Road Prince Frederick, MD 20678"
Arc Locations,7152,7,"Kings Road - 4910 Kings Road St. Leonard, MD 20685"
Arc Locations,7152,8,"Bayview - 15 Terrace Drive Prince Frederick, MD 20678"
Arc Locations,7152,9,"Longbeach - 5325 Longbeach Road St. Leonard, MD 20685"
Arc Locations,7152,10,"Longbeach Apartment - 5325 Longbeach Road St. Leonard, MD 20685"
Arc Locations,7152,11,"Dunkirk - 3502 King Drive Dunkirk, MD 20754"
Arc Locations,7152,12,"Laura Lane - 475 Laura Lane Lusby, MD 20657"
Arc Locations,7152,13,"Golden West Way - 831 Golden West Way Lusby, MD 20657"
Arc Locations,7152,14,"Barksdale - 221 Barksdale Avenue Waldorf, MD 20601"
Arc Locations,7152,15,"Balfour Court - 2071 Balfour Court Waldorf, MD 20601"
Arc Locations,7152,16,"McIntosh - 24387 McIntosh Road Hollywood, MD 20636"
Arc Locations,7152,17,"Clements - 22801 Budds Creek Road Clements, MD 20624"
Arc Locations,7152,18,"Church Street - 41605 Church Street Leonardtown, MD 20650"
Arc Locations,7152,19,"Morris Drive - 21453 Morris Drive Lexington Park, MD 20653"
Arc Locations,7152,20,"Redgate - 23639 Point Lookout Road Leonardtown, MD 20650"
Arc Locations,7152,21,"Breton Bay - 22486 Tall Oaks Court Leonardtown, MD "
Arc Locations,7152,22,"Holly Gaf - 25195 Morgan Road Hollywood, MD 20636"
Arc Locations,7152,23,"Deer Run - 45820 Dogwood Lane Great Mills, MD 20634"
Arc Locations,7152,24,"Abell Street - 22950 Abell Street Leonardtown, MD 20650"
Arc Locations,7152,25,"Park Hall - 20440 Old Hermanville Road Lexington Park, MD 20653"
Arc Locations,7152,26,"Park Hall Apartment - 20440 Old Hermanville Road Apt. 1 Lexington Park, MD 20653"
Arc Locations,7152,27,"Calvert County Office - 355 West Dares Beach Road Prince Frederick, MD 20678"
Arc Locations,7152,28,"Charles County Office - 3601 Leonardtown Road Waldorf, MD 20602"
Arc Locations,7152,29,"St. Mary's Office - 25470 Point Lookout Road Unit H Leonardtown, MD 20650"
Arc Locations,7152,30,"McAdams - 2370 Sixes Road Prince Frederick, MD 20678"
Arc Locations,7152,31,"Young - 506 Solomons Island Road Prince Frederick, MD 20678"
Arc Locations,7152,32,"Kipling - 11627 Kipling Drive Waldorf, MD 20601"
Arc Locations,7152,33,"Bisko - 3415 B White Fir Court Waldorf, MD 20602"
Arc Locations,7152,34,"Tennison - 24626 Hollywood Road Apt 3 Hollywood, MD 20636"
Arc Locations,7152,35,"Piney Point - 17848 Piney Point Road Tall Timbers, MD 20690"
Arc Locations,7152,36,"Mt. Hope - 104 Pushaw Station Road, Sunderland, MD 20689"
Arc Locations,7152,37,"Michael Road - 1910 Michael Road, Waldorf, MD 20601"
Arc Locations,7152,38,"Dusk Drive - 6004 Dusk Drive, Prince Frederick, MD 20678"
Yes No Nurse Pending,7154,1,Yes
Yes No Nurse Pending,7154,2,No
Yes No Nurse Pending,7154,3,Nurse Pending Approval
Yes No Nurse Pending,7154,4,N / A for Client
Donor Contact Lists,7162,1,All Donors
Donor Contact Lists,7162,2,Primary Donors
Donor Contact Lists,7162,3,Donor Groups
Campaign Budget Type,7164,1,Campaign Budget
HCS Fiscal Year ID,7174,21,2015
HCS Fiscal Year ID,7174,22,2016
HCS Fiscal Year ID,7174,23,2017
HCS Fiscal Year ID,7174,24,2018
HCS Fiscal Year ID,7174,25,2019
HCS Fiscal Year ID,7174,26,2020
HCS Fiscal Year ID,7174,27,2021
HCS Fiscal Year ID,7174,28,2022
HCS Fiscal Year ID,7174,29,2023
HCS Fiscal Year ID,7174,30,2024
HCS Fiscal Year ID,7174,31,2025
HCS Fiscal Year ID,7174,32,2026
Arc Service Region,7175,1,Calvet County
Arc Service Region,7175,2,Charles County
Arc Service Region,7175,3,St. Mary's County
Manager/Staff,7176,1,Manager
Manager/Staff,7176,2,Staff
Manager/Staff,7176,3,Director
"Cognitive Impairment	",7178,1,"None Reported	"
"Cognitive Impairment	",7178,2,"Orientation	"
"Cognitive Impairment	",7178,3,"Memory	"
"Cognitive Impairment	",7178,4,"Attention/Concentration	"
"Cognitive Impairment	",7178,5,"Ability to Abstract	"
"Intelligence Estimate	",7179,1,"Mental Retardation	"
"Intelligence Estimate	",7179,2,"Borderline	"
"Intelligence Estimate	",7179,3,"Average	"
"Intelligence Estimate	",7179,4,"Above Average	"
"Good to Absent	",7180,1,"Good	"
"Good to Absent	",7180,2,"Poor	"
"Good to Absent	",7180,3,"Absent	"
"Family History	",7181,1,"No Family History	"
"Family History	",7181,2,"Family History	"
"Support Level	",7182,1,"Not Supportive At All	"
"Support Level	",7182,2,"Not Very Supportive	"
"Support Level	",7182,3,"Neutral	"
"Support Level	",7182,4,"Somewhat Supportive	"
"Support Level	",7182,5,"Highly Supportive	"
"Family History (Members)	",7183,1,"Mother	"
"Family History (Members)	",7183,2,"Father	"
"Family History (Members)	",7183,3,"Siblings	"
"Family History (Members)	",7183,4,"Aunt	"
"Family History (Members)	",7183,5,"Uncle	"
"Family History (Members)	",7183,6,"Grandparents	"
"Pain Rating	",7184,1,"1 - Low Pain Rating	"
"Pain Rating	",7184,2,"2	"
"Pain Rating	",7184,3,"3	"
"Pain Rating	",7184,4,"4	"
"Pain Rating	",7184,5,"5	"
"Pain Rating	",7184,6,"6	"
"Pain Rating	",7184,7,"7	"
"Pain Rating	",7184,8,"8	"
"Pain Rating	",7184,9,"9	"
"Pain Rating	",7184,10,"10 - High Pain Rating	"
"Good to Poor	",7185,1,"Good	"
"Good to Poor	",7185,2,"Fair	"
"Good to Poor	",7185,3,"Poor	"
"Appearance	",7186,1,"Well-Groomed	"
"Appearance	",7186,2,"Unkempt	"
"Appearance	",7186,3,"Disheveled	"
"Appearance	",7186,4,"Malodorous	"
"Build	",7187,1,"Average	"
"Build	",7187,2,"Thin	"
"Build	",7187,3,"Overweight	"
"Build	",7187,4,"Obese	"
"Demeanor	",7188,1,"Cooperative	"
"Demeanor	",7188,2,"Preoccupied	"
"Demeanor	",7188,3,"Hostile	"
"Demeanor	",7188,4,"Guarded	"
"Demeanor	",7188,5,"Withdrawn	"
"Avg/Decrease/Increase	",7189,1,"Average	"
"Avg/Decrease/Increase	",7189,2,"Decreased	"
"Avg/Decrease/Increase	",7189,3,"Increased	"
"Speech	",7190,1,"Clear	"
"Speech	",7190,2,"Slurred	"
"Speech	",7190,3,"Rapid	"
"Speech	",7190,4,"Slow	"
"Speech	",7190,5,"Pressured	"
"Speech	",7190,6,"Soft	"
"Speech	",7190,7,"Loud	"
"Speech	",7190,8,"Monotone	"
"Delusions	",7191,1,"None Reported	"
"Delusions	",7191,2,"Grandiose	"
"Delusions	",7191,3,"Persecutory	"
"Delusions	",7191,4,"Somatic	"
"Delusions	",7191,5,"Bizarre	"
"Delusions	",7191,6,"Nihilist	"
"Delusions	",7191,7,"Religious	"
"Thought Content	",7192,1,"None Reported	"
"Thought Content	",7192,2,"Obsessions	"
"Thought Content	",7192,3,"Compulsions	"
"Thought Content	",7192,4,"Phobias	"
"Thought Content	",7192,5,"Guilt	"
"Self-Abuse	",7193,1,"None Reported	"
"Self-Abuse	",7193,2,"Self-Mutilation	"
"Self-Abuse	",7193,3,"Suicidal Intent	"
"Self-Abuse	",7193,4,"Plan	"
"Aggression	",7194,1,"None Reported	"
"Aggression	",7194,2,"Aggressive	"
"Aggression	",7194,3,"Intent	"
"Aggression	",7194,4,"Plan	"
"Perception	",7195,1,"None Reported	"
"Perception	",7195,2,"Illusions	"
"Perception	",7195,3,"Depersonalization	"
"Perception	",7195,4,"Derealization	"
"Hallucinations	",7196,1,"None Reported	"
"Hallucinations	",7196,2,"Auditory	"
"Hallucinations	",7196,3,"Visual	"
"Hallucinations	",7196,4,"Olfactory	"
"Hallucinations	",7196,5,"Gustatory	"
"Hallucinations	",7196,6,"Tactile	"
"Thought Process	",7197,1,"Logical	"
"Thought Process	",7197,2,"Goal Oriented	"
"Thought Process	",7197,3,"Circumstantial	"
"Thought Process	",7197,4,"Tangential	"
"Thought Process	",7197,5,"Loose	"
"Thought Process	",7197,6,"Rapid Thoughts	"
"Thought Process	",7197,7,"Incoherent	"
"Thought Process	",7197,8,"Concrete	"
"Thought Process	",7197,9,"Blocked	"
"Thought Process	",7197,10,"Flight of Ideas	"
"Thought Process	",7197,11,"Perserverative	"
"Thought Process	",7197,12,"Derailment	"
"Mood	",7198,1,"Euthymic	"
"Mood	",7198,2,"Depressed	"
"Mood	",7198,3,"Anxious	"
"Mood	",7198,4,"Angry	"
"Mood	",7198,5,"Euphoric	"
"Mood	",7198,6,"Irritable	"
"Affect	",7199,1,"Flat	"
"Affect	",7199,2,"Inappropriate	"
"Affect	",7199,3,"Labile	"
"Affect	",7199,4,"Blunted	"
"Affect	",7199,5,"Congruent with Mood	"
"Affect	",7199,6,"Full	"
"Affect	",7199,7,"Constricted	"
"Behavior	",7200,1,"No Behavior Issues	"
"Behavior	",7200,2,"Assaultive	"
"Behavior	",7200,3,"Resistant	"
"Behavior	",7200,4,"Aggressive	"
"Behavior	",7200,5,"Agitated	"
"Behavior	",7200,6,"Hyperactive	"
"Behavior	",7200,7,"Restless	"
"Behavior	",7200,8,"Sleepy	"
"Behavior	",7200,9,"Intrusive	"
"Movement	",7201,1,"Akathisia	"
"Movement	",7201,2,"Dystonia	"
"Movement	",7201,3,"Tardive Dyskinesia	"
"Movement	",7201,4,"Tics	"
"Risk Scale	",7202,1,"Low	"
"Risk Scale	",7202,2,"Medium	"
"Risk Scale	",7202,3,"High	"
"Risk Scale	",7202,4,"Chronic	"
"Adequate to Exceptional	",7203,1,"Adequate	"
"Adequate to Exceptional	",7203,2,"Above Average	"
"Adequate to Exceptional	",7203,3,"Exceptional	"
"Injected	",7204,1,"Yes - Injected	"
Family AMI Method,7211,0,Use Family Member Table
Family AMI Method,7211,1,Use Text Box on Assessment
Family AMI Method,7211,2,Use Enrollment Member
Family History (Members),7215,1,Mother
Family History (Members),7215,2,Father
Family History (Members),7215,3,Siblings
Family History (Members),7215,4,Aunt
Family History (Members),7215,5,Uncle
Family History (Members),7215,6,Grandparents
" Cognitive Impairment ",7217,1," None Reported "
" Cognitive Impairment ",7217,2," Orientation "
" Cognitive Impairment ",7217,3," Memory "
" Cognitive Impairment ",7217,4," Attention/Concentration "
" Cognitive Impairment ",7217,5," Ability to Abstract "
" Intelligence Estimate ",7218,1," Mental Retardation "
" Intelligence Estimate ",7218,2," Borderline "
" Intelligence Estimate ",7218,3," Average "
" Intelligence Estimate ",7218,4," Above Average "
" Good to Absent ",7219,1," Good "
" Good to Absent ",7219,2," Poor "
" Good to Absent ",7219,3," Absent "
" Family History ",7220,1," No Family History "
" Family History ",7220,2," Family History "
" Support Level ",7221,1," Not Supportive At All "
" Support Level ",7221,2," Not Very Supportive "
" Support Level ",7221,3," Neutral "
" Support Level ",7221,4," Somewhat Supportive "
" Support Level ",7221,5," Highly Supportive "
" Pain Rating ",7222,1," 1 - Low Pain Rating "
" Pain Rating ",7222,2," 2 "
" Pain Rating ",7222,3," 3 "
" Pain Rating ",7222,4," 4 "
" Pain Rating ",7222,5," 5 "
" Pain Rating ",7222,6," 6 "
" Pain Rating ",7222,7," 7 "
" Pain Rating ",7222,8," 8 "
" Pain Rating ",7222,9," 9 "
" Pain Rating ",7222,10," 10 - High Pain Rating "
" Good to Poor ",7223,1," Good "
" Good to Poor ",7223,2," Fair "
" Good to Poor ",7223,3," Poor "
" Appearance ",7224,1," Well-Groomed "
" Appearance ",7224,2," Unkempt "
" Appearance ",7224,3," Disheveled "
" Appearance ",7224,4," Malodorous "
" Build ",7225,1," Average "
" Build ",7225,2," Thin "
" Build ",7225,3," Overweight "
" Build ",7225,4," Obese "
" Demeanor ",7226,1," Cooperative "
" Demeanor ",7226,2," Preoccupied "
" Demeanor ",7226,3," Hostile "
" Demeanor ",7226,4," Guarded "
" Demeanor ",7226,5," Withdrawn "
" Avg/Decrease/Increase ",7227,1," Average "
" Avg/Decrease/Increase ",7227,2," Decreased "
" Avg/Decrease/Increase ",7227,3," Increased "
" Speech ",7228,1," Clear "
" Speech ",7228,2," Slurred "
" Speech ",7228,3," Rapid "
" Speech ",7228,4," Slow "
" Speech ",7228,5," Pressured "
" Speech ",7228,6," Soft "
" Speech ",7228,7," Loud "
" Speech ",7228,8," Monotone "
" Delusions ",7229,1," None Reported "
" Delusions ",7229,2," Grandiose "
" Delusions ",7229,3," Persecutory "
" Delusions ",7229,4," Somatic "
" Delusions ",7229,5," Bizarre "
" Delusions ",7229,6," Nihilist "
" Delusions ",7229,7," Religious "
" Thought Content ",7230,1," None Reported "
" Thought Content ",7230,2," Obsessions "
" Thought Content ",7230,3," Compulsions "
" Thought Content ",7230,4," Phobias "
" Thought Content ",7230,5," Guilt "
" Self-Abuse ",7231,1," None Reported "
" Self-Abuse ",7231,2," Self-Mutilation "
" Self-Abuse ",7231,3," Suicidal Intent "
" Self-Abuse ",7231,4," Plan "
" Aggression ",7232,1," None Reported "
" Aggression ",7232,2," Aggressive "
" Aggression ",7232,3," Intent "
" Aggression ",7232,4," Plan "
" Perception ",7233,1," None Reported "
" Perception ",7233,2," Illusions "
" Perception ",7233,3," Depersonalization "
" Perception ",7233,4," Derealization "
" Hallucinations ",7234,1," None Reported "
" Hallucinations ",7234,2," Auditory "
" Hallucinations ",7234,3," Visual "
" Hallucinations ",7234,4," Olfactory "
" Hallucinations ",7234,5," Gustatory "
" Hallucinations ",7234,6," Tactile "
" Thought Process ",7235,1," Logical "
" Thought Process ",7235,2," Goal Oriented "
" Thought Process ",7235,3," Circumstantial "
" Thought Process ",7235,4," Tangential "
" Thought Process ",7235,5," Loose "
" Thought Process ",7235,6," Rapid Thoughts "
" Thought Process ",7235,7," Incoherent "
" Thought Process ",7235,8," Concrete "
" Thought Process ",7235,9," Blocked "
" Thought Process ",7235,10," Flight of Ideas "
" Thought Process ",7235,11," Perserverative "
" Thought Process ",7235,12," Derailment "
" Mood ",7236,1," Euthymic "
" Mood ",7236,2," Depressed "
" Mood ",7236,3," Anxious "
" Mood ",7236,4," Angry "
" Mood ",7236,5," Euphoric "
" Mood ",7236,6," Irritable "
" Affect ",7237,1," Flat "
" Affect ",7237,2," Inappropriate "
" Affect ",7237,3," Labile "
" Affect ",7237,4," Blunted "
" Affect ",7237,5," Congruent with Mood "
" Affect ",7237,6," Full "
" Affect ",7237,7," Constricted "
" Behavior ",7238,1," No Behavior Issues "
" Behavior ",7238,2," Assaultive "
" Behavior ",7238,3," Resistant "
" Behavior ",7238,4," Aggressive "
" Behavior ",7238,5," Agitated "
" Behavior ",7238,6," Hyperactive "
" Behavior ",7238,7," Restless "
" Behavior ",7238,8," Sleepy "
" Behavior ",7238,9," Intrusive "
" Movement ",7239,1," Akathisia "
" Movement ",7239,2," Dystonia "
" Movement ",7239,3," Tardive Dyskinesia "
" Movement ",7239,4," Tics "
" Risk Scale ",7240,1," Low "
" Risk Scale ",7240,2," Medium "
" Risk Scale ",7240,3," High "
" Risk Scale ",7240,4," Chronic "
" Adequate to Exceptional ",7241,1," Adequate "
" Adequate to Exceptional ",7241,2," Above Average "
" Adequate to Exceptional ",7241,3," Exceptional "
" Injected ",7242,1," Yes - Injected "
Outcomes Star Type,7243,1,Justice Star
Media Release Types,7244,1,Photo
Incident Type Detail,7245,1,Client to Client
Incident Type Detail,7245,2,Client to Other
Incident Type Detail,7245,3,Client to Staff
Incident Type Detail,7245,4,Staff to Client
Incident Type Detail,7245,5,Other to Client
Incident Type Detail,7245,6,Behavior Episode
Incident Type Detail,7245,7,Substance Abuse
Incident Type Detail,7245,8,Unauthorized Absence (AWOL)
Incident Type Detail,7245,9,Harm to Self
Incident Type Detail,7245,10,Psychological
Incident Type Detail,7245,11,Property Damage
Incident Type Detail,7245,12,Non-Physical Aggression
Incident Type Detail,7245,13,Theft
Incident Type Detail,7245,14,Other
Incident Type Detail,7245,15,Sexual
Incident Type Detail,7245,16,Physical
Incident Type Detail,7245,17,Psychological/Mental
Incident Type Detail,7245,18,Financial
Incident Type Detail,7245,19,Neglect
Incident Type Detail,7245,99,Unknown
Voluntary/Involuntary,7246,1,Voluntary
Voluntary/Involuntary,7246,2,Involuntary
HMISCEAssessmentType,7248,1,Phone
HMISCEAssessmentType,7248,2,Virtual
HMISCEAssessmentType,7248,3,In Person
HMISCEAssessmentLevel,7249,1,Crisis Needs Assessment
HMISCEAssessmentLevel,7249,2,Housing Needs Assessment
HMISCEPrioritizationStatus,7250,1,Placed on prioritization list
HMISCEPrioritizationStatus,7250,2,Not placed on prioritization list
HMISCEPrioritizationStatus,7250,3,Not yet determined (assessment in progress)
HMIS Current Residence Type,7251,-1,Other
HMIS Current Residence Type,7251,1,Emergency Shelter including hotel or motel paid for with emergency shelter voucher or RHY Funded Host Home Shelter
HMIS Current Residence Type,7251,2,Transitional housing for homeless persons (including homeless youth)
HMIS Current Residence Type,7251,3,"Permanent housing (other than RRH) for formerly homeless persons "
HMIS Current Residence Type,7251,4,Psychiatric hospital or other psychiatric facility
HMIS Current Residence Type,7251,5,Substance abuse treatment facility or detox center
HMIS Current Residence Type,7251,6,Hospital or other residential non psychiatric medical facility
HMIS Current Residence Type,7251,7,"Jail, prison, juvenile detention facility"
HMIS Current Residence Type,7251,8,Client doesn't know
HMIS Current Residence Type,7251,9,Client Prefers Not to Answer
HMIS Current Residence Type,7251,10,"Rental by client, no ongoing housing subsidy"
HMIS Current Residence Type,7251,11,"Owned by client, no ongoing housing subsidy"
HMIS Current Residence Type,7251,14,Hotel or motel paid for without emergency shelter voucher
HMIS Current Residence Type,7251,15,Foster care home or foster care group home
HMIS Current Residence Type,7251,16,"Place not meant for habitation (e.g., a vehicle, an abandoned building, bus/train/subway station/airport or anywhere outside)"
HMIS Current Residence Type,7251,17,Other
HMIS Current Residence Type,7251,18,Safe Haven
HMIS Current Residence Type,7251,19,"Rental by client, with VASH housing subsidy"
HMIS Current Residence Type,7251,20,"Rental by client, with other ongoing housing subsidy"
HMIS Current Residence Type,7251,21,"Owned by client, with ongoing housing subsidy"
HMIS Current Residence Type,7251,25,Long-term care facility or nursing home
HMIS Current Residence Type,7251,28,"Rental by client, with GPD TIP housing subsidy"
HMIS Current Residence Type,7251,29,Residential project or halfway house with no homeless criteria
HMIS Current Residence Type,7251,31,Rental by client with RRH or equivalent subsidy
HMIS Current Residence Type,7251,32,Host Home (non-crisis)
HMIS Current Residence Type,7251,33,Rental by client with HCV voucher (tenant or project based)
HMIS Current Residence Type,7251,34,Rental by client in a public housing unit
HMIS Current Residence Type,7251,35,"Staying or living in a family member's room, apartment or house"
HMIS Current Residence Type,7251,36,"Staying or living in a friend's room, apartment or house"
HMIS Current Residence Type,7251,37,Worker unable to determine
HMIS Current Residence Type,7251,50,HOMELESS SITUATION
HMIS Current Residence Type,7251,51,INSTITUTIONAL SITUATION
HMIS Current Residence Type,7251,52,TEMPORARY AND PERMANENT HOUSING SITUATION
HMIS Current Residence Type,7251,98,OTHER
HMIS Current Residence Type,7251,99,Data Not Collected
Coordinated Entry Event,7252,1,Referral to Prevention Assistance Project
Coordinated Entry Event,7252,2,Problem Solving/Diversion/Rapid Resolution intervention or service
Coordinated Entry Event,7252,3,Referral to scheduled Coordinated Entry Crisis Needs Assessment
Coordinated Entry Event,7252,4,Referral to scheduled Coordinated Entry Housing Needs Assessment
Coordinated Entry Event,7252,5,Referral to post-placement/follow-up case management
Coordinated Entry Event,7252,6,Referral to Street Outreach project or services
Coordinated Entry Event,7252,7,Referral to Housing Navigation project or services
Coordinated Entry Event,7252,8,Referral to Non-continuum services: Ineligible for continuum services
Coordinated Entry Event,7252,9,Referral to Non-continuum services: No availability in continuum services
Coordinated Entry Event,7252,10,Referral to Emergency Shelter bed opening
Coordinated Entry Event,7252,11,Referral to Transitional Housing bed/unit opening
Coordinated Entry Event,7252,12,Referral to Joint TH-RRH project/unit resource opening
Coordinated Entry Event,7252,13,Referral to RRH project resource opening
Coordinated Entry Event,7252,14,Referral to PSH project resource opening
Coordinated Entry Event,7252,15,Referral to Other PH project/unit/resource opening
Coordinated Entry Event,7252,16,Referral to emergency assistance/flex fund/furniture assistance
Coordinated Entry Event,7252,17,Referral to Emergency Housing Voucher (EHV)
Coordinated Entry Event,7252,18,Referral to a Housing Stability Voucher
Coordinated Entry Event,7252,98,Access Event
Coordinated Entry Event,7252,99,Referral Event
Coordinated Entry Referral Result,7253,1,Successful referral: client accepted
Coordinated Entry Referral Result,7253,2,Unsuccessful referral: client rejected
Coordinated Entry Referral Result,7253,3,Unsuccessful referral: provider rejected
Coordinated Entry HUD Element Type,7255,1,Question
Coordinated Entry HUD Element Type,7255,2,Result
Coordinated Entry HUD Element Type,7255,3,N/A
Analytic Color Themes,7256,1,Default
Analytic Color Themes,7256,2,Dark
Analytic Color Themes,7256,3,Orange
Analytic Color Themes,7256,4,Light Blue
Analytic Color Themes,7256,5,Teal
Analytic Color Themes,7256,6,Old
Matrix Response Types,7258,1,Single Response
Matrix Response Types,7258,2,Multi Response
Outcome Matrix Answer Type,7259,1,Standard
Outcome Matrix Answer Type,7259,2,Free Text
Donor Communications Checklist,7262,1,Personalized Thank You
Donor Communications Checklist,7262,2,Automated Thank You - Generated from Outside Source
Donor Communications Checklist,7262,3,6 Month Update
Donor Communications Checklist,7262,4,1 Year Update
Employment Type,7264,1,Full Time
Employment Type,7264,2,Part Time
Employment Type,7264,3,Seasonal
Employment Type,7264,99,Other
HVRP Exit Date Source,7265,1,Enrollment Member Exit Date
HVRP Exit Date Source,7265,2,Placement Date
Benefits,7266,1,SSI/SSDI
Benefits,7266,2,Medicaid or Medicare
Benefits,7266,3,TANF
Benefits,7266,4,Food Stamps
Benefits,7266,5,VA
Benefits,7266,6,Worker's Comp
Benefits,7266,7,DOE
Benefits,7266,8,Other
How will you get to work,7267,1,No transportation
How will you get to work,7267,2,Use special travel services
How will you get to work,7267,3,Live on bus route
How will you get to work,7267,4,Family/friends
How will you get to work,7267,5,"Provide own (car,walk,bike,Uber,etc.)"
Minimum Hourly Salary,7268,1,Minimum wage - $8
Minimum Hourly Salary,7268,2,$9 - $10
Minimum Hourly Salary,7268,3,$11 - $12
Minimum Hourly Salary,7268,4,$12+
Minimum Hourly Salary,7268,5,Other
Type of Contact,7269,1,Phone
Type of Contact,7269,2,Email
Type of Contact,7269,3,In Person
Limit by Services,7273,1,Limit by mapped CSBG services
Limit by Services,7273,2,Limit by any service
HVRP Quarters,7274,1,Q1 Jul - Sept
HVRP Quarters,7274,2,Q2 Oct - Dec
HVRP Quarters,7274,3,Q3 Jan -  Mar
HVRP Quarters,7274,4,Q4 Apr - June
HVRP Employment Record Type,7275,1,Placement
HVRP Employment Record Type,7275,2,Retention
Appointment Reschedule Reasons,7282,1,Client has a conflict
Appointment Reschedule Reasons,7282,2,Client did not show
Appointment Reschedule Reasons,7282,3,Staff has a conflict
Appointment Reschedule Reasons,7282,4,Resource conflict
Usage Slot Hold Family or Individual,7286,1,Individual Member (record currently exists in system)
Usage Slot Hold Family or Individual,7286,2,Family Member (generic slot for family member to be entered in future.)
Resource Usage Hold Status,7288,1,Accepted
Resource Usage Hold Status,7288,2,Expired
Resource Usage Hold Status,7288,3,Override
Inf. Disease Status,7292,1,Pending Test Results
Inf. Disease Status,7292,2,Hospitalized
Inf. Disease Status,7292,3,Quarantine Facility
Inf. Disease Status,7292,4,Self-Isolating
Inf. Disease Status,7292,5,Closed/ No Action Needed
Inf. Disease Status,7292,6,Cleared
Infectious Diseases,7293,1,COVID-19
Resource Usage Hold Status,7294,1,Occupied
Resource Usage Hold Status,7294,2,Held
Resource Usage Hold Status,7294,3,Unoccupied
Landlord Or Tenant,7295,1,Landlord
Landlord Or Tenant,7295,2,Tenant
HUD Inspection Types,7296,1,Initial
HUD Inspection Types,7296,2,Special
HUD Inspection Types,7296,3,Re-Inspection
HUD Inspection Housing Types,7297,1,Single Family Detached
HUD Inspection Housing Types,7297,2,Duplex or Two Family
HUD Inspection Housing Types,7297,3,Row House or Town House
HUD Inspection Housing Types,7297,4,"Low Rise: 3, 4 Stores, including Garden Apartments"
HUD Inspection Housing Types,7297,5,High Rise: 5 or More Stories
HUD Inspection Housing Types,7297,6,Manufactured Home
HUD Inspection Housing Types,7297,7,Congregate
HUD Inspection Housing Types,7297,8,Cooperative
HUD Inspection Housing Types,7297,9,Indpendent Group Residence
HUD Inspection Housing Types,7297,10,Single Room Occupancy
HUD Inspection Housing Types,7297,11,Shared Housing
HUD Inspection Housing Types,7297,12,Other
Contact Method,7299,1,Phone
Contact Method,7299,2,Personal Email
Contact Method,7299,3,Text
Type of Support in Workplace,7300,1,GNG staff
Type of Support in Workplace,7300,2,Co-Workers/Supervisors
Type of Support in Workplace,7300,3,Family
Type of Support in Workplace,7300,4,Friends
Type of Support in Workplace,7300,5,Referral Source
Type of Support in Workplace,7300,99,Other
Training Needs (JC Plan),7301,1,Orientation to Job Duties: initial instructions and understanding of all work duties and requirements of the job
Training Needs (JC Plan),7301,2,"Work Practices: understanding payroll, insurance, benefits, safety rules, retirement, etc"
Training Needs (JC Plan),7301,3,"Work Culture: understanding chain of command, grievance procedures, and work relationships"
Training Needs (JC Plan),7301,4,Work Site Modification: changes needed to job task or accommodations to ensure success
Training Needs (JC Plan),7301,5,Transportation: establishing reliable transportation to and from the job
Training Needs (JC Plan),7301,6,Communication Skills: able to effectively communicate needs and understand job task and other instructions
Training Needs (JC Plan),7301,7,"Integration into Job Setting: learning about the organization, understanding job/role, performing the role effectively, and working well with others"
Training Needs (JC Plan),7301,8,"Functional Literacy: academic skills need for the job (reading signs, completing paperwork, etc)"
Training Needs (JC Plan),7301,9,"Attendance & Punctuality: being on time and present on assigned days; using call in procedures, etc"
Training Needs (JC Plan),7301,10,"Grooming, Hygiene, & Attire: good hygiene; well laundered/presentable work clothes; compliance with uniform"
Training Needs (JC Plan),7301,11,Job Performance & Progress: doing the job according to the quality & quantity expectations of the employer
Training Needs (JC Plan),7301,12,"Job Related Issues: being able to resolve problems with supervisors, co-workers, etc."
Training Needs (JC Plan),7301,13,"Interpersonal Skills: self-advocacy, resolving conflicts appropriately, including anger management, etc."
Training Needs (JC Plan),7301,14,"Community Skills: money management-checking or savings accounts; mobility, time management- coming back from break on time, not spending too much time on one task"
Training Needs (JC Plan),7301,15,"Work Ethics: understanding need to work hard & diligence at work. Understands wrong to take from work, etc"
Training Needs (JC Plan),7301,16,"Workplace Technology: computer trainings, cash register, time-card, email, etc"
Training Needs (JC Plan),7301,17,Other
Intensive Service Plan Type,7302,6,Individual Employment
Intensive Service Plan Type,7302,7,Job Coach
Intensive Service Plan Type,7302,8,Job Search
Intensive Service Plan Type,7302,9,Work Evaluation
Outcomes Star Owner,7303,1,The worker and client together
Outcomes Star Owner,7303,2,The worker only
Outcomes Star Owner,7303,3,The client only - these Stars aren't included in reports
Outcomes Star Type,7305,1,Standard Star
Outcomes Star Type,7305,2,Retrospective Star
Check Out Status,7309,1,Checked In
Check Out Status,7309,2,Checked Out
Reason Not Attained - PIR Referral,7312,1,Client not eligible
Reason Not Attained - PIR Referral,7312,2,Client did not show to scheduled appointment
Reason Not Attained - PIR Referral,7312,3,Client declined services
Reason Not Attained - PIR Referral,7312,4,Provider determined services would not meet client need
Reason Not Attained - PIR Referral,7312,5,The responsible agency assigned child to Response to Intervention
Reason Not Attained - PIR Referral,7312,6,Parent(s) refused evaluation
Reason Not Attained - PIR Referral,7312,7,Evaluation is pending and not yet completed
Reason Not Attained - PIR Referral,7312,8,Other (specify)
VISPDAT Individual Course of Action,7314,0,Assess for least intensive service supports
VISPDAT Individual Course of Action,7314,1,Assess for least intensive service supports
VISPDAT Individual Course of Action,7314,2,Assess for least intensive service supports
VISPDAT Individual Course of Action,7314,3,Assess for least intensive service supports
VISPDAT Individual Course of Action,7314,4,Assess for moderate and often time-limited supports
VISPDAT Individual Course of Action,7314,5,Assess for moderate and often time-limited supports
VISPDAT Individual Course of Action,7314,6,Assess for moderate and often time-limited supports
VISPDAT Individual Course of Action,7314,7,Assess for moderate and often time-limited supports
VISPDAT Individual Course of Action,7314,8,Assess for high intensity supports lasting for a longer duration of time and perhaps even permanently
VISPDAT Individual Course of Action,7314,9,Assess for high intensity supports lasting for a longer duration of time and perhaps even permanently
VISPDAT Individual Course of Action,7314,10,Assess for high intensity supports lasting for a longer duration of time and perhaps even permanently
VISPDAT Individual Course of Action,7314,11,Assess for high intensity supports lasting for a longer duration of time and perhaps even permanently
VISPDAT Individual Course of Action,7314,12,Assess for high intensity supports lasting for a longer duration of time and perhaps even permanently
VISPDAT Individual Course of Action,7314,13,Assess for high intensity supports lasting for a longer duration of time and perhaps even permanently
VISPDAT Individual Course of Action,7314,14,Assess for high intensity supports lasting for a longer duration of time and perhaps even permanently
VISPDAT Individual Course of Action,7314,15,Assess for high intensity supports lasting for a longer duration of time and perhaps even permanently
VISPDAT Individual Course of Action,7314,16,Assess for high intensity supports lasting for a longer duration of time and perhaps even permanently
PR VI SPDAT Course of Action,7315,0,"No supports recommended; may, however, provide referral to mainstream services"
PR VI SPDAT Course of Action,7315,1,"No supports recommended; may, however, provide referral to mainstream services"
PR VI SPDAT Course of Action,7315,2,"No supports recommended; may, however, provide referral to mainstream services"
PR VI SPDAT Course of Action,7315,3,"No supports recommended; may, however, provide referral to mainstream services"
PR VI SPDAT Course of Action,7315,4,"No supports recommended; may, however, provide referral to mainstream services"
PR VI SPDAT Course of Action,7315,5,"No supports recommended; may, however, provide referral to mainstream services"
PR VI SPDAT Course of Action,7315,6,"No supports recommended; may, however, provide referral to mainstream services"
PR VI SPDAT Course of Action,7315,7,"No supports recommended; may, however, provide referral to mainstream services"
PR VI SPDAT Course of Action,7315,8,"No supports recommended; may, however, provide referral to mainstream services"
PR VI SPDAT Course of Action,7315,9,"No supports recommended; may, however, provide referral to mainstream services"
PR VI SPDAT Course of Action,7315,10,"No supports recommended; may, however, provide referral to mainstream services"
PR VI SPDAT Course of Action,7315,11,"As resources allow, consider financial and/or case management supports"
PR VI SPDAT Course of Action,7315,12,"As resources allow, consider financial and/or case management supports"
PR VI SPDAT Course of Action,7315,13,"As resources allow, consider financial and/or case management supports"
PR VI SPDAT Course of Action,7315,14,"As resources allow, consider financial and/or case management supports"
PR VI SPDAT Course of Action,7315,15,"As resources allow, consider financial and/or case management supports"
PR VI SPDAT Course of Action,7315,16,Recommendation for financial and/or case management supports
PR VI SPDAT Course of Action,7315,17,Recommendation for financial and/or case management supports
PR VI SPDAT Course of Action,7315,18,Recommendation for financial and/or case management supports
PR VI SPDAT Course of Action,7315,19,Recommendation for financial and/or case management supports
PR VI SPDAT Course of Action,7315,20,Recommendation for financial and/or case management supports
PR VI SPDAT Course of Action,7315,21,Recommendation for financial and/or case management supports
PR VI SPDAT Course of Action,7315,22,STRONG recommendation for financial and case management supports
PR VI SPDAT Course of Action,7315,23,STRONG recommendation for financial and case management supports
PR VI SPDAT Course of Action,7315,24,STRONG recommendation for financial and case management supports
PR VI SPDAT Course of Action,7315,25,STRONG recommendation for financial and case management supports
PR VI SPDAT Course of Action,7315,26,STRONG recommendation for financial and case management supports
PR VI SPDAT Course of Action,7315,27,STRONG recommendation for financial and case management supports
PR VI SPDAT Course of Action,7315,28,STRONG recommendation for financial and case management supports
PR VI SPDAT Course of Action,7315,29,STRONG recommendation for financial and case management supports
PR VI SPDAT Course of Action,7315,30,STRONG recommendation for financial and case management supports
VISPDAT Family Course of Action,7316,0,Assess for least intensive service supports
VISPDAT Family Course of Action,7316,1,Assess for least intensive service supports
VISPDAT Family Course of Action,7316,2,Assess for least intensive service supports
VISPDAT Family Course of Action,7316,3,Assess for least intensive service supports
VISPDAT Family Course of Action,7316,4,Assess for moderate and often time-limited supports
VISPDAT Family Course of Action,7316,5,Assess for moderate and often time-limited supports
VISPDAT Family Course of Action,7316,6,Assess for moderate and often time-limited supports
VISPDAT Family Course of Action,7316,7,Assess for moderate and often time-limited supports
VISPDAT Family Course of Action,7316,8,Assess for moderate and often time-limited supports
VISPDAT Family Course of Action,7316,9,Assess for high intensity supports lasting for a longer duration of time and perhaps even permanently
VISPDAT Family Course of Action,7316,10,Assess for high intensity supports lasting for a longer duration of time and perhaps even permanently
VISPDAT Family Course of Action,7316,11,Assess for high intensity supports lasting for a longer duration of time and perhaps even permanently
VISPDAT Family Course of Action,7316,12,Assess for high intensity supports lasting for a longer duration of time and perhaps even permanently
VISPDAT Family Course of Action,7316,13,Assess for high intensity supports lasting for a longer duration of time and perhaps even permanently
VISPDAT Family Course of Action,7316,14,Assess for high intensity supports lasting for a longer duration of time and perhaps even permanently
VISPDAT Family Course of Action,7316,15,Assess for high intensity supports lasting for a longer duration of time and perhaps even permanently
VISPDAT Family Course of Action,7316,16,Assess for high intensity supports lasting for a longer duration of time and perhaps even permanently
VISPDAT Family Course of Action,7316,17,Assess for high intensity supports lasting for a longer duration of time and perhaps even permanently
VISPDAT Family Course of Action,7316,18,Assess for high intensity supports lasting for a longer duration of time and perhaps even permanently
Federal FY Quarters,7317,1,Quarter 1
Federal FY Quarters,7317,2,Quarter 2
Federal FY Quarters,7317,3,Quarter 3
Federal FY Quarters,7317,4,Quarter 4
Isolated,7323,1,Never
Isolated,7323,2,Sometimes
Isolated,7323,3,Often
Isolated,7323,4,Always
DaysModerateExercise,7324,1,0
DaysModerateExercise,7324,2,1
DaysModerateExercise,7324,3,2
DaysModerateExercise,7324,4,3
DaysModerateExercise,7324,5,4
DaysModerateExercise,7324,6,5
DaysModerateExercise,7324,7,6
DaysModerateExercise,7324,8,7
MinutesExercising,7325,1,0
MinutesExercising,7325,2,10
MinutesExercising,7325,3,20
MinutesExercising,7325,4,30
MinutesExercising,7325,5,40
MinutesExercising,7325,6,50
MinutesExercising,7325,7,60
MinutesExercising,7325,8,90
MinutesExercising,7325,9,120
MinutesExercising,7325,10,150 or greater
FiveDrinks,7326,1,Never
FiveDrinks,7326,2,Once or twice
FiveDrinks,7326,3,Monthly
FiveDrinks,7326,4,Weekly
FiveDrinks,7326,5,Daily or Almost Daily
LittleInterest,7327,0,Not at all
LittleInterest,7327,1,Several Days
LittleInterest,7327,2,More than half the days
LittleInterest,7327,3,Nearly every day
FeelStress,7328,1,Not at all
FeelStress,7328,2,A little bit
FeelStress,7328,3,Somewhat
FeelStress,7328,4,Quite a bit
FeelStress,7328,5,Very much
LivingSitToday,7331,1,I have a steady place to live
LivingSitToday,7331,2,"I have a place to live today, but I am worried about losing it in the future"
LivingSitToday,7331,3,"I do not have a steady place to live (I am temporarily staying with others, in a hotel, in a   shelter, living outside on the street, on a beach, in a car, abandoned building, bus or   train station, or in a park)"
AHSProblems,7332,1,"Pests such as bugs, ants, or mice"
AHSProblems,7332,2,Mold
AHSProblems,7332,3,Lead paint or pipes
AHSProblems,7332,4,Lack of heat
AHSProblems,7332,5,Oven or stove not working
AHSProblems,7332,6,Smoke detectors missing or not working
AHSProblems,7332,7,Water leaks
AHSProblems,7332,8,None of the above
NoFood,7333,1,Often true
NoFood,7333,2,Sometimes true
NoFood,7333,3,Never true
ShutOffUtilites,7334,1,Yes
ShutOffUtilites,7334,2,No
ShutOffUtilites,7334,3,Already shut off
PhysicallyHurt,7335,1,Never
PhysicallyHurt,7335,2,Rarely
PhysicallyHurt,7335,3,Sometimes
PhysicallyHurt,7335,4,Fairly often
PhysicallyHurt,7335,5,Frequently
PayForBasics,7336,1,Very hard
PayForBasics,7336,2,Somewhat hard
PayForBasics,7336,3,Not hard at all
HelpFindingWork,7337,1,"Yes, help finding work"
HelpFindingWork,7337,2,"Yes, help keeping work"
HelpFindingWork,7337,3,I do not need or want help
DayActivitiesHelp,7338,1,I don’t need any help
DayActivitiesHelp,7338,2,I get all the help I need
DayActivitiesHelp,7338,3,I could use a little more help
DayActivitiesHelp,7338,4,I need a lot more help
Billing Rate Types,7339,1,Program Service Rates
Billing Rate Types,7339,2,Provider Service Rates
Billing Rate Types,7339,3,Contract Service Rates
Billing Rate Types,7339,4,Project Transaction Rates
Billing Rate Types,7339,5,Foster Care Rates
HVRP Highest Education Level,7342,1,Attained secondary school diploma
HVRP Highest Education Level,7342,2,Attained a secondary school equivalency
HVRP Highest Education Level,7342,3,The participant with a disability received a certificate of attendance/completion as a result of successfully completing an IEP
HVRP Highest Education Level,7342,4,Completed one or more years of postsecondary education
HVRP Highest Education Level,7342,5,Attained a postsecondary technical vocational certificate (non-degree)
HVRP Highest Education Level,7342,6,Attained an associate's degree
HVRP Highest Education Level,7342,7,Attained a bachelor's degree
HVRP Highest Education Level,7342,8,Attained a degree beyond a bachelor's degree
HVRP Highest Education Level,7342,9,No educational level completed
HVRP Co-Enrollments,7343,1,American Job Center (AJC)
HVRP Co-Enrollments,7343,2,Grand Per Diem (GPD)
HVRP Co-Enrollments,7343,3,Veterans Affairs Supportive Housing (VASH)
HVRP Co-Enrollments,7343,4,Supportive Services for Veteran Families (SSVF)
HVRP Co-Enrollments,7343,5,SSVF Shallow Subsidy
HVRP Co-Enrollments,7343,6,FEMA
HVRP Co-Enrollments,7343,7,Native American Housing Assistance & Self Determination Act (NAHASDA)
Wind Speed,7346,1,Calm
Wind Speed,7346,2,Mild
Wind Speed,7346,3,Windy
Blower Door Configuration,7347,1,Open
Blower Door Configuration,7347,2,A
Blower Door Configuration,7347,3,B
Blower Door Configuration,7347,4,C
HouseholdDocumentation,7348,1,Employer Verification
HouseholdDocumentation,7348,2,Wage Stubs
HouseholdDocumentation,7348,3,DHW Notice
HouseholdDocumentation,7348,4,Unemployment Compensation
HouseholdDocumentation,7348,5,SS/SSI Verification/ Tax Records
HouseholdDocumentation,7348,6,Other
WZ Contribution Amount,7349,1,I will invest at least 20% towards the cost
WZ Contribution Amount,7349,2,I am unable to invest 20% but will make another contribution
WZ Contribution Amount,7349,3,I will make an investment in materials and/or labor
WZ Contribution Amount,7349,4,I am not able to make an investment for the following reason:
Weatherization Household Poverty Level,7351,0,Greater than 100%
Weatherization Household Poverty Level,7351,1,Less than 100%
Weatherization Household Poverty Level,7351,2,Less than 75%
Yes-15 No-0,7353,0,No
Yes-15 No-0,7353,15,Yes
Structural Issues,7354,1,Roof
Structural Issues,7354,2,Walls
Structural Issues,7354,3,Foundation
Structural Issues,7354,4,Floor
Structural Issues,7354,5,Ceiling
Structural Issues,7354,6,Stairways
Structural Issues,7354,7,Windows
Structural Issues,7354,8,Doors
Structural Issues,7354,9,Other
Recommended Actions,7355,1,Local Agency to Resolve
Recommended Actions,7355,2,Other
System Issues,7356,1,Rain
System Issues,7356,2,Discharge
System Issues,7356,3,Heating System
System Issues,7356,4,Duct System
System Issues,7356,5,Water Heater
System Issues,7356,6,Electrical
System Issues,7356,7,Plumbing
System Issues,7356,8,Appliances
System Issues,7356,9,Smoke Alarms
System Issues,7356,10,CO Alarms
System Issues,7356,11,Other
Abestos Issues,7357,1,Friable
Abestos Issues,7357,2,Non-Friable
Abestos Issues,7357,3,Vermiculite
Abestos Issues,7357,4,Not Found
Deferral Required,7358,1,No
Deferral Required,7358,2,Measure Specific
Deferral Required,7358,3,Job-Wide
Asbestos Info,7359,1,US EPA Handouts
Asbestos Info,7359,2,Asbestos in the Home by CPSC
"Global/Project ",7362,1,Global
"Global/Project ",7362,2,Project
Purchase Order Status,7365,1,Ordered
Purchase Order Status,7365,2,Shipped
Purchase Order Status,7365,3,Received
Purchase Order Status,7365,98,On Hand
Purchase Order Status,7365,99,Returned
CO Issues,7366,1,Action Levels
CO Issues,7366,2,Low Levels
CO Issues,7366,3,Undetected in Ambient Air
CO Info,7367,1,The Invisible Killer
HAZ Issues,7368,1,Found
HAZ Issues,7368,2,Not Found
HAZ Info,7369,1,About Hazardous Air Pollutants from the EPA
Lead issues,7370,1,Positive Issues
Lead issues,7370,2,Deemed Present
Lead issues,7370,3,Not Found
Lead Info,7371,1,EPA Handouts
Mercury Locations,7372,1,Flourescent Lighting
Mercury Locations,7372,2,Other
Mercury Info,7373,1,EPA Handouts
Mold Issue,7374,1,Mold
Mold Issue,7374,2,Musty Odors
Mold Issue,7374,3,High Moisture
Mold Issue,7374,4,Not Found
RADON Issues,7375,1,Positive Test
RADON Issues,7375,2,Negative Test
RADON Issues,7375,3,Not Tested
Unsanitary Condition Issues,7376,1,Animal Feces
Unsanitary Condition Issues,7376,2,Clutter
Unsanitary Condition Issues,7376,3,Dead Animals
Unsanitary Condition Issues,7376,4,Strong Odors
Unsanitary Condition Issues,7376,5,Refuse
Unsanitary Condition Issues,7376,6,Sewage
Unsanitary Condition Issues,7376,7,Not Found
Unsanitary Conditions Info,7377,1,HUD Handout
Applicable Heatlh Conditions & Vulnerabilities,7378,1,Allergies
Applicable Heatlh Conditions & Vulnerabilities,7378,2,Asthma
Applicable Heatlh Conditions & Vulnerabilities,7378,3,Cancer
Applicable Heatlh Conditions & Vulnerabilities,7378,4,Chronic Obstructive Pulmonary Disease (COPD)
Applicable Heatlh Conditions & Vulnerabilities,7378,5,Diabetes
Applicable Heatlh Conditions & Vulnerabilities,7378,6,Epilepsy
Applicable Heatlh Conditions & Vulnerabilities,7378,7,Failing History or Falling Risk
Applicable Heatlh Conditions & Vulnerabilities,7378,8,Flue - like symptoms (please explain)
Applicable Heatlh Conditions & Vulnerabilities,7378,9,Headaches/Migraines
Applicable Heatlh Conditions & Vulnerabilities,7378,10,Heart Disease
Applicable Heatlh Conditions & Vulnerabilities,7378,11,Other Respiratory Disease (please explain)
Applicable Heatlh Conditions & Vulnerabilities,7378,12,Physical Disability Requiring Special Equipment
Applicable Heatlh Conditions & Vulnerabilities,7378,13,Pregnancy
Applicable Heatlh Conditions & Vulnerabilities,7378,14,scalding in the Home (in the past 12 months)
Applicable Heatlh Conditions & Vulnerabilities,7378,15,"Skin Condition, Infection, or Burns"
Applicable Heatlh Conditions & Vulnerabilities,7378,16,Other
Material Acknowledgements,7379,1,Option 1
Material Acknowledgements,7379,2,Option 2
Material Acknowledgements,7379,3,Option 3
Weatherization Measure Cost Category,7380,1,DOE
Weatherization Measure Cost Category,7380,2,LPW
Weatherization Measure Cost Category,7380,3,BPA
Weatherization Measure Cost Category,7380,4,Utility Funded
Weatherization Measure Cost Category,7380,5,Private Funder
Weatherization Cost Category,7385,1,"ECM "
Weatherization Cost Category,7385,2,IRM
Weatherization Cost Category,7385,3,H&S
Weatherization Cost Justification,7386,1,SIR – Justified
Weatherization Cost Justification,7386,2,Deeded Measure
Weatherization Cost Justification,7386,3,Category Justified
House Orientation,7387,1,Front
House Orientation,7387,2,Right Side
House Orientation,7387,3,Left Side
House Orientation,7387,4,Back
Education Assessment Highest Edu,8341,1,1st
Education Assessment Highest Edu,8341,2,2nd
Education Assessment Highest Edu,8341,3,3rd
Education Assessment Highest Edu,8341,4,4th
Education Assessment Highest Edu,8341,5,5th
Education Assessment Highest Edu,8341,6,6th
Education Assessment Highest Edu,8341,7,7th
Education Assessment Highest Edu,8341,8,8th
Education Assessment Highest Edu,8341,9,9th
Education Assessment Highest Edu,8341,10,10th
Education Assessment Highest Edu,8341,11,11th
Education Assessment Highest Edu,8341,12,12th
Education Assessment Highest Edu,8341,15,Kindergarten
Education Assessment Highest Edu,8341,20,High School Diploma
Education Assessment Highest Edu,8341,21,GED
Education Assessment Highest Edu,8341,22,Some College
Education Assessment Highest Edu,8341,23,Associates Degree
Education Assessment Highest Edu,8341,24,Bachelor Degree
Education Assessment Highest Edu,8341,25,Master's Degree
Education Assessment Highest Edu,8341,26,Doctorate
Education Assessment Highest Edu,8341,30,Vocational Certificate
Education Assessment Highest Edu,8341,99,Prefer Not to Say
Why not attending,8342,1,Not Interested
Why not attending,8342,2,Graduated
Why not attending,8342,3,Safety Concern
Why not attending,8342,4,Suspended
Why not attending,8342,5,Not Enrolled
Why not attending,8342,6,Expelled
Why not attending,8342,7,Not Currently in Session
Why not attending,8342,8,Dropped Out
Why not attending,8342,9,Transportation Challenges
Why not attending,8342,10,Other
Why not attending,8342,99,Prefer Not to Say
LanguageSkills,8344,1,Beginner
LanguageSkills,8344,2,Intermediate
LanguageSkills,8344,3,Expert
IncomeStatus,8345,1,Temporary
IncomeStatus,8345,2,Permenant
Housing Sizes,8346,1,SRO
Housing Sizes,8346,2,Studio
Housing Sizes,8346,3,1 Bedroom
Housing Sizes,8346,4,2 Bedroom
Housing Sizes,8346,5,3 Bedroom
Housing Sizes,8346,6,Other
Housing Barriers,8347,1,Previous Legal Evictions
Housing Barriers,8347,2,Drug or Alcohol Abuse
Housing Barriers,8347,3,Legal Status
Housing Barriers,8347,4,Large Family Size
Housing Barriers,8347,5,Formerly Incarcerated
Housing Barriers,8347,6,Untreated Severe Mental Illness
Housing Barriers,8347,7,Health Conditions
Housing Barriers,8347,8,Credit History
Housing Barriers,8347,9,Insufficient Income
Housing Barriers,8347,10,Family with Teenage Male
Housing Barriers,8347,11,Safety (fleeing domestic violence situation)
HMIS DQ Measures,8349,1,Data Completeness
HMIS DQ Measures,8349,2,Program Entry Data Timeliness
HMIS DQ Measures,8349,3,Program Exit Data Timeliness
HMIS DQ Measures,8349,4,Income at Program Entry
HMIS DQ Measures,8349,5,Income at Program Exit
HMIS DQ Measures,8349,6,Housing Destination At Exit
HMIS DQ Measures,8349,7,Annual Assessment Completeness
HMIS DQ Range,8350,1,Day
HMIS DQ Range,8350,2,Month
HMIS DQ Range,8350,3,Quarter
HMIS DQ Range,8350,4,6 Months
HMIS DQ Range,8350,5,Year
HMISDQ Missing Responses,8354,1,Client Doesn't Know
HMISDQ Missing Responses,8354,2,Client Prefers Not to Answer
HMISDQ Missing Responses,8354,3,"Nickname, Street Name, or Code Name"
HMISDQ Missing Responses,8354,4,Approximate or Partial DOB
HMISDQ Missing Responses,8354,5,Approximate or Partial SSN
HMISDQ Missing Responses,8354,6,No Exit Inteview Completed
HMISDQ Completeness Method,8355,1,Clients missing any required Universal Data Element
HMISDQ Completeness Method,8355,2,Missing required Universal Data Element across all Clients
HMISDQ Income Method,8356,1,Score for all report programs
HMISDQ Income Method,8356,2,Score only for programs with Federal Funding Compoenents that required Income at Entry/Exit
COVID19 Vaccine Concerns,8357,-1,Other
COVID19 Vaccine Concerns,8357,5,Believe the vaccine is not safe and may cause serious health complications
COVID19 Vaccine Concerns,8357,10,Believe the vaccine will not work/is ineffective
COVID19 Vaccine Concerns,8357,15,"Believe the vaccine is too new "
COVID19 Vaccine Concerns,8357,20,Concerns with the vaccine development process
COVID19 Vaccine Concerns,8357,25,Believe they are not at risk of getting COVID-19 or risk is low
COVID19 Vaccine Concerns,8357,30,"Believe the vaccine may infect them with COVID-19 "
COVID19 Vaccine Concerns,8357,35,Concern that vaccination may lower vulnerability score and/or impact access to services
COVID19 Vaccine Concerns,8357,40,Distrust in the healthcare system due to historic and/or current racism
Vaccination Status,8358,5,Vaccination complete
Vaccination Status,8358,10,Partial vaccination
Vaccination Status,8358,15,No vaccination
Immunization Manufacturer,8359,5,Pfizer
Immunization Manufacturer,8359,10,Moderna
Immunization Manufacturer,8359,15,Johnson & Johnson
Immunization Manufacturer,8359,20,AstraZeneca
Grade Type,8362,10,Pass/Fail
Grade Type,8362,20,Letter Grade
Grade Type,8362,30,Percentage
Passing Score,8363,5,Fail
Passing Score,8363,9,Pass
Passing Score,8363,25,F
Passing Score,8363,30,E
Passing Score,8363,35,D
Passing Score,8363,40,C
Passing Score,8363,45,B
Passing Score,8363,50,A
Passing Score,8363,60,Other (Percentage)
Merge Type,8368,1,Merge Client  - Different Family
Merge Type,8368,2,Delete Client
Merge Type,8368,3,Undelete Client
Merge Type,8368,10,Merge Client - Same Family
Instruction Method,8372,1,Self-Directed
Instruction Method,8372,2,Instructor-Led
Method Of Inactivity Evaluation,8373,1,Number of Days Inactive
Method Of Inactivity Evaluation,8373,2,Active Program Enrollment
Method Of Inactivity Evaluation,8373,3,Number of Days Inactive/Active Program Enrollment
Method Of Inactivity Evaluation,8373,4,Number of Days Inactive/Days Enrolled In Program
Method Of Inactivity Evaluation,8373,5,Days Enrolled In Program/Active Program Enrollment
Method Of Inactivity Evaluation,8373,6,Number of Days Inactive/Active Program Enrollment/Days Enrolled In Program
PostExitMileStone,8374,1,30 days
PostExitMileStone,8374,2,60 days
PostExitMileStone,8374,3,90 days
PostExitMileStone,8374,4,Six months
PostExitMileStone,8374,5,One Year
PostExitMileStone,8374,6,18 Months
PostExitMileStone,8374,7,Two-Year
PostExitMileStone,8374,8,30 Months
PostExitMileStone,8374,9,Three-year
PostExitMileStone,8374,10,Four-year
PostExitMileStone,8374,11,Five-year
FinancialGoalConfidence,8375,0,Not at all confident
FinancialGoalConfidence,8375,1,Somewhat confident
FinancialGoalConfidence,8375,2,Very confident
EverConvicted,8376,1,"Yes, felony"
EverConvicted,8376,2,"Yes, misdemeanor"
EverConvicted,8376,3,"Yes, multiple misdemeanors"
EverConvicted,8376,4,None
CreditRecordRating,8377,1,Very Bad
CreditRecordRating,8377,2,Bad
CreditRecordRating,8377,3,About Average
CreditRecordRating,8377,4,Good
CreditRecordRating,8377,5,Very good
CreditRecordRating,8377,6,Unknown
HealthStatus,8379,1,"My immediate family or I have physical, mental or substance use concerns that prevent my employment or daily life activities."
HealthStatus,8379,2,"My immediate family or I have physical, mental or substance use concerns that often interfere with my employment or daily life activities."
HealthStatus,8379,3,"My immediate family or I have physical, mental or substance use concerns that sometimes affect my employment or daily life activities."
HealthStatus,8379,4,"My immediate family or I have no physical, mental or substance concerns that affect my employment or daily life activities"
HealthStatus,8379,5,"My immediate family and I are healthy and participate in preventive health measures (examples include annual check-ups, screenings, vaccinations)."
FoodSecurity,8380,1,No food or means to prepare it. Relies to a significant degree on other sources of free or low-cost food
FoodSecurity,8380,2,Household is on food stamps.
FoodSecurity,8380,3,Can meet basic food needs but requires occasional assistance.
FoodSecurity,8380,4,Can meet basic food needs without assistance
FoodSecurity,8380,5,Can choose to purchase the food that the household desires.
HousingStability,8381,1,Homeless or threatened with eviction
HousingStability,8381,2,"In transitional, temporary (short-term including living with friends or family) or low-quality housing; and/or current rent/mortgage payment is unaffordable (over 30 percent of income)."
HousingStability,8381,3,In stable housing that is safe but only barely adequate (housing may have small problems)
HousingStability,8381,4,"Household is in safe, subsidized (receiving assistance to pay rent) housing with no serious problems."
HousingStability,8381,5,"Household is safe, unsubsidized (no rent assistance) housing with no serious problems."
Transportation,8382,1,No access to transportation (public or private) or may have a car that is inoperable (can't be driven)
Transportation,8382,2,"Transportation is available, but unreliable, unpredictable, unaffordable or may have a car but no insurance, license, etc"
Transportation,8382,3,Transportation is available and reliable but limited and/or inconvenient; drivers are licensed but minimally insured.
Transportation,8382,4,Transportation is generally accessible to meet basic travel needs
Transportation,8382,5,Transportation is readily available and affordable; car is adequately insured
FamilyCare,8383,0,N/A – I do not need dependent care
FamilyCare,8383,1,"Needs dependent (child or elder) care, but none is available or accessible and/or dependent is not eligible"
FamilyCare,8383,2,"Dependent care is unreliable or unaffordable, not enough supervision is a problem for what care is available"
FamilyCare,8383,3,Affordable subsidized (assistance in paying for) dependent care is available but limited
FamilyCare,8383,4,"Reliable, affordable dependent care is available, no need for subsidies (assistance in paying for care)."
FamilyCare,8383,5,Able to select quality dependent care of choice
Clothing,8384,1,"No clothing or seriously inadequate clothing. (For example, no coat for winter months, shoes with holds in them or soles lacking, not sufficient clothes to assure clean clothes on a daily basis.) Unaware of where to access assistance."
Clothing,8384,2,Very limited knowledge of resources for low-cost or free options to obtain clothing.
Clothing,8384,3,Occasionally relies on community clothing banks. Has limited knowledge about community resources and/or financial resources to obtain clothing.
Clothing,8384,4,Usually has the financial resource to purchase appropriate clothing. Aware of what is appropriate for the work environment.
Clothing,8384,5,Always has a financial resource to purchase appropriate clothing of choice. Aware of what is appropriate for the work environment.
Entity Delete Type,8385,1,"Delete User "
Entity Delete Type,8385,2,Delete Organization
Entity Delete Type,8385,3,Delete Client
Entity Delete Type,8385,4,Delete Provider
Entity Delete Type,8385,5,Delete EntityContact
Entity Delete Type,8385,6,Delete Volunteer
Entity Delete Type,8385,7,Delete Merged Old Client
EduCurrentlyEnrolled,8386,1,High School diploma
EduCurrentlyEnrolled,8386,2,GED/high school equivalency
EduCurrentlyEnrolled,8386,3,Postsecondary non-degree award
EduCurrentlyEnrolled,8386,4,Associate degree
EduCurrentlyEnrolled,8386,5,Bachelor's degree
EduCurrentlyEnrolled,8386,6,Graduate degree
EduCurrentlyEnrolled,8386,7,Not applicable
Health and Well Being,8393,1,No medical coverage with immediate need
Health and Well Being,8393,2,No medical coverage and great difficulty accessing medical care when needed. Some household members may be in poor health
Health and Well Being,8393,3,Some members (e.g. children) have medical coverage
Health and Well Being,8393,4,All members can get medical care when needed but may strain the budget
Health and Well Being,8393,5,All members are covered by affordable adequate health insurance
Health and Well Being,8393,6,VA medical coverage
Frequency Scale Dont Know Ref,8394,0,Not at all
Frequency Scale Dont Know Ref,8394,1,Once a month
Frequency Scale Dont Know Ref,8394,2,Several times a month
Frequency Scale Dont Know Ref,8394,3,Several times a week
Frequency Scale Dont Know Ref,8394,4,At least every day
Frequency Scale Dont Know Ref,8394,8,Client doesn't know
Frequency Scale Dont Know Ref,8394,9,Client Prefers Not to Answer
Frequency Scale Dont Know Ref,8394,99,Data not collected
Retained Employment,8396,1,"Yes, retained employment in the same job "
Retained Employment,8396,2,"Yes, retained employment in a new job"
Retained Employment,8396,3,"Did not retain employment "
Left Navigation Menu Style,8399,1,"Enable Popout menus from the Left Navigation Menu "
Left Navigation Menu Style,8399,2,Enable the dropdown from within the Left Navigation Menu
English Alphabet - No Other,8400,1,A
English Alphabet - No Other,8400,2,B
English Alphabet - No Other,8400,3,C
English Alphabet - No Other,8400,4,D
English Alphabet - No Other,8400,5,E
English Alphabet - No Other,8400,6,F
English Alphabet - No Other,8400,7,G
English Alphabet - No Other,8400,8,H
English Alphabet - No Other,8400,9,I
English Alphabet - No Other,8400,10,J
English Alphabet - No Other,8400,11,K
English Alphabet - No Other,8400,12,L
English Alphabet - No Other,8400,13,M
English Alphabet - No Other,8400,14,N
English Alphabet - No Other,8400,15,O
English Alphabet - No Other,8400,16,P
English Alphabet - No Other,8400,17,Q
English Alphabet - No Other,8400,18,R
English Alphabet - No Other,8400,19,S
English Alphabet - No Other,8400,20,T
English Alphabet - No Other,8400,21,U
English Alphabet - No Other,8400,22,V
English Alphabet - No Other,8400,23,W
English Alphabet - No Other,8400,24,X
English Alphabet - No Other,8400,25,Y
English Alphabet - No Other,8400,26,Z
Regions,8401,1,East Region
Regions,8401,2,West Region
SLUMs Questions,8402,1,What day of the week is it?
SLUMs Questions,8402,2,"What is the year? "
SLUMs Questions,8402,3,"What state are we in? "
Correct/Incorrect,8404,1,Correct
Correct/Incorrect,8404,2,Incorrect
NameAnimals,8405,1,"0-4 animals "
NameAnimals,8405,2,"5-9 animals "
NameAnimals,8405,3,"10-14 animals "
NameAnimals,8405,4,15 + animals
Five Objects,8406,1,Apple
Five Objects,8406,2,Pen
Five Objects,8406,3,Tie
Five Objects,8406,4,House
Five Objects,8406,5,Car
Clock,8407,1,Hours Marked Correct
Clock,8407,2,Time Correct
Largest Figure,8408,1,Square
Largest Figure,8408,2,Triangle
Largest Figure,8408,3,Rectangle
Level of Cognition,8409,1,"Normal Mild Neuro-Cognitive "
Level of Cognition,8409,2,Disorder
Level of Cognition,8409,3,Dementia
SNAP E&T Completion Reason,8414,1,Attained Level
SNAP E&T Completion Reason,8414,2,Certificate/Diploma (Voc Ed)
SNAP E&T Completion Reason,8414,3,Completed Work Supported
SNAP E&T Completion Reason,8414,4,"Dep chill ill, other dep in home"
SNAP E&T Completion Reason,8414,5," Dismissed"
SNAP E&T Completion Reason,8414,6,Emp Full-Time (30 hours)
SNAP E&T Completion Reason,8414,7,Emp Part-Time (Less than 30 hours)
SNAP E&T Completion Reason,8414,8,Moved Out of State
SNAP E&T Completion Reason,8414,9,Obtained 2 year degree
SNAP E&T Completion Reason,8414,10,Obtained GED
SNAP E&T Completion Reason,8414,11,Obtained High School Diploma
SNAP E&T Completion Reason,8414,12,Obtained Job Skills Training Cert
SNAP E&T Completion Reason,8414,13,Other
SNAP E&T Completion Reason,8414,14,"Participant Illness, incapacitated"
SNAP E&T Completion Reason,8414,15,Substance Abuse or dependence
SNAP E&T Completion Reason,8414,16,Transportation not available
SNAP E&T Completion Reason,8414,17,Withdrew
SNAP E&T Completion Reason,8414,18,Ineligible
Type of Contact,8415,1,In Person
Type of Contact,8415,2,Phone
Type of Contact,8415,3,Email
Type of Contact,8415,4,Text
Frequency Types,8416,1,Frequency
Frequency Types,8416,2,Hour
Frequency Types,8416,3,Week
Frequency Types,8416,4,Month
Frequency Types,8416,5,Every other week
Frequency Types,8416,6,Twice a month
Frequency Types,8416,7,Year
How are you looking for work,8417,1,Contacting employers
How are you looking for work,8417,2,Looking at job advertisements
How are you looking for work,8417,3,Sending out resumes/filling out applications
Reason Not Looking,8418,1,"Injury, illness, disability"
Reason Not Looking,8418,2,Legal troubles
Reason Not Looking,8418,3,Pregnant
Reason Not Looking,8418,4,Transportation problems
Reason Not Looking,8418,5,Going to school/attending training/need credentials
Reason Not Looking,8418,6,Family responsibilities
Reason Not Looking,8418,99,Other
Type of Work You Like,8419,1,Automotive
Type of Work You Like,8419,2,Building maintenance
Type of Work You Like,8419,3,Food service/preparation
Type of Work You Like,8419,4,Manufacturing/welding
Type of Work You Like,8419,5,Medical
Type of Work You Like,8419,6,Office and administrative support
Type of Work You Like,8419,7,"Personal care (e.g., hair, makeup, nails)"
Type of Work You Like,8419,8,Retail
Type of Work You Like,8419,9,Transportation
Type of Work You Like,8419,10,Warehousing/storage
Type of Work You Like,8419,99,Other
SNAP Highest Lvl Of Education,8420,1,High School
SNAP Highest Lvl Of Education,8420,2,Business School
SNAP Highest Lvl Of Education,8420,3,Community or Junior College
SNAP Highest Lvl Of Education,8420,4,Elementary School
SNAP Highest Lvl Of Education,8420,5,GED Program
SNAP Highest Lvl Of Education,8420,6,Home Schooling
SNAP Highest Lvl Of Education,8420,7,Home Schooling registered with the Department of Education
SNAP Highest Lvl Of Education,8420,8,Middle School
SNAP Highest Lvl Of Education,8420,9,No formal education
SNAP Highest Lvl Of Education,8420,10,Not Applicable
SNAP Highest Lvl Of Education,8420,11,On-line Courses
SNAP Highest Lvl Of Education,8420,12,Post-Secondary Education
SNAP Highest Lvl Of Education,8420,13,Pre-School
SNAP Highest Lvl Of Education,8420,14,Seminary
SNAP Highest Lvl Of Education,8420,16,Technical School
SNAP Highest Lvl Of Education,8420,17,Trade School
SNAP Highest Lvl Of Education,8420,18,Trade school (if the school requires a GED or HS Diploma)
SNAP Highest Lvl Of Education,8420,19,Vocational School
SNAP Highest Lvl Of Education,8420,20,Vocation School requiring GED or High School Diploma
Interest Uninterested Undecided,8421,1,Uninterested
Interest Uninterested Undecided,8421,2,Undecided
Interest Uninterested Undecided,8421,3,Interested
SNAP Training List,8422,1,Automotive/Truck Driving
SNAP Training List,8422,2,Building Maintenance
SNAP Training List,8422,3,Manufacturing/Welding
SNAP Training List,8422,4,Medical
SNAP Training List,8422,5,Warehousing/Forklift
SNAP Training List,8422,6,Information Technology/I.T.
SNAP Training List,8422,7,Customer Service Retail
SNAP Training List,8422,8,Customer Service/Contact Center
SNAP Training List,8422,9,Hospitality
SNAP Training List,8422,10,Construction
SNAP Training List,8422,11,Highway Construction
SNAP Training List,8422,12,Logistics/Supply Chain
SNAP Training List,8422,13,Film/Television Production
SNAP Training List,8422,14,Self-Employment
SNAP Training List,8422,99,Other
SNAP Transportation,8423,1,Own car
SNAP Transportation,8423,2,Bike/Walk
SNAP Transportation,8423,3,Friend/Family member's car
SNAP Transportation,8423,4,Public transportation
SNAP Transportation,8423,99,Other
Component Type - IEP,8424,1,Qualifying Component
Component Type - IEP,8424,2,Non-qualifying Component
SNAP Component Codes,8425,1,BRE
SNAP Component Codes,8425,2,ESL
SNAP Component Codes,8425,3,GED
SNAP Component Codes,8425,4,JRE
SNAP Component Codes,8425,5,JSC
SNAP Component Codes,8425,6,JSE
SNAP Component Codes,8425,7,VOC
SNAP Component Codes,8425,8,WEX
Contact Type - SNAP E&T,8429,1,In Person
Contact Type - SNAP E&T,8429,2,Phone
Contact Type - SNAP E&T,8429,3,"Email "
Contact Type - SNAP E&T,8429,4,Text
Contact Type - SNAP E&T,8429,5,Video Conference
SNAP Employment Status,8431,1,Employed at Entry
SNAP Employment Status,8431,2,Second Job
SNAP Employment Status,8431,3,New Job
SNAP Employment Status,8431,4,Replacement
SNAP Assisted or Self,8432,1,Self-placed by Participant
SNAP Assisted or Self,8432,2,Assisted by Provider
SNAP Job Type,8433,1,Full-time
SNAP Job Type,8433,2,Part-time
SNAP Job Type,8433,3,Seasonal
SNAP Job Type,8433,4,Temporary
SNAP Job Type,8433,5,Contract
SNAP Wage Type,8434,1,Hourly
SNAP Wage Type,8434,2,Weekly
SNAP Wage Type,8434,3,Bi-Weekly
SNAP Wage Type,8434,4,Semi-Monthly
SNAP Wage Type,8434,5,Monthly
SNAP Wage Type,8434,6,Annual
SNAP Job Placement Verification,8435,1,Participant Self-Report
SNAP Job Placement Verification,8435,2,Provider Assisted Placement
SNAP Job Placement Verification,8435,99,Other
SNAP Project Type,8437,7,SNAP Driect
SNAP Project Type,8437,8,SNAP Reverse
FundingType,8445,1,50/50
FundingType,8445,2,100
Agree Disagree Dont Know Scale,8447,0,Strongly disagree
Agree Disagree Dont Know Scale,8447,1,Somewhat disagree
Agree Disagree Dont Know Scale,8447,2,Neither agree nor disagree
Agree Disagree Dont Know Scale,8447,3,Somewhat agree
Agree Disagree Dont Know Scale,8447,4,Strongly agree
Agree Disagree Dont Know Scale,8447,8,Client doesn't know
Agree Disagree Dont Know Scale,8447,9,Client Prefers Not to Answer
Agree Disagree Dont Know Scale,8447,99,Data not collected
HUD Current School Enrollment and Attendance,8448,0,Not currently in school or educational course
HUD Current School Enrollment and Attendance,8448,1,Currently enrolled but NOT attending regularly (when school or the course is in session)
HUD Current School Enrollment and Attendance,8448,2,"Currently enrolled and attending regularly (when school or course is in session) "
HUD Current School Enrollment and Attendance,8448,8,Client doesn't know
HUD Current School Enrollment and Attendance,8448,9,Client Prefers Not to Answer
HUD Current School Enrollment and Attendance,8448,99,Data not collected
HUD Most recent educational status,8449,0,K12: Graduated from high school
HUD Most recent educational status,8449,1,"K12: Obtained GED "
HUD Most recent educational status,8449,2,K12: Dropped out
HUD Most recent educational status,8449,3,K12: Suspended
HUD Most recent educational status,8449,4,K12: Expelled
HUD Most recent educational status,8449,5,Higher education: Pursuing a credential but not currently attending
HUD Most recent educational status,8449,6,Higher education: Dropped out
HUD Most recent educational status,8449,7,Higher education: Obtained a credential/degree
HUD Most recent educational status,8449,8,Client doesn't know
HUD Most recent educational status,8449,9,Client Prefers Not to Answer
HUD Most recent educational status,8449,99,Data not collected
HUD Current Educational Status,8450,0,Pursuing a high school diploma or GED
HUD Current Educational Status,8450,1,Pursuing Associate's Degree
HUD Current Educational Status,8450,2,Pursuing Bachelor's Degree
HUD Current Educational Status,8450,3,Pursuing Graduate Degree
HUD Current Educational Status,8450,4,Puruing other post-secondary credential
HUD Current Educational Status,8450,8,Client doesn't know
HUD Current Educational Status,8450,9,Client Prefers Not to Answer
HUD Current Educational Status,8450,99,Data not collected
SSVFIncarcerated,8451,0,Not incarcerated
SSVFIncarcerated,8451,1,Incarcerated once
SSVFIncarcerated,8451,2,Incarcerated two or more times
SSVFDependentsUnderSix,8452,0,No
SSVFDependentsUnderSix,8452,1,Yougest child is under 1 year old
SSVFDependentsUnderSix,8452,2,Youngest child is 1 to 6 years old and/or one or more children (any age) require significant care
SSVFHPHistoryofHomelessness,8453,0,Most recent episode occurred within last year
SSVFHPHistoryofHomelessness,8453,1,Most recent episode occurred more than one year ago
SSVFHPHistoryofHomelessness,8453,2,None
Service Month,8456,1,January
Service Month,8456,2,February
Service Month,8456,3,March
Service Month,8456,4,April
Service Month,8456,5,May
Service Month,8456,6,June
Service Month,8456,7,July
Service Month,8456,8,August
Service Month,8456,9,September
Service Month,8456,10,October
Service Month,8456,11,November
Service Month,8456,12,December
Years,8458,2015,2015
Years,8458,2016,2016
Years,8458,2017,2017
Years,8458,2018,2018
Years,8458,2019,2019
Years,8458,2020,2020
Years,8458,2021,2021
Years,8458,2022,2022
Years,8458,2023,2023
Years,8458,2024,2024
Years,8458,2025,2025
Years,8458,2026,2026
IsWorkSupport,8460,1,Work Support
IsWorkSupport,8460,2,Non WorkSupport
CaseWorthy Objects,8461,1,Form
CaseWorthy Objects,8461,2,Workflow
CaseWorthy Objects,8461,3,Dashboard
CaseWorthy Objects,8461,4,Query
CaseWorthy Objects,8461,5,Role
CaseWorthy Objects,8461,6,Report
Planned Encounter Assignment Type,8467,20,User
Planned Encounter Assignment Type,8467,25,Team
Planned Encounter Assignment Type,8467,30,Provider
Assigned Task Status,8468,1,Assigned
Assigned Task Status,8468,2,Active
Assigned Task Status,8468,3,Done
Assigned Task Status,8468,4,Overdue
Assigned Task Status,8468,5,Failed
Task Management Task Due Status,8472,1,Task Assigned
Task Management Task Due Status,8472,2,Due in less than a week
Task Management Task Due Status,8472,3,Due in less than two weeks
Task Management Task Due Status,8472,4,Due in over 2 weeks
Task Management Task Due Status,8472,5,Due in two days
Task Management Task Due Status,8472,6,Due tomorrow
Task Management Task Due Status,8472,7,Due today
Task Management Task Due Status,8472,8,Over Due
Task Management Task Due Status,8472,9,Task Complete
Task Management Task Due Status,8472,10,No Due Date
"CitizenshipID Data Quality ",8475,1,Full SSN reported
"CitizenshipID Data Quality ",8475,2,Approximate or partial SSN reported
"CitizenshipID Data Quality ",8475,3,Client doesn't know
"CitizenshipID Data Quality ",8475,4,Client Prefers Not to Answer
"CitizenshipID Data Quality ",8475,50,Full SIN Reported
"CitizenshipID Data Quality ",8475,51,Approximate or partial SIN reported
"CitizenshipID Data Quality ",8475,99,Data not collected
Crisis Situation,8476,0,N/A
Crisis Situation,8476,50,Health
Crisis Situation,8476,100,Safety
Blower Door Location,8477,1,Front
Blower Door Location,8477,2,Back
Blower Door Location,8477,3,Side
Compass Direction,8478,1,North
Compass Direction,8478,2,Northeast
Compass Direction,8478,3,Northwest
Compass Direction,8478,4,South
Compass Direction,8478,5,Southeast
Compass Direction,8478,6,Southwest
Compass Direction,8478,7,East
Compass Direction,8478,8,West
Housing Stories,8479,1,1
Housing Stories,8479,2,1.5
Housing Stories,8479,3,2
Housing Stories,8479,4,2.5
Housing Stories,8479,5,3
Exposure Factors,8480,1,0.9
Exposure Factors,8480,2,1.0
Exposure Factors,8480,3,1.2
Insurance ID Qualifier,8481,5,0B
Insurance ID Qualifier,8481,10,1G
Insurance ID Qualifier,8481,15,G2
Insurance ID Qualifier,8481,20,LU
Insurance ID Qualifier,8481,25,ZZ
InvoiceAmended,8489,1,Amended Invoice
InvoiceAmended,8489,2,Original Invoice
Snap Contract Type,8491,1,Administrative
Snap Contract Type,8491,2,Programatic
Billable Status,8492,1,Billable
Billable Status,8492,2,Not Billable
Short Term vs Long Term,8493,1,Short-Term
Short Term vs Long Term,8493,2,Long-Term
Building Condition,8496,1,Good
Building Condition,8496,2,Fair
Building Condition,8496,3,Poor
Building Condition,8496,4,Beyond Scope of Wx
HIC Export Fields,8505,1,Project Name
HIC Export Fields,8505,2,Project Type
HIC Export Fields,8505,3,Project Begin Date
HIC Export Fields,8505,4,Project End Date
HIC Export Fields,8505,5,Project Type
HIC Export Fields,8505,6,HMIS Participating
HIC Export Fields,8505,7,Target Population
HIC Export Fields,8505,8,Housing Type
HIC Export Fields,8505,9,Organization Name
HIC Export Fields,8505,10,Organization ID
HIC Export Fields,8505,11,Victim Service Provider
HIC Export Fields,8505,12,CoC Code
HIC Export Fields,8505,13,GeoCode
HIC Export Fields,8505,14,Inventory Type
HIC Export Fields,8505,15,Bed Type
HIC Export Fields,8505,16,Beds HH with children
HIC Export Fields,8505,17,Units HH with children
HIC Export Fields,8505,18,Beds HH without children
HIC Export Fields,8505,19,Units HH without children
HIC Export Fields,8505,20,Beds HH with only children
HIC Export Fields,8505,21,Units HH with only children
HIC Export Fields,8505,22,Veteran Beds HH with children
HIC Export Fields,8505,23,Veteran Beds HH without children
HIC Export Fields,8505,24,Youth Beds HH with children
HIC Export Fields,8505,25,Youth Beds HH without children
HIC Export Fields,8505,26,CH Beds HH with children
HIC Export Fields,8505,27,CH Beds HH without children
HIC Export Fields,8505,28,CH Beds HH with only children
HIC Export Fields,8505,29,Year Round Beds
HIC Export Fields,8505,30,Total Seasonal Beds
HIC Export Fields,8505,31,Seasonal Availability Start Date
HIC Export Fields,8505,32,Seasonal Availability End Date
HIC Export Fields,8505,33,Overflow Beds
HIC Export Fields,8505,34,Total Beds
HIC Export Fields,8505,35,PIT Count
HIC Export Fields,8505,36,Utilization Rate
HIC Export Fields,8505,37,Provider ID
HIC Export Fields,8505,38,Provider Name
HIC Export Fields,8505,39,Resource ID
HIC Export Fields,8505,40,Resource Name
HIC Export Fields,8505,41,Usage ID
HIC Export Fields,8505,42,Usage Name
HIC Export Fields,8505,43,Inventory ID
HIC Export Fields,8505,44,Inventory Begin Date
HIC Export Fields,8505,45,Inventory End Date
DocuSign Recipient Role Type,8507,0,Signer
DocuSign Recipient Role Type,8507,1,Carbon Copy
DocuSign Recipient Status,8508,0,Sent
DocuSign Recipient Status,8508,1,Delivered
DocuSign Recipient Status,8508,2,Completed
DocuSign Recipient Status,8508,3,Declined
DocuSign Recipient Status,8508,4,AuthenticationFailed
DocuSign Recipient Status,8508,5,AutoResponded
DocuSign Envelope Status,8509,0,Draft
DocuSign Envelope Status,8509,1,Sent
DocuSign Envelope Status,8509,2,Delivered
DocuSign Envelope Status,8509,3,Completed
DocuSign Envelope Status,8509,4,Declined
DocuSign Envelope Status,8509,5,Voided
GenderIconLabelList,8510,1,No label or icon will display
GenderIconLabelList,8510,2,Both label and icon will display
GenderIconLabelList,8510,3,Only label will display
GenderIconLabelList,8510,4,Only icon will display
Hate Crime Type,8511,1,Racial
Hate Crime Type,8511,2,Religious
Hate Crime Type,8511,3,Gender
Hate Crime Type,8511,4,Sexual Orientation
Hate Crime Type,8511,5,Other
Like Me Scale ASC,8514,1,Very much like me
Like Me Scale ASC,8514,2,Mostly like me
Like Me Scale ASC,8514,3,Somewhat like me
Like Me Scale ASC,8514,4,Not much like me at all
Like Me Scale ASC,8514,5,Not like me at all
SNAP E&T Program Status,8515,1,Unknown
SNAP E&T Program Status,8515,10,Other: Ineligible
SNAP E&T Program Status,8515,20,Assessments Pending
SNAP E&T Program Status,8515,50,Never Enrolled
SNAP E&T Program Status,8515,60,Declined Enrollment
SNAP E&T Program Status,8515,100,Enrolled
SNAP E&T Program Status,8515,150,Negative Program Completion
SNAP E&T Program Status,8515,200,Positive Program Completion
MFA Provider Type,8518,1,Duo
Category of Disability,8520,0,No disability
Category of Disability,8520,1,Physical/Chronic Health Condition
Category of Disability,8520,2,"Physical/Mobility Impairment "
Category of Disability,8520,3,Mental or Psychiatric Disability
Category of Disability,8520,4,"Vision-related disability "
Category of Disability,8520,5,Hearing-related disability
Category of Disability,8520,6,Learning Disability
Category of Disability,8520,7,Cognitive/Intellectual disability
Category of Disability,8520,9,Participant did not disclose type of disability
WIOA Employment Status,8524,0,Unemployed
WIOA Employment Status,8524,1,Employed
WIOA Employment Status,8524,2,"Employed, but received notice of termination or separation from military"
WIOA Employment Status,8524,3,Not in labor force
Unemployment Compensation Status,8525,0,Neither Claimant nor Exhaustee
Unemployment Compensation Status,8525,1,Claimant Referred by RESEA
Unemployment Compensation Status,8525,2,Claimant Referred by WPRS
Unemployment Compensation Status,8525,3,Claimant Not Referred by RESEA or WPRS
Unemployment Compensation Status,8525,4,Exhaustee
Unemployment Compensation Status,8525,5,"Claimant is Exempt   "
WIOA School Status at Entry,8526,1,"In-school, secondary school or less"
WIOA School Status at Entry,8526,2,"In-school, Alternative School"
WIOA School Status at Entry,8526,3,"In-school, Postsecondary school."
WIOA School Status at Entry,8526,4,Not attending school or Secondary School Dropout
WIOA School Status at Entry,8526,5,Not attending school; secondary school graduate or has a recognized equivalent
WIOA School Status at Entry,8526,6,Not attending school; within age of compulsory school attendance
SSI/SSDI Recipient,8527,1,SSI
SSI/SSDI Recipient,8527,2,SSDI
SSI/SSDI Recipient,8527,3,Both SSI And SSDI
SSI/SSDI Recipient,8527,4,SSI and Ticket Holder
SSI/SSDI Recipient,8527,5,SSDI and Ticket Holder
SSI/SSDI Recipient,8527,6,Both SSI and SSDI and A Ticket Holder
SSI/SSDI Recipient,8527,99,No
Migrant and Seasonal Farmworker Status,8528,0,No
Migrant and Seasonal Farmworker Status,8528,1,Seasonal Farmworker Adult
Migrant and Seasonal Farmworker Status,8528,2,Migrant Farmworker Adult
Migrant and Seasonal Farmworker Status,8528,3,MSFW Youth
Migrant and Seasonal Farmworker Status,8528,4,"Dependent Adult "
Migrant and Seasonal Farmworker Status,8528,5,Dependent Youth
WIOAServices,8529,1,"Yes, Local Formula"
WIOAServices,8529,2,"Yes, Statewide"
WIOAServices,8529,3,"Yes, Both Local Formula and Statewide"
WIOAServices,8529,4,Reportable Individual
WIOAServices,8529,15,No
WIOAIncumbent,8530,1,Statewide 15% and/or Rapid Response 25% only
WIOAIncumbent,8530,2,Local Formula only (20%)
WIOAIncumbent,8530,3,Both Statewide and Local Formula
WIOAIncumbent,8530,4,H-1B funded grant
WIOAIncumbent,8530,5,"DWG funded grant "
WIOAIncumbent,8530,6,NFJP funded grant
WIOAIncumbent,8530,7,Apprenticeship appropriated funded grant
WIOAIncumbent,8530,20,No
WIOAYesRepNoUnk,8531,1,Yes
WIOAYesRepNoUnk,8531,2,Reportable Individual
WIOAYesRepNoUnk,8531,10,No
WIOAYesRepNoUnk,8531,11,Unknown
WIOAYesRep,8532,1,Yes
WIOAYesRep,8532,2,Reportable Individual
WIOAVeterans,8533,1,"Yes, DVOP specialist"
WIOAVeterans,8533,2,"Yes, LVER specialist"
WIOAVeterans,8533,10,No
WIOAVeterans,8533,11,Unknown
WIOAVoc,8534,1,Yes
WIOAVoc,8534,2,VR and E
WIOAVoc,8534,3,Both VR and VR and E
WIOAVoc,8534,10,No
WIOAVoc,8534,11,Unknown
WIOAOtherPgms,8535,1,"Yes, Other WIOA or Non-WIOA Programs"
WIOAOtherPgms,8535,2,"I/DD, MH or other disability programs"
WIOAOtherPgms,8535,10,No
WIOACategoryofExit,8536,1,Employment and Training Exiter
WIOACategoryofExit,8536,2,Non staff-assisted related Assistance Services ONLY Exiter
WIOACategoryofExit,8536,3,Significant staff-assisted related assistance services Exiter
WIOACategoryofExit,8536,4,Withdrew application prior to assignment
WIOACategoryofExit,8536,5,Transferred to another project
WIOACategoryofExit,8536,6,Moved to another sub-grantee
WIOACategoryofExit,8536,7,Dual enrollment
WIOACategoryofExit,8536,8,Other Reasons for Exit
WIOAOtherExit,8537,1,Institutionalized
WIOAOtherExit,8537,2,Health/Medical
WIOAOtherExit,8537,3,Deceased
WIOAOtherExit,8537,4,Reserve Forces called to Active Duty
WIOAOtherExit,8537,5,Foster Care
WIOAOtherExit,8537,6,Ineligible
WIOAOtherExit,8537,7,Criminal Offender
WIOAOtherExit,8537,20,No
ApprenticeshipProgram,8538,1,RAP - Registered Program
ApprenticeshipProgram,8538,2,IRAP - Industry-Recognized Program
ApprenticeshipProgram,8538,10,Other
ApprenticeshipProgram,8538,11,None
WIOAExitAccountability,8539,1,Invalid SSN or failed to disclosed SSN
WIOAExitAccountability,8539,2,Retirement
WIOAExitAccountability,8539,3,"TAA participant began receiving TAA benefits and services under subsequent petition certification. "
WIOAExitAccountability,8539,10,None
WIOAEmploymentType,8540,1,Summer employment/Internships during the summer (WIOA Youth)
WIOAEmploymentType,8540,2,"Employment opportunities, including internships, not limited to summer months"
WIOAEmploymentType,8540,3,Pre-apprenticeship programs
WIOAEmploymentType,8540,4,Job shadowing
WIOAEmploymentType,8540,5,"On-the-Job Training (WIOA Youth) "
WIOAEmploymentType,8540,6,"Transitional Job (WIOA Adult, Dislocated Worker, and Dislocated Worker Grants)"
WIOAEmploymentType,8540,10,Other work experience activities
WIOAEmploymentType,8540,11,Did Not Participate in these activities
WIOATypeCredential,8541,1,"Secondary School Diploma/or equivalency "
WIOATypeCredential,8541,2,AA or AS Diploma/Degree
WIOATypeCredential,8541,3,BA or BS Diploma/Degree
WIOATypeCredential,8541,4,Occupational Licensure
WIOATypeCredential,8541,5,Occupational Certificate
WIOATypeCredential,8541,6,Occupational Certification
WIOATypeCredential,8541,15,"Other Recognized Diploma, Degree, or Certificate"
WIOATypeCredential,8541,16,No recognized credential
MedianIncomeLimits,8542,1,Median Income (100% AMI)
MedianIncomeLimits,8542,2,Low Income (80% AMI)
MedianIncomeLimits,8542,3,Very Low Income (50% AMI)
MedianIncomeLimits,8542,4,Extremely Low Income (30% AMI)
MedianIncomeLimits,8542,99,Above Median Income
WIOAYouthPlacement,8543,1,Occupational Skills Training
WIOAYouthPlacement,8543,2,Postsecondary Education
WIOAYouthPlacement,8543,3,Secondary Education
WIOAYouthPlacement,8543,10,No Placement
WIOAEmploymentMatch,8545,1,"UI Wage Data "
WIOAEmploymentMatch,8545,2,"Federal Employment Records (OPM, USPS)"
WIOAEmploymentMatch,8545,3,Military Employment Records (DOD)
WIOAEmploymentMatch,8545,4,"Non UI verification "
WIOAEmploymentMatch,8545,5," Information not yet available"
WIOAEmploymentMatch,8545,10,Not employed
"SNAP Work Eligibility Status ",8549,1,Eligible
"SNAP Work Eligibility Status ",8549,2,Ineligible
Type of Training Service,8550,1,On the Job Training (non-WIOA Youth)
Type of Training Service,8550,2,Skill Upgrading
Type of Training Service,8550,3,Entrepreneurial Training (non-WIOA Youth)
Type of Training Service,8550,4,ABE or ESL (contextualized or other) in conjunction with Training
Type of Training Service,8550,5,Customized Training
Type of Training Service,8550,6,Occupational Skills Training (non-WIOA Youth)
Type of Training Service,8550,7,ABE or ESL (contextualized or other) NOT in conjunction with training (funded by Trade Adjustment Assistance only)
Type of Training Service,8550,8,Prerequisite Training
Type of Training Service,8550,9,"Registered Apprenticeship "
Type of Training Service,8550,10,Youth Occupational Skills Training
Type of Training Service,8550,11,"Other Non-Occupational-Skills Training  "
Type of Training Service,8550,12,"Job Readiness Training in conjunction with other training "
Type of Training Service,8550,30,No Training Service
Entity Group Encounter Status,8552,1,Active
Entity Group Encounter Status,8552,2,Failed
Entity Group Encounter Status,8552,3,Complete
Sponsor Activity,8556,0,Failed
Sponsor Activity,8556,1,Active
State Issued ID Type,8557,1,Driver's License
State Issued ID Type,8557,2,Passport
State Issued ID Type,8557,3,Consulate Card
State Issued ID Type,8557,4,State ID
State Issued ID Type,8557,99,Other
Relation to Sponsor,8558,1,Sponsor
Relation to Sponsor,8558,2,Spouse
Relation to Sponsor,8558,3,Child
Relation to Sponsor,8558,4,Step-Child
Relation to Sponsor,8558,5,Grandparent
Relation to Sponsor,8558,6,Guardian
Relation to Sponsor,8558,7,Other Relative
Relation to Sponsor,8558,8,Other Non-Relative
Relation to Sponsor,8558,9,Grandchild
Relation to Sponsor,8558,10,Foster Child
Relation to Sponsor,8558,11,Unknown
Prounouns,8559,1,She/Her
Prounouns,8559,2,He/Him
Prounouns,8559,3,They/Them
Prounouns,8559,4,Ze/Hir
Prounouns,8559,15,Other
Prounouns,8559,16,Client Doesn't Know
Prounouns,8559,17,Client Prefers Not to Answer
Prounouns,8559,18,Data Not Collected
Prounouns,8559,19,Ze/zie/xe
Prounouns,8559,20,She/They
Prounouns,8559,21,He/They
Prounouns,8559,22,She/He
Prounouns,8559,23,She/He/They
Prounouns,8559,24,She/Ze
Prounouns,8559,25,He/Ze
Prounouns,8559,26,They/Ze
SelectiveServiceRegistration,8560,1,Yes
SelectiveServiceRegistration,8560,2,No
SelectiveServiceRegistration,8560,3,Waived
SelectiveServiceRegistration,8560,4,Exempt
SNAP Works Contact Relationships,8561,1,Participant Record Not Found
SNAP Works Contact Relationships,8561,2,Participant Referral Date Not Found
SNAP Works Contact Relationships,8561,3,Self Referred Participant Not Found
SNAP Works Request for Referral Status,8562,1,Request Submitted
SNAP Works Request for Referral Status,8562,2,Request Under Review
SNAP Works Request for Referral Status,8562,3,Pending Changes in Gateway
SNAP Works Request for Referral Status,8562,4,Request Complete
SNAP Works Request for Referral Status,8562,5,Request On Hold
SNAP Works Request for Referral Status,8562,6,Request Denied
ICD 10 Diagnoses Condition Rank,8564,1,Primary Diagnosis
ICD 10 Diagnoses Condition Rank,8564,2,Co-occurring Condition
Digital Connectivity,8575,1,Desktop computer
Digital Connectivity,8575,2,Smartphone
Digital Connectivity,8575,3,Tablet or other portable wireless computer
Digital Connectivity,8575,4,Another type of computer
Digital Connectivity,8575,5,None of the above
Internet Access,8576,1,"Yes, through a cell phone company or Internet service provider"
Internet Access,8576,2,"Yes, without paying a cell phone company or Internet service provider "
Internet Access,8576,3,No access to the Internet in my current living space
Internet Source,8577,1,A cellular data plan for a smartphone or other mobile device
Internet Source,8577,2,"Broadband (high speed) Internet service such as cable, fiber optic or DSL service installed"
Internet Source,8577,3,Satellite Internet service installed
Internet Source,8577,4,Dial-up Internet service installed
Internet Source,8577,5,Other service
Outcome Assessment Milestones,8585,1,Pre-Enrollment
Outcome Assessment Milestones,8585,2,During Services
Outcome Assessment Milestones,8585,3,Post Service
Outcome Assessment Milestones,8585,6,Post Service Follow Up
WIOAEmploymentPlacementTypeOther,8593,1,Self-Employment
WIOAEmploymentPlacementTypeOther,8593,2,Military Service
WIOAEmploymentPlacementTypeOther,8593,3,Pre-Apprenticeship Program
WIOAEmploymentPlacementTypeOther,8593,4,Registered Apprenticeship Program
WIOAEmploymentPlacementTypeOther,8593,5,N/A
Mission Impact Milestones,8594,1,Pre-Enrollment
Mission Impact Milestones,8594,2,During Services
Mission Impact Milestones,8594,3,Post-Service
Mission Impact Milestones,8594,6,Post-Service Follow Up
SNAP Works Eligibility,8595,1,Yes
SNAP Works Eligibility,8595,2,No
NFJP Report Population Type,8602,1,Adult
NFJP Report Population Type,8602,2,Youth
NFJP Report Population Type,8602,3,Total
Copy Existing Service Plan Template Occurence,8617,1,Weekly (by Monday)
Copy Existing Service Plan Template Occurence,8617,5,Monthly (30 days)
Copy Existing Service Plan Template Occurence,8617,10,Quarterly (90 days)
Copy Existing Service Plan Template Occurence,8617,15,Semi-Annually (180 days)
Copy Existing Service Plan Template Occurence,8617,20,Annually (365 days)
Copy Existing Service Plan Template Occurence,8617,21,Within two years
Copy Existing Service Plan Template Occurence,8617,22,Within three years
Copy Existing Service Plan Template Occurence,8617,23,Within four years
Copy Existing Service Plan Template Occurence,8617,24,Within five years
Copy Existing Service Plan Template Occurence,8617,25,Lifetime
Copy Existing Service Plan Template Occurence,8617,30,Each
Copy Service Plan,8618,3,Enter Plan Manually
Copy Service Plan,8618,5,Create New Plan From Existing Plan
Copy Service Plan,8618,10,Create New Plan From Template
VOCA Account Filter,8630,1,Services
VOCA Account Filter,8630,2,Enrollment
Merge Current Address,8631,1,Client A’s Address
Merge Current Address,8631,2,Client B’s Address
HUD Hosuing SituationTEMPORARY AND PERMANENT SITUA,8638,1,"Emergency shelter, including hotel or motel paid for with emergency shelter voucher, Host Home shelter  "
HUD Hosuing SituationTEMPORARY AND PERMANENT SITUA,8638,2,Transitional housing for homeless persons (including homeless youth)
HUD Hosuing SituationTEMPORARY AND PERMANENT SITUA,8638,4,Psychiatric hospital or other psychiatric facility
HUD Hosuing SituationTEMPORARY AND PERMANENT SITUA,8638,5,Substance abuse treatment facility or detox center
HUD Hosuing SituationTEMPORARY AND PERMANENT SITUA,8638,6,Hospital or other residential non-psychiatric medical facility
HUD Hosuing SituationTEMPORARY AND PERMANENT SITUA,8638,7,"Jail, prison or juvenile detention facility"
HUD Hosuing SituationTEMPORARY AND PERMANENT SITUA,8638,8,Client doesn't know
HUD Hosuing SituationTEMPORARY AND PERMANENT SITUA,8638,9,Client Prefers Not to Answer
HUD Hosuing SituationTEMPORARY AND PERMANENT SITUA,8638,10,"Rental by client, no ongoing housing subsidy"
HUD Hosuing SituationTEMPORARY AND PERMANENT SITUA,8638,11,"Owned by client, no ongoing housing subsidy"
HUD Hosuing SituationTEMPORARY AND PERMANENT SITUA,8638,12,"Staying or living with family, temporary tenure (e.g., room, apartment or house)"
HUD Hosuing SituationTEMPORARY AND PERMANENT SITUA,8638,13,"Staying or living with friends, temporary tenure (e.g., room, apartment or house)"
HUD Hosuing SituationTEMPORARY AND PERMANENT SITUA,8638,14,Hotel or motel paid for without emergency shelter voucher
HUD Hosuing SituationTEMPORARY AND PERMANENT SITUA,8638,15,Foster care home or foster care group home
HUD Hosuing SituationTEMPORARY AND PERMANENT SITUA,8638,16,"Place not meant for habitation (e.g., a vehicle, an abandoned building, bus/train/subway station/airport or anywhere outside)"
HUD Hosuing SituationTEMPORARY AND PERMANENT SITUA,8638,17,Other
HUD Hosuing SituationTEMPORARY AND PERMANENT SITUA,8638,18,Safe Haven
HUD Hosuing SituationTEMPORARY AND PERMANENT SITUA,8638,21,"Owned by client, with ongoing housing subsidy"
HUD Hosuing SituationTEMPORARY AND PERMANENT SITUA,8638,22,"Staying or living with family, permanent tenure"
HUD Hosuing SituationTEMPORARY AND PERMANENT SITUA,8638,23,"Staying or living with friends, permanent tenure"
HUD Hosuing SituationTEMPORARY AND PERMANENT SITUA,8638,24,Deceased
HUD Hosuing SituationTEMPORARY AND PERMANENT SITUA,8638,25,Long-term care facility or nursing home
HUD Hosuing SituationTEMPORARY AND PERMANENT SITUA,8638,26,Moved from one HOPWA funded project to HOPWA PH
HUD Hosuing SituationTEMPORARY AND PERMANENT SITUA,8638,27,Moved from one HOPWA funded project to HOPWA TH
HUD Hosuing SituationTEMPORARY AND PERMANENT SITUA,8638,29,Residential Project or halfway house with no homeless criteria
HUD Hosuing SituationTEMPORARY AND PERMANENT SITUA,8638,30,No exit interview completed
HUD Hosuing SituationTEMPORARY AND PERMANENT SITUA,8638,32,Host Home (non-crisis)
HUD Hosuing SituationTEMPORARY AND PERMANENT SITUA,8638,35,"Staying or living in a family member's room, apartment or house"
HUD Hosuing SituationTEMPORARY AND PERMANENT SITUA,8638,36,"Staying or living in a friend's room, apartment or house"
HUD Hosuing SituationTEMPORARY AND PERMANENT SITUA,8638,37,Worker unable to determine
HUD Hosuing SituationTEMPORARY AND PERMANENT SITUA,8638,49,"Rental by client, with ongoing housing subsidy"
HUD Hosuing SituationTEMPORARY AND PERMANENT SITUA,8638,94,PERMANENT HOUSING SITUATIONS
HUD Hosuing SituationTEMPORARY AND PERMANENT SITUA,8638,95,HOMELESS SITUATIONS
HUD Hosuing SituationTEMPORARY AND PERMANENT SITUA,8638,96,INSTITUTIONAL SITUATIONS
HUD Hosuing SituationTEMPORARY AND PERMANENT SITUA,8638,97,TEMPORARY HOUSING SITUATIONS
HUD Hosuing SituationTEMPORARY AND PERMANENT SITUA,8638,98,OTHER
HUD Hosuing SituationTEMPORARY AND PERMANENT SITUA,8638,99,Data Not Collected
"Rental by client, with ongoing housing subsi",8639,19,VASH housing subsidy
"Rental by client, with ongoing housing subsi",8639,20,"Rental by client, with other ongoing housing subsidy"
"Rental by client, with ongoing housing subsi",8639,28,GPD TIP housing subsidy
"Rental by client, with ongoing housing subsi",8639,31,RRH or equivalent subsidy
"Rental by client, with ongoing housing subsi",8639,33,HCV voucher (tenant or project based) (not dedicated)
"Rental by client, with ongoing housing subsi",8639,34,Public housing unit
"Rental by client, with ongoing housing subsi",8639,36,Housing Stability Voucher
"Rental by client, with ongoing housing subsi",8639,37,Family Unification Program Voucher (FUP)
"Rental by client, with ongoing housing subsi",8639,38,Foster Youth to Independence Initiative (FYI)
"Rental by client, with ongoing housing subsi",8639,39,Permanent Supportive Housing
"Rental by client, with ongoing housing subsi",8639,40,Other permanent housing dedicated for formerly homeless persons
Object Types,8642,1,Query
Object Types,8642,2,Form
Object Types,8642,3,List
Object Types,8642,7,Workflow
Object Types,8642,11,Dashboard
Object Types,8642,12,Role
HMIS RRH Subtype,8649,1,RRH: Services Only
HMIS RRH Subtype,8649,2,RRH: Housing With or Without Services
Provided By CE Project,8651,1,"Homelessness Prevention Assessment, Screening, and/or Referral"
Provided By CE Project,8651,2,"Shelter Assessment, Screening, and/or Referral"
Provided By CE Project,8651,3,"Housing Assessment, Screening, and/or Referral"
Provided By CE Project,8651,4,Direct Services (search and/or placement support)
ParticipatesinHMIS,8652,0,Not Participating
ParticipatesinHMIS,8652,1,"HMIS Participating "
ParticipatesinHMIS,8652,2,"Comparable Database Participating "
Medical Billing Type,8666,1,Medical Billing By Provider
Medical Billing Type,8666,2,Medical Billing By User
Medical Billing Type,8666,3,Medical Billing By Case Manager
CE Charge entry Batch Status,8668,20,New for charge Entry Service Status
CE Charge entry Batch Status,8668,21,Edit for charge Entry Service Status
CE Charge entry Batch Status,8668,22,Adjusted
CE Charge entry Batch Status,8668,23,Voided
CE Charge entry Batch Status,8668,24,Unbilled
CE Charge entry Batch Status,8668,25,Rebilled after Adjusted
CE Charge entry Batch Status,8668,26,Rebilled after Voided
CE Charge entry Batch Status,8668,31,New
CE Charge entry Batch Status,8668,32,In Progress
CE Charge entry Batch Status,8668,33,Pending
CE Charge entry Batch Status,8668,34,Ready
CE Charge entry Batch Status,8668,35,Exception
CE Charge entry Batch Status,8668,36,Sent
CE Charge entry Batch Status,8668,41,"Submitted "
CE Charge entry Batch Status,8668,42,Paid in Partial
CE Charge entry Batch Status,8668,43,Denied
CE Charge entry Batch Status,8668,44,"Written Off "
CE Charge entry Batch Status,8668,45,Paid
CE Charge entry Batch Status,8668,46,Rejected
CE Charge entry Batch Status,8668,47,Bad Request
CE Charge entry Batch Status,8668,48,Void
CE Charge entry Batch Status,8668,91,More Than One Service
Sex at Birth,8673,1,Male
Sex at Birth,8673,2,Female
Sex at Birth,8673,88,Intersex
HVRP Weeks,8676,1,1
HVRP Weeks,8676,2,2
HVRP Weeks,8676,3,3
HVRP Weeks,8676,4,4
HVRP Weeks,8676,5,5
HVRP Weeks,8676,6,6
HVRP Weeks,8676,7,7
HVRP Weeks,8676,8,8
HVRP Weeks,8676,9,9
HVRP Weeks,8676,10,10
HVRP Weeks,8676,11,11
HVRP Weeks,8676,12,12
HVRP Weeks,8676,13,13
HVRP Weeks,8676,14,14
HVRP Weeks,8676,15,15
HVRP Weeks,8676,16,16
HVRP Weeks,8676,17,17
HVRP Weeks,8676,18,18
HVRP Weeks,8676,19,19
HVRP Weeks,8676,20,20
HVRP Weeks,8676,21,21
HVRP Weeks,8676,22,22
HVRP Weeks,8676,23,23
HVRP Weeks,8676,24,24
HVRP Weeks,8676,25,25
HVRP Weeks,8676,26,26
HVRP Weeks,8676,27,0
HVRPEmployType,8677,1,Administrative
HVRPEmployType,8677,2,Customer Service
HVRPEmployType,8677,3,Driver
HVRPEmployType,8677,4,Education
HVRPEmployType,8677,5,Food Service
HVRPEmployType,8677,6,Healthcare
HVRPEmployType,8677,7,Information Technology
HVRPEmployType,8677,8,Vocational/Technical
HVRPEmployType,8677,9,Other
HVRPEmployType,8677,10,Participant Not Placed into Employment
Program or Service,8682,1,Program
Program or Service,8682,2,Service
ReasonContinueEnrollment,8691,1,Expected to Enter Stable Housing Soon
ReasonContinueEnrollment,8691,2,Found Employment
ReasonContinueEnrollment,8691,3,Made Progress on Service Plan
ReasonContinueEnrollment,8691,4,Other
HVRPHousingStatus,8692,1,Unsheltered Homeless
HVRPHousingStatus,8692,2,Sheltered Homeless/Temporary Supportive Housing
HVRPHousingStatus,8692,3,Permanent Supportive Housing
HVRPHousingStatus,8692,4,Permanent Housing
HVRPHousingStatus,8692,5,Other
HVRPHousingStatus,8692,6,Unknown
NFJP Report Time Period Type,8693,1,Quarter
NFJP Report Time Period Type,8693,2,Rolling 4 Quarters
NFJP Report Time Period Type,8693,3,Program to Date
AssessmentSite,8695,1,Home
AssessmentSite,8695,2,ALF
AssessmentSite,8695,3," Nursing facility"
AssessmentSite,8695,4,Hospital
AssessmentSite,8695,5," Adult day care "
AssessmentSite,8695,6,Other
Assessment Purpose,8696,1,Initial
Assessment Purpose,8696,2,Annual
Assessment Purpose,8696,3,Living situation
Assessment Purpose,8696,4,Caregiver
Assessment Purpose,8696,5,Environment
Assessment Purpose,8696,6,Income
Assessment Purpose,8696,7,Health
Referral Source,8697,1,Self/Family
Referral Source,8697,2,Nursing facility
Referral Source,8697,3," Case management agency"
Referral Source,8697,4," CARES"
Referral Source,8697,5,"Aging out "
Referral Source,8697,6,"Hospital "
Referral Source,8697,7,Department of Children and Families
Referral Source,8697,8,Other
Referral Source,8697,10,APS
Living Situation 701 A,8699,1,With primary caregiver
Living Situation 701 A,8699,2," With other caregiver"
Living Situation 701 A,8699,3," With other"
Living Situation 701 A,8699,4,Alone
EstimatedCoupleAssesstsRange,8700,1," $0 to $3,000"
EstimatedCoupleAssesstsRange,8700,2,"$3,001 to $6,000"
EstimatedCoupleAssesstsRange,8700,3," $6,001 or more"
EstimatedCoupleAssesstsRange,8700,4," Refused"
EstimatedCoupleAssesstsRange,8700,5," N/A"
Estimated individual assets range,8701,1,"$0 to $2,000"
Estimated individual assets range,8701,2," $2,001 to $5,000 "
Estimated individual assets range,8701,3," $5,001 or more"
Estimated individual assets range,8701,4," Refused"
Total number of correct words,8703,1,None
Total number of correct words,8703,2,One
Total number of correct words,8703,3,Two
Total number of correct words,8703,4,Three
Num of Words Recalled,8707,1,None
Num of Words Recalled,8707,2,One
Num of Words Recalled,8707,3,Two
Num of Words Recalled,8707,4,Three
Problems Remembering,8708,1,Always
Problems Remembering,8708,2,Often
Problems Remembering,8708,3,Sometimes
Problems Remembering,8708,4,Rarely
Problems Remembering,8708,5,Don't know
Health Rating,8709,1,Excellent
Health Rating,8709,2,Very Good
Health Rating,8709,3,Good
Health Rating,8709,4,Fair
Health Rating,8709,5,Poor
HealthComparedToLastYr,8710,1,Much better
HealthComparedToLastYr,8710,2,"Better "
HealthComparedToLastYr,8710,3,About the same
HealthComparedToLastYr,8710,4,Worse
HealthComparedToLastYr,8710,5,Much worse
How Often,8711,1,Never
How Often,8711,2,"Occasionally "
How Often,8711,3,Often
How Often,8711,4,All of the time
Need medical care,8712,1,"Always "
Need medical care,8712,2,"Most of the time "
Need medical care,8712,3,Rarely
Need medical care,8712,4,Only in an emergency
Need medical care,8712,5,Never
Satisfied with quality of life,8717,1,"Very satisfied "
Satisfied with quality of life,8717,2,"Satisfied "
Satisfied with quality of life,8717,3," Neither satisfied nor dissatisfied"
Satisfied with quality of life,8717,4,Dissatisfied
Satisfied with quality of life,8717,5,Very dissatisfied
HealthComparedToLastYr,8721,1,Much better
HealthComparedToLastYr,8721,2,Better
HealthComparedToLastYr,8721,3,About the same
HealthComparedToLastYr,8721,4,Worse
HealthComparedToLastYr,8721,5,Much worse
DifficultDailyLife,8722,1,"Not difficult at all "
DifficultDailyLife,8722,2,Somewhat difficult
DifficultDailyLife,8722,3,"Very difficult "
DifficultDailyLife,8722,4,Extremely difficult
RESIDENTIAL LIVING ENVIRONMENT - Exterior issues,8723,1,"Road "
RESIDENTIAL LIVING ENVIRONMENT - Exterior issues,8723,2,Driveway
RESIDENTIAL LIVING ENVIRONMENT - Exterior issues,8723,3,Yard
RESIDENTIAL LIVING ENVIRONMENT - Exterior issues,8723,4,Ramp
RESIDENTIAL LIVING ENVIRONMENT - Exterior issues,8723,5,Windows
RESIDENTIAL LIVING ENVIRONMENT - Exterior issues,8723,6,Roof
Interior issues,8724,1,Doors
Interior issues,8724,2,Stairs
Interior issues,8724,3," Floor"
Interior issues,8724,4,Walls
Interior issues,8724,5,"Ceiling "
Interior issues,8724,6,Lights
Restroom issues,8725,1,Door
Restroom issues,8725,2," Handrails"
Restroom issues,8725,3," Tub"
Restroom issues,8725,4,Shower
Restroom issues,8725,5,Toilet
Utility issue,8726,1,Plumbing
Utility issue,8726,2,Water
Utility issue,8726,3,Electric
Utility issue,8726,4,Gas
Furniture issue,8727,1,Chair
Furniture issue,8727,2,Couch
Furniture issue,8727,3,Bed
Furniture issue,8727,4,Table
Telephone issue,8728,1,Broken
Telephone issue,8728,2,No phone
Telephone issue,8728,3,Disconnected/No service
ProviderReferralNoAccountType,8729,1,Insufficient Funds
ProviderReferralNoAccountType,8729,2,Sufficient Funds - Need to rerun
ProviderReferralNoAccountType,8729,3,Missing Service Type - Bucket Fund Mapping
Import Duplicate Client Type,8733,1,FindHelp Import
Duplicate Staging Status,8735,1,Merge Into Existing
Duplicate Staging Status,8735,2,Insert as New
Duplicate Staging Status,8735,3,Do not import
Duplicate Staging Status,8735,4,Needs review
Duplicate Staging Status,8735,5,Processed successfully
Duplicate Staging Status,8735,6,Failed
Temperature Issue,8737,1,Heat
Temperature Issue,8737,2,Smoke detector
Temperature Issue,8737,3,Air conditioning
Unsanitary condition,8738,1,"Odors "
Unsanitary condition,8738,2,Insects
Unsanitary condition,8738,3," Rodents"
Unsanitary condition,8738,4,"Accumulating items or garbage "
Unsanitary condition,8738,5,Floors or pathways   cluttered
UnsureNoYes,8740,1,Unsure
UnsureNoYes,8740,2,No
UnsureNoYes,8740,3,Yes
Weight Gain,8741,1,Less than five pounds
Weight Gain,8741,2," Five to ten pounds"
Weight Gain,8741,3,Ten pounds or more
Integration Import Status,8743,1,Pending
Integration Import Status,8743,2,Success
Integration Import Status,8743,3,Failed
Integration Import Status,8743,4,Skipped
Integration Import Sub Status,8744,21,Failure After Save
Integration Import Sub Status,8744,31,Client Save Failure
Integration Import Sub Status,8744,32,Enrollment Save Failure
Integration Import Sub Status,8744,33,Service Save Failure
Integration Import Sub Status,8744,41,No Mapping Exists
Integration Import Sub Status,8744,42,Service Request Already Exsists
Integration Import Sub Status,8744,43,Service Already Queued
Consumer Transaction Audit Status,8748,1,Original
Consumer Transaction Audit Status,8748,2,Adjusted
Consumer Transaction Audit Status,8748,3,Voided
Primary Language,8756,1,English
Primary Language,8756,2,Spanish
Primary Language,8756,3,Other
701 Marital Status,8757,1,Married
701 Marital Status,8757,2,Partnered
701 Marital Status,8757,3,Single
701 Marital Status,8757,4,Separated
701 Marital Status,8757,5,Divorced
701 Marital Status,8757,6,Widowed
701 Address Type,8758,1," Private residence"
701 Address Type,8758,2,"Hospital "
701 Address Type,8758,3," Assisted living facility (ALF) "
701 Address Type,8758,4,Adult day care
701 Address Type,8758,5,Nursing facility
701 Address Type,8758,6,Other
AsylumService,8759,1,At the border immediately after arrival/release
AsylumService,8759,2,At their final destination
Chewing Swallowing Difficulty,8761,3,Mouth/tooth/dentures
Chewing Swallowing Difficulty,8761,4,Pain or difficulty swallowing
Chewing Swallowing Difficulty,8761,5,Taste
Chewing Swallowing Difficulty,8761,6,Nausea
Chewing Swallowing Difficulty,8761,7,"Saliva production "
Chewing Swallowing Difficulty,8761,8,Other
Food Appliances,8762,2,Refrigerator
Food Appliances,8762,3,Microwave
Food Appliances,8762,4,Toaster/Oven
Food Appliances,8762,5,Stove
Food Appliances,8762,6,Other
drink alcohol,8763,1,Refused (Skip to 108)
drink alcohol,8763,2,None (Skip to 108)
drink alcohol,8763,3,One to two
drink alcohol,8763,4,Three to five
drink alcohol,8763,5,Six to seven
alcohol consumption,8764,1,One to two
alcohol consumption,8764,2,Three to five
alcohol consumption,8764,3,Six or more
alcohol consumption,8764,4,None
Caregiver relationship to client,8765,1,Wife
Caregiver relationship to client,8765,2,Husband
Caregiver relationship to client,8765,3,Partner
Caregiver relationship to client,8765,4,Parent
Caregiver relationship to client,8765,5,Son/In-law
Caregiver relationship to client,8765,6,Daughter/In-law
Caregiver relationship to client,8765,7,Other Relative
Caregiver relationship to client,8765,8,Other Non-relative
mental strain,8766,1,None
mental strain,8766,2,"Some strain "
mental strain,8766,3,A lot of strain
Confidence Level,8767,1,Very confident (Skip to 85)
Confidence Level,8767,2,Somewhat confident (Skip to 85)
Confidence Level,8767,3,Not very confident
crisis types,8768,3,Financial
crisis types,8768,4,Emotional
crisis types,8768,5,Physical
CorrectYear,8770,1,Correct
CorrectYear,8770,2,Missed by one year
CorrectYear,8770,3,Missed by two to five years
CorrectYear,8770,4,"Missed by five or more years "
CorrectYear,8770,5,No answer
Correct Month,8771,1,Correct
Correct Month,8771,2,Missed by one month
Correct Month,8771,3,Missed by two to five months
Correct Month,8771,4,Missed by five or more months
Correct Month,8771,5,No answer
correct/Incorrect/NoAns,8772,1,Correct
correct/Incorrect/NoAns,8772,2,Incorrect
correct/Incorrect/NoAns,8772,3,No answer
RepeatedWords,8774,1,Sock
RepeatedWords,8774,2,Blue
RepeatedWords,8774,3,Bed
Fear of falling,8775,1,Never
Fear of falling,8775,2,Occasionally
Fear of falling,8775,3,Often
Fear of falling,8775,4,All of the time
YesNoBlind,8776,1,Yes
YesNoBlind,8776,2,No
YesNoBlind,8776,3,Blind
YesNoDeaf,8777,1,No
YesNoDeaf,8777,2,Yes
YesNoDeaf,8777,3,Deaf
Hearing,8778,1,No
Hearing,8778,2,In one ear
Hearing,8778,3,Slightly worse
Hearing,8778,4,Much worse
RLEnvironment,8779,1,No/low risk
RLEnvironment,8779,2,Minor risk
RLEnvironment,8779,3,"Moderate risk "
RLEnvironment,8779,4,"High risk "
Type Of Tobacco,8780,1,Chewing tobacco
Type Of Tobacco,8780,2,Cigarettes
Type Of Tobacco,8780,3,Cigars
Type Of Tobacco,8780,4,Snuff
Type Of Tobacco,8780,5,Other
Tobacco Use Each Day,8781,1,One to three
Tobacco Use Each Day,8781,2,"Four to ten "
Tobacco Use Each Day,8781,3,"Eleven or more "
DrugUsage,8782,1,Rarely
DrugUsage,8782,2,Less than twice a month
DrugUsage,8782,3,Less than once a week
DrugUsage,8782,4,Several times a week
DrugUsage,8782,5,Daily
DrugUsage,8782,6,Several times a day
DrugsHowLong,8783,1," Less than a year"
DrugsHowLong,8783,2,One or more years
WorkOutsideHome,8784,1,Yes; Full-time
WorkOutsideHome,8784,2,Yes; Part-time
WorkOutsideHome,8784,3,No
AlternateContactYesNo,8785,1,No
AlternateContactYesNo,8785,2,"Yes, please provide the name and relationship to client"
provide care for client,8786,1,Less than six months
provide care for client,8786,2,Six to twelve months
provide care for client,8786,3,One to two years
provide care for client,8786,4,Two or more years
Stress Level,8787,1,None
Stress Level,8787,2,Some strain
Stress Level,8787,3,A lot of strain
Words To Remember,8789,1,Sock
Words To Remember,8789,2,Blue
Words To Remember,8789,3,Bed
HMIS Sex,8793,1,Male
HMIS Sex,8793,2,Female
HMIS Sex,8793,8,Client doesn't know
HMIS Sex,8793,9,Client prefers not to answer
HMIS Sex,8793,99,Data not collected
MH Consult,8794,1,Mental health consultation completed
MH Consult,8794,2,Mental health consultation being coordinated/arranged with VA provider
MH Consult,8794,3,Mental health consultation being coordinated/arranged with other provider
MH Consult,8794,4,Offer declined
Denied Category,8798,1,Insufficient Detail
Denied Category,8798,5,Missing Required Data
Denied Category,8798,10,Other
701B Progress Status,8799,1,In Progress
701B Progress Status,8799,2,Complete
Severity,8800,1,Severe
Severity,8800,2,Moderate
Severity,8800,3,Mild
High or Low,8801,1,High
High or Low,8801,2,Low
DiabetesEx,8802,1,IDDM
DiabetesEx,8802,2,NIDDM
frequency constant to rare,8803,1,Constant
frequency constant to rare,8803,2,Frequent
frequency constant to rare,8803,3,Occasional
frequency constant to rare,8803,4,Rare
Gallbladder Ex,8806,1,Removal
Gallbladder Ex,8806,2,Problems
Type of Heart Issue,8807,1,Pacemaker
Type of Heart Issue,8807,2,CHF
Type of Heart Issue,8807,3,MI
Type of Heart Issue,8807,4,Other
LungEx,8808,1,Emphysema
LungEx,8808,2,Asthma
LungEx,8808,3,Pneumonia
LungEx,8808,4,COPD
ThyroidEx,8809,1,Hyper
ThyroidEx,8809,2,Hypo
LiverEx,8810,1,Cirrhosis
LiverEx,8810,2,Hepatitis
ParalysisEx,8812,1,Full
ParalysisEx,8812,2,Partial
ParalysisEx,8812,3,Local
Service Autho End Reason,8814,-1,Service Ended by Referrer
Service Autho End Reason,8814,0,Being Provided
Service Autho End Reason,8814,2,Moved/relocated
Service Autho End Reason,8814,4,Deceased
Service Autho End Reason,8814,6,Transferred to another program
Service Autho End Reason,8814,7,Ineligible
Service Autho End Reason,8814,9,Reason unknown
Service Autho End Reason,8814,12,Refused Services
Service Autho End Reason,8814,21,Services not needed
Service Autho End Reason,8814,42,Cancelled Service
Service Autho End Reason,8814,47,In hospital
Service Autho End Reason,8814,56,Recovered
Service Autho End Reason,8814,57,Diet Restrictions
vision getting worse,8817,2,No
vision getting worse,8817,3,in one eye
vision getting worse,8817,4,slightly worse
vision getting worse,8817,5,much worse
male and female only,8818,1,Male
male and female only,8818,2,Female
HMISSourceType,8819,1,"Continuum-operated HMIS "
HMISSourceType,8819,2,Agency-specific database
HMISSourceType,8819,3,Data warehouse
HMISSourceType,8819,4,Other
NoYesBool,8823,0,Yes
NoYesBool,8823,1,No
Confidence Level 2,8825,1,Very confident (Skip to 135)
Confidence Level 2,8825,2,Somewhat confident (Skip to 135)
Confidence Level 2,8825,3,Not very confident
ClaimExchange Approval Status,8827,3,Pending
ClaimExchange Approval Status,8827,4,Approved
ClaimExchange Approval Status,8827,5,Denied
ClaimExchange Approval Status,8827,6,Hold
ClaimExchange Approval Status,8827,9,Conditionally Approved
Med Waiver Type Status,8828,1,Open
Med Waiver Type Status,8828,2,Closed
Copy of drink alcohol,8836,1,Refused
Copy of drink alcohol,8836,2,None
Copy of drink alcohol,8836,3,One to two
Copy of drink alcohol,8836,4,Three to five
Copy of drink alcohol,8836,5,Six to seven
Medical Reasons MSG,8838,1,Calorie supplement
Medical Reasons MSG,8838,2,Low fat/cholesterol
Medical Reasons MSG,8838,3,Low salt/sodium
Medical Reasons MSG,8838,4,Low sugar/carb
Medical Reasons MSG,8838,5,Other
APS Risk Level,8841,1,High Level of Risk
APS Risk Level,8841,2,Intermediate Level of Risk
APS Risk Level,8841,3,Low Level of Risk
Yes No Refused,8842,1,Yes
Yes No Refused,8842,2,No
Yes No Refused,8842,3,Refused
Site Visit Type,8843,1,General Residential
Site Visit Type,8843,2,New Facility
Site Visit Type,8843,3,General Day
Site Visit Type,8843,4,Program Observation
ContactPerson,8845,1,Self
ContactPerson,8845,2,Caregiver
ContactPerson,8845,3,Neighbor
ContactPerson,8845,4,Family Member
ContactPerson,8845,5,Other
Goal Completion Status,8846,1,Independent
Goal Completion Status,8846,1,Independent
Goal Completion Status,8846,1,Independent
Goal Completion Status,8846,2,Verbal Cue
Goal Completion Status,8846,2,Verbal Cue
Goal Completion Status,8846,2,Verbal Cue
Goal Completion Status,8846,3,Verbal Prompt
Goal Completion Status,8846,3,Verbal Prompt
Goal Completion Status,8846,3,Verbal Prompt
Goal Completion Status,8846,4,Gestural Prompt
Goal Completion Status,8846,4,Gestural Prompt
Goal Completion Status,8846,4,Gestural Prompt
Goal Completion Status,8846,5,Physical Guidance
Goal Completion Status,8846,5,Physical Guidance
Goal Completion Status,8846,5,Physical Guidance
Goal Completion Status,8846,6,Physical Assistance
Goal Completion Status,8846,6,Physical Assistance
Goal Completion Status,8846,6,Physical Assistance
Goal Completion Status,8846,7,Refused
Goal Completion Status,8846,7,Refused
Goal Completion Status,8846,7,Refused
Type of Communication,8848,1,Incoming Communication
Type of Communication,8848,2,Outgoing Communication
Encounter Contact Participant Type,8849,1,Sender
Encounter Contact Participant Type,8849,2,Recipient
SubscriberID,8852,1,Social Security Number
SubscriberID,8852,2,Medicaid ID
SubscriberID,8852,3,Insurance Member Number
Second Reviewer Status,8853,1,Incomplete
Second Reviewer Status,8853,2,Complete
Drug Administration,8863,1,Oral (by mouth or swallowing)
Drug Administration,8863,2,Smoking (inhale by burning/heating substance)
Drug Administration,8863,3,Inhalation (inhale or snort through the nose or mouth without burning the substance)
Drug Administration,8863,4,Injection (IV or intramuscular or skin popping)
Drug Administration,8863,5,Other
Drug Administration,8863,9,Unknown
Copay Types,8864,1,Monthly
Service Unit Requeue Type,8867,1,User (for missing eCirts and other failures)
Service Unit Requeue Type,8867,2,Service Type (for missing mapping)
Billing Process,8870,1,Manual
Billing Process,8870,2,Automated
HCBS Authorization Type,8882,1,Service Delivery Authorization
HCBS Authorization Type,8882,2,Billing Authorization
CE Charge entry Batch Status without Bad Request,8891,20,New for charge Entry Service Status
CE Charge entry Batch Status without Bad Request,8891,21,Edit for charge Entry Service Status
CE Charge entry Batch Status without Bad Request,8891,22,Adjusted
CE Charge entry Batch Status without Bad Request,8891,23,Voided
CE Charge entry Batch Status without Bad Request,8891,24,Unbilled
CE Charge entry Batch Status without Bad Request,8891,25,Rebilled after Adjusted
CE Charge entry Batch Status without Bad Request,8891,26,Rebilled after Voided
CE Charge entry Batch Status without Bad Request,8891,31,New
CE Charge entry Batch Status without Bad Request,8891,32,In Progress
CE Charge entry Batch Status without Bad Request,8891,33,Pending
CE Charge entry Batch Status without Bad Request,8891,34,Ready
CE Charge entry Batch Status without Bad Request,8891,35,Exception
CE Charge entry Batch Status without Bad Request,8891,36,Sent
CE Charge entry Batch Status without Bad Request,8891,41,"Submitted "
CE Charge entry Batch Status without Bad Request,8891,42,Paid in Partial
CE Charge entry Batch Status without Bad Request,8891,43,Denied
CE Charge entry Batch Status without Bad Request,8891,44,"Written Off "
CE Charge entry Batch Status without Bad Request,8891,45,Paid
CE Charge entry Batch Status without Bad Request,8891,46,Rejected
CE Charge entry Batch Status without Bad Request,8891,48,Void
CE Charge entry Batch Status without Bad Request,8891,91,More Than One Service
Copay Exempt Reason,8895,1,3B | OAA funded no copay
Copay Exempt Reason,8895,2,3E | OAA funded no copay
Copay Exempt Reason,8895,3,AP | APS Referral no copay for 31 days
Copay Exempt Reason,8895,4,C2 | OAA funded no copay
Copay Exempt Reason,8895,5,CS | ADI/CCE/NDP couple - spouse pays copay
Copay Exempt Reason,8895,6,H2 | HCE exempt - no copay
Copay Exempt Reason,8895,7,HH | LSP/OAA funded no copay
Copay Exempt Reason,8895,8,ML | CLNT APPL for MLTC
Copay Exempt Reason,8895,9,PP | BOCC Pilot Project
Copay Exempt Reason,8895,10,WV | Waived by CM Manager - no copay
Preferred Contact,1000000002,1,Telephone
Preferred Contact,1000000002,2,Email
AW Pronouns,1000000004,1,He/Him/His
AW Pronouns,1000000004,2,She/Her/Hers
AW Pronouns,1000000004,3,They/Them/Theirs
AW Pronouns,1000000004,4,Other
AW HIVlIST,1000000005,1,Yes
AW HIVlIST,1000000005,2,No
AW HIVlIST,1000000005,3,Unknown/Refused to Report
AW Relationship Status,1000000006,1,Divorced
AW Relationship Status,1000000006,2,Widowed
AW Relationship Status,1000000006,3,Significant Other
AW Relationship Status,1000000006,4,Other
AW Relationship Status,1000000006,5,Single
AW Relationship Status,1000000006,6,Domestic Partner
AW Relationship Status,1000000006,7,Married
AW Relationship Status,1000000006,8,Unknown/Client Refused
AW Read Writes,1000000007,1,Yes
AW Read Writes,1000000007,2,No
AW Read Writes,1000000007,3,Read Only / Limited Literacy
Primary Phone,1000000057,1,Home
Primary Phone,1000000057,2,Work
Primary Phone,1000000057,3,Mobile
CellPhoneOwner,1000000060,1,Goodwill SCWI
CellPhoneOwner,1000000060,2,Personal
Employer Code,1000000069,1,"Agriculture, Forestry & Fishing"
Employer Code,1000000069,2,Construction Industries
Employer Code,1000000069,3,Manufacturing (Includes Printing & Publishing)
Employer Code,1000000069,4,"Transportation, Communications & Utilities"
Employer Code,1000000069,5,"Finance, Insurance & Real Estate"
Employer Code,1000000069,6,Wholesale Trade
Employer Code,1000000069,7,Retail Trade
Employer Code,1000000069,8,Food Service Trade
Employer Code,1000000069,9,Health Care
Employer Code,1000000069,10,Hotel/Motel
Employer Code,1000000069,11,Other Services Industries
Employer Code,1000000069,12,Public Administration (including Governmental Enti
Employer Code,1000000069,13,Self Employment
Employer Size,1000000087,1,1-9
Employer Size,1000000087,2,10-29
Employer Size,1000000087,3,30+
Program Status,1000000091,1,Active
Program Status,1000000091,2,Completed
Program Status,1000000091,3,Self-Terminated
Program Status,1000000091,4,Not Work Ready
Program Status,1000000091,5,Interrupted
Program Status,1000000091,6,Suspended
Program Status,1000000091,7,Null
Program Status,1000000091,8,Pending
Program Status,1000000091,9,Waiting
Program Status,1000000091,10,Graduated
YesNoDontAnswer,1000000120,1,Yes
YesNoDontAnswer,1000000120,2,No
Number In Household,1000000128,1,1
Number In Household,1000000128,2,2
Number In Household,1000000128,3,3
Number In Household,1000000128,4,4
Number In Household,1000000128,5,5
Number In Household,1000000128,6,6
Number In Household,1000000128,7,7
Number In Household,1000000128,8,8
Number In Household,1000000128,9,9
Number In Household,1000000128,10,10
Number In Household,1000000128,11,11
Number In Household,1000000128,12,12+
FS Categories,1000000226,1,Private Higher Ed
FS Categories,1000000226,2,Healthcare
FS Categories,1000000226,3,Private K-12
FS Categories,1000000226,4,Government
FS Categories,1000000226,5,"Office Space 250,000 Sq. ft. +"
