batchbuilder,DownloadedTemplate,DownloadedTemplateID,PK_DownloadedTemplate
batchbuilder,ErrorType,ErrorTypeID,PK_ErrorType
batchbuilder,FormElementMap,FormElementMapID,PK_FormElementMap
batchbuilder,UploadedTemplate,UploadedTemplateID,PK_UploadedTemplate
batchbuilder,UploadedTemplateError,UploadedTemplateErrorID,PK_UploadedTemplateError
batchbuilder,ValidationErrorType,ValidationErrorTypeID,PK_ValidationErrorType
cars,QuerySource,QuerySourceID,PK_CarsQuerySource
cars,Report,ReportID,PK_CarsReport
cars,ReportFolder,ReportFolderID,PK_ReportFolder
cars,ReportType,ReportTypeID,PK_CarsReportType
cars,Template,TemplateID,PK_Template
cars,Theme,ThemeID,PK_CarsTheme
cars,ThemeType,ThemeTypeID,PK_CarsThemeType
claimsexchange,Auth,AuthID,PK_AuthID
claimsexchange,Download837,Download837ID,PK_Download837
commhub,Room,RoomID,PK_Room
commhub,RoomActivity,RoomActivityID,PK_RoomActivity
commhub,RoomActivityAttachment,RoomActivityAttachmentID,PK_RoomActivityAttachment
commhub,RoomActivityRoute,RoomActivityRouteID,PK_RoomActivityRoute
commhub,RoomActivitySource,RoomActivitySourceID,PK_RoomActivitySource
commhub,RoomActivityType,RoomActivityTypeID,PK_RoomCallResultType
commhub,RoomAppointment,RoomAppointmentID,PK_RoomAppointment
commhub,RoomAudience,RoomAudienceID,PK_RoomAudience
commhub,RoomCall,RoomCallID,PK_RoomCall
commhub,RoomParticipant,RoomParticipantID,PK_RoomParticipant
commhub,RoomPostedData,RoomPostedDataID,PK_RoomPostedData
commhub,RoomPostedDataMessage,RoomPostedDataMessageID,PK_RoomPostedDataMessage
commhub,RoomPostedDataParticipant,RoomPostedDataParticipantID,PK_RoomPostedDataParticipant
commhub,RoomTeam,RoomTeamID,PK_RoomTeam
commhub,TokenLog,TokenLogID,PK_TokenLog
commhub,UserStatus,UserStatusID,PK_UserStatus
commlink,Link,LinkID,PK_Link
commlink,LinkDeliveryMethod,LinkDeliveryMethodID,PK_LinkDeliveryMethod
commlink,LinkLifespanOption,LinkLifespanOptionID,PK_LinkLifespanOption
commlink,LinkMapParameter,LinkMapParameterID,PK_LinkMapParameter
commlink,LinkRecipient,LinkRecipientID,PK_LinkRecipient
commlink,LinkSetting,LinkSettingID,PK_LinkSetting
commlink,ObjectOpenedLog,ObjectOpenedLogID,PK_ObjectOpenedLog
commlink,SentLinkLog,SentLinkLogID,PK_SentLinkLog
commlink,SentLinkType,SentLinkTypeID,PK_SentLinkType
dbo,AbsenceExtension,AbsenceID,PK_AbsenceExtension
dbo,Account,AccountID,PK_Account
dbo,AccountBank,BankID,PK_AccountBank
dbo,AccountBudget,AccountBudgetID,PK_AccountBudget
dbo,AccountCalendarSummary,AccountSummaryID,PK_AccountCalendarSummary
dbo,AccountCalendarSummaryExt,AccountSummaryID,PK_AccountCalendarSummaryExt
dbo,AccountEligibilityResults,EligibilityResultsID,PK_AccountEligibilityResults
dbo,AccountEligibilityRule,AccountID,PK_AccountEligibilityRule
dbo,AccountEligibilityRule,EligibilityRuleChainID,PK_AccountEligibilityRule
dbo,AccountEligibilityRule,RuleID,PK_AccountEligibilityRule
dbo,AccountEligibilityRuleChain,EligibilityRuleChainID,PK_AccountEligibilityRuleChain
dbo,AccountMaster,MasterID,PK_AccountMaster
dbo,AccountMasterAccount,LinkID,PK_AccountMasterAccount
dbo,AccountMasterGrand,AccountMasterGrandID,PK_AccountMasterGrand
dbo,AccountMasterGrandTransaction,AccountMasterGrandTransactionID,PK_AccountMasterGrandTransaction
dbo,AccountMasterTransaction,AccountMasterTransactionID,PK_AccountMasterTransaction
dbo,AccountObligation,ObligationID,PK_AccountObligation
dbo,AccountService,AccountServiceID,PK_AccountService
dbo,AccountTransaction,TransactionID,PK_AccountTransaction
dbo,AccountTransactionExt,TransactionID,PK_AccountTransactionExt
dbo,AccountTransactionGrandFund,AccountTransactionGrandFundID,PK_AccountTransactionGrandFund
dbo,AccountTransactionList,AccountTransactionListID,PK_AccountTransactionList
dbo,AccountTransactionLogic,TransactionID,PK_AccountTransactionLogic
dbo,AccountTransactionLogicExt,TransactionID,PK_AccountTransactionLogicExt
dbo,AccountTransListAccount,AccountTransListAccountID,PK_AccountTransListAccount
dbo,AccountType,AccountTypeID,PK_AccountType
dbo,AccountWaitList,WaitListID,PK_AccountWaitList
dbo,Action,ActionID,PK_Action
dbo,ActionResolution,ActionResolutionID,PK_ActionResolution
dbo,ActionResolutionOtherInfo,ActionResolutionID,PK_ActionResolutionOtherInfo
dbo,ActionResolutionSchool,ActionResolutionID,PK_ActionResolutionSchool
dbo,ActionResolutionUsage,ActionResolutionID,PK_ActionResolutionUsage
dbo,ActionResolutionUsage,ActionTaken,PK_ActionResolutionUsage
dbo,ActionTakenBehavior,ActionTakenBehaviorID,PK_ActionTakenBehavior
dbo,ActionTakenSchool,ActionResolutionID,PK_ActionTakenSchool
dbo,ActionTakenSchool,ActionTaken,PK_ActionTakenSchool
dbo,Activity,ActivityID,PK_Activity
dbo,ActivityCategoryType,CategoryID,PK_ActivityCategory
dbo,ActivityLocationCategory,ActivityLocationID,PK_ActivityLocationCategory
dbo,ActivityLocationCategory,CategoryID,PK_ActivityLocationCategory
dbo,ActivityLocationCategoryType,CategoryID,PK_ActivityLocationCategoryType
dbo,ActivityLocationType,ActivityLocationTypeID,PK_ActivityLocationType
dbo,ActivityType,ActivityTypeID,PK_ActivityType
dbo,Address,AddressID,PK_Address
dbo,AddressExt,AddressID,PK_AddressExt
dbo,AdHocReport,ReportID,PK_AdHocReport
dbo,AdulthoodUpdate,AssessmentID,PK_AdulthoodUpdate
dbo,AffordabilityCalc,AffordabilityCalcID,PK_AffordabilityCalc
dbo,AharDataEntry,AharReportID,PK_AharDataEntry
dbo,AharJurisidictionCodes,AharJurisidictionCodesID,PK_[AharJurisidictionCodesID
dbo,AharOrganizationEntry,AharOrganizationEntryID,PK_AharOrganizationEntry
dbo,AharProgramEntry,AharProgramEntryID,PK_AharProgramEntry
dbo,AHARPrograms,AHARProgramID,PK_AHARPrograms
dbo,AlcoholDrugScreen,AlcoholDrugScreenID,PK_AlcoholDrugScreen
dbo,AlcoholDrugScreenAnyOf,AnyOfID,PK_AlcoholDrugScreenAnyOf
dbo,AlcoholDrugScreenSymptom,SymptomID,PK_AlcoholDrugScreenSymptom
dbo,AlertActionType,AlertActionTypeID,PK_AlertActionType
dbo,AlertConfiguration,AlertID,PK_AlertConfiguration
dbo,AlertType,AlertTypeID,PK_AlertType
dbo,Allergies,AllergyID,PK_Allergies
dbo,AllergiesOtherInfo,AllergyID,PK_AllergiesOtherInfo
dbo,AllergyReactions,AllergyReactionsID,PK_AllergyReactions
dbo,AllergyReactionsOtherInfo,AllergyID,PK_AllergyReactionsOther
dbo,AllergyType,AllergyTypeID,PK_AllergyType
dbo,AllergyTypeCategory,AllergyCategoryID,PK_AllergyTypeCategory
dbo,AllergyTypeCategoryType,AllergyTypeID,PK_AllergyTypeCategoryType
dbo,AllergyTypeCategoryType,CategoryID,PK_AllergyTypeCategoryType
dbo,AmortizationSchedCalc,AmortizationSchedCalcID,PK_AmortizationSchedCalcID
dbo,Annotation,AnnotationID,PK_Annotation
dbo,AnswerType,AnswerTypeID,PK_AnswerType
dbo,AnswerTypeCategory,AnswerCategoryID,PK_AnswerTypeCategory
dbo,APIForm,FormID,PK_APIForm
dbo,APIFormRole,APIFormRoleID,PK_APIFormRole
dbo,ApplicationSetting,ApplicationSettingID,PK_ApplicationSetting
dbo,ApplicationSettingGroup,ApplicationSettingGroupID,PK_ApplicationSettingGroup_ID
dbo,Appointment,AppointmentID,PK_Appointment
dbo,AppointmentAttendee,ApptAttendeeID,PK_AppointmentAttendee
dbo,AppointmentAttendeeHistory,AppointmentAttendeeHistoryID,PK_AppointmentAttendeeHistory
dbo,AppointmentDOW,AppointmentID,PK_AppointmentDOW
dbo,AppointmentDOW,DaysOfWeek,PK_AppointmentDOW
dbo,AppointmentHistory,AppointmentHistoryID,PK_AppointmentHistory
dbo,AppointmentRandomizer,AppointmentRandomizerID,PK_AppointmentRandomizer
dbo,AppointmentRandomizerItem,AppointmentRandomizerItemID,PK_AppointmentRandomizerItem
dbo,AppointmentRandomizerRandomed,AppointmentRandomizerRandomedID,PK_AppointmentRandomizerRandomed
dbo,Approval,ApprovalID,PK_Approval
dbo,ApprovalGroup,ApprovalGroupID,PK_ApprovalGroup
dbo,ApprovalGroupMember,ApprovalMemberID,PK_ApprovalGroupMember
dbo,ApprovalGroupTypeCategory,ApprovalGroupCategoryID,PK_ApprovalGroupTypeCategory
dbo,ApprovalGroupTypeCategoryType,ApprovalGroupID,PK_ApprovalGroupTypeCategoryType
dbo,ApprovalGroupTypeCategoryType,ApprovalGroupCategoryID,PK_ApprovalGroupTypeCategoryType
dbo,ApprovalHistory,ApprovalHistoryID,PK_ApprovalHistory
dbo,ApprovalHoldHistory,ApprovalHoldHistoryID,PK_ApprovalHoldHistory
dbo,ApprovalItem,ApprovalItemID,PK_ApprovalItem
dbo,ApprovalObligation,ApprovalID,PK_ApprovalObligation
dbo,ApprovalObligationProcess,ObligationProcessID,PK_ApprovalObligationProcess
dbo,ApprovalObligationStep,ObligationStepID,PK_ApprovalObligationStep
dbo,ApprovalProcess,ApprovalProcessID,PK_ApprovalProcess
dbo,ApprovalProcessProgram,ApprovalProcessID,PK_ApprovalProcessProgram
dbo,ApprovalProcessProgram,ProgramID,PK_ApprovalProcessProgram
dbo,ApprovalReferralService,ApprovalID,PK_ApprovalReferralService
dbo,ApprovalRequiredDocument,ApprovalRequiredDocumentID,PK_approvalrequireddocument
dbo,AppSettings,AppSettingID,PK__AppSetti__8CCD7876A1572183
dbo,AppURLData,UrlID,PK_AppURLData
dbo,AprGeneralReportInfo,AprGeneralReportInfoID,PK_AprGeneralReportInfo
dbo,AprHmisActivites,AprHmisActivitesID,PK_AprHmisActivites
dbo,AprObjectivesComments,AprGeneralReportInfoID,PK_AprObjectivesComments
dbo,AprShpExpenses,AprShpExpensesID,PK_AprShpExpenses
dbo,AprSupServFinancialInfo,AprSupServFinancialInfoID,PK_AprSupServFinancialInfo
dbo,AreaMedianIncome,AMIID,PK_AreaMedianIncome
dbo,Assess701ACondensed,AssessmentID,PK_Assess701ACondensed
dbo,AssessADL,OutcomeID,PK_AssessADL
dbo,AssessADLSummary,AssessmentID,PK_AssessADLSummary
dbo,AssessAfterSchool,AssessmentID,PK_AssessAfterSchool
dbo,AssessAHS,AssessmentID,PK_AssessAHS
dbo,AssessAlcoholDrugScreen,AssessmentID,PK_AssessAlcoholDrugScreen
dbo,AssessAlcoholDrugScreenAnyOf,AssessAlcoholDrugScreenAnyOfID,PK_AssessAlcoholDrugScreenAnyOf
dbo,AssessAlcoholDrugScreenSymptom,AssessAlcoholDrugScreenSymptomID,PK_AssessAlcoholDrugScreenSymptom
dbo,AssessASR,AssessmentID,PK_AssessASR
dbo,AssessBuildingReaders,AssessmentID,PK_AssessBuildingReaders
dbo,AssessByNameList,AssessmentID,PK_AssessByNameList
dbo,AssessCDBGDisaster,AssessmentID,PK_AssessCDBGDisaster
dbo,AssessChildAbuseRisk,AssessmentID,PK_AssessChildAbuseRisk
dbo,AssessChildAbuseRiskACaretakerCommunication,ACaretakerCommunicationID,PK_AssessChildAbuseRiskACaretakerCommunication
dbo,AssessChildAbuseRiskACareTakerResponceToAssess,ACareTakerResponceToAssessID,PK_AssessChildAbuseRiskACareTakerResponceToAssess
dbo,AssessChildAbuseRiskAChildCharacteristics,AChildCharacteristicsID,PK_AssessChildAbuseRiskAChildCharacteristics
dbo,AssessChildAbuseRiskAPrimaryCareTakerDV,APrimaryCareTakerDVID,PK_AssessChildAbuseRiskAPrimaryCareTakerDV
dbo,AssessChildAbuseRiskAPriorCPS,APriorCPSID,PK_AssessChildAbuseRiskAPriorCPS
dbo,AssessChildAbuseRiskASecondaryCareTakerDV,ASecondaryCareTakerDVID,PK_AssessChildAbuseRiskASecondaryCareTakerDV
dbo,AssessChildAbuseRiskBarrierCommunityResources,BarrierCommunityResourcesID,PK_AssessChildAbuseRiskBarrierCommunityResources
dbo,AssessChildAbuseRiskNCaretakerParentingSkillls,NCaretakerParentingSkilllsID,PK_AssessChildAbuseRiskNCaretakerParentingSkillls
dbo,AssessChildAbuseRiskNChildCharacteristics,NChildCharacteristicsID,PK_AssessChildAbuseRiskNChildCharacteristics
dbo,AssessChildAbuseRiskNHousingUnmet,NHousingUnmetID,PK_AssessChildAbuseRiskNHousingUnmet
dbo,AssessChildAbuseRiskOverRide,OverRideID,PK_AssessChildAbuseRiskOverRide
dbo,AssessChildAbuseRiskPrimaryDrugAlcohol,PrimaryDrugAlcoholID,PK_AssessChildAbuseRiskPrimaryDrugAlcohol
dbo,AssessChildAbuseRiskPrimaryMentalHealth,PrimaryMentalHealthID,PK_AssessChildAbuseRiskPrimaryMentalHealth
dbo,AssessChildAbuseRiskSecondaryDrugAlcohol,SecondaryDrugAlcoholID,PK_AssessChildAbuseRiskSecondaryDrugAlcohol
dbo,AssessChildAbuseRiskSecondaryMentalHealth,SecondaryMentalHealthID,PK_AssessChildAbuseRiskSecondaryMentalHealth
dbo,AssessChildCare,AssessmentID,PK_AssessChildCare
dbo,AssessChildCareDays,ACCDayID,PK_AssessChildCareDays
dbo,AssessChildCareEventInOut,EventInOutID,PK_AssessChildCareEventInOut
dbo,AssessChronicHomeless,AssessmentID,PK_AsessChronicHomeless
dbo,AssessClientLanguage,AssessClientLanguageID,PK_AssessClientLanguage
dbo,AssessCourse,AssessCourseID,PK_AssessCourse
dbo,AssessCredit,AssessmentID,PK_AsessCredit
dbo,AssessCriminalHistoryGeneric,AssessmentID,PK_AssessCriminalHistoryGeneric
dbo,AssessDefaultReason,AssessDefaultReasonID,PK_AssessDefaultReason
dbo,AssessDental,AssessmentID,PK_AssessDental
dbo,AssessDentalExam,AssessmentID,PK_AssessDentalExam
dbo,AssessDentalExamNoTreatmentReasons,AssessDentalExamNoTreatmentReasonsID,PK_AssessDentalExamNoTreatmentReasons
dbo,AssessDentalExamOtherInfo,AssessmentID,PK_AssessDentalExamOtherInfo
dbo,AssessDigitalConnectivity,AssessmentID,PK_AssessDigitalConnectivity
dbo,AssessDisasterAid,AssessDisasterAidID,PK_AssessDisasterAid
dbo,AssessDVS,AssessmentID,PK_AssessDVS
dbo,AssessEducation,AssessmentID,PK_AssessEducation
dbo,AssessEligibility,AssessmentID,PK_AssessEligibility
dbo,AssessEligibilityOtherCharacteristics,EligibilityOtherCharacteristicsID,PK_AssessEligibilityOtherCharacteristics
dbo,AssessEligibilityTraining,AssessmentID,PK_AssessEligibilityTraining
dbo,AssessEligibilityTraining,TrainingSchoolStatus,PK_AssessEligibilityTraining
dbo,AssessEmployment,AssessmentID,PK_AssessEmployment
dbo,AssessEmploymentLimits,LimitsID,PK_AssessEmploymentLimits
dbo,AssessEmploymentPlacement,AssessmentID,PK_AssessEmploymentPlacement
dbo,AssessEmploymentPlacementFollowUp,AssessEmploymentPlacementFollowUpID,PK_AssessEmploymentPlacement_FollowUp
dbo,AssessEmploymentTrainPlan,PlanID,PK_AssessEmploymentTrainPlan
dbo,AssessEventInOutChildCare,ACaretakerCommunicationID,PK_AssessEventInOutChildCare
dbo,AssessFamilySPDAT,AssessmentID,PK_AssessFamilySPDAT
dbo,AssessFamilyVISPDAT,AssessmentID,PK_AssessFamilyVISPDAT
dbo,AssessFeedingInstructions,AssessmentID,PK_AssessFeedingInstructions
dbo,AssessFeedingPreferences,AssessmentID,PK_AssessFeedingPreferences
dbo,AssessFinancialItem,FinancialItemID,PK_AssessFinancialItem
dbo,AssessFinancialItemCredit,FinancialItemID,PK_AssessFinancialItemCredit
dbo,AssessFinancialItemDetail,FinancialItemDetailID,PK_AssessFinancialItemDetail
dbo,AssessFinancialItemOtherInfo,FinancialItemID,PK_AssessFinancialItemOtherInfo
dbo,AssessFinancialSummary,AssessmentID,PK_AssessFinancialSummary
dbo,AssessFinBudgetSummary,AssessmentID,PK_AssessFinBudgetSummary
dbo,AssessFoodPantry,AssessmentID,PK_AssessFoodPantry
dbo,AssessFoodPantryAccessto,AssessFoodPantryAccesstoID,PK_AssessFoodPantryAccessto
dbo,AssessFoodPantryTransportation,AssessFoodPantryTransportationID,PK_AssessFoodPantryTransportation
dbo,AssessForeclosurePrev,AssessmentID,PK_AssessForeclosurePrev
dbo,AssessFrozenMeal,AssessmentID,PK_AssessFrozenMeal
dbo,AssessFrozenMealSummary,AssessmentID,PK_AssessFrozenMealSummary
dbo,AssessGrantClientEligibility,AssessmentID,PK_AssessGrantClientEligibility
dbo,AssessGrantClientEthnicity,AssessmentID,PK_GrantClientEthnicity
dbo,AssessGrantClientEthnicity,EthnicityServed,PK_GrantClientEthnicity
dbo,AssessGrantClientGender,AssessmentID,PK_GrantClientGender
dbo,AssessGrantClientGender,GendersServed,PK_GrantClientGender
dbo,AssessGrantClientRace,AssessmentID,PK_GrantClientRace
dbo,AssessGrantClientRace,RacesServed,PK_GrantClientRace
dbo,AssessGrantProgFunding,AssessmentID,PK_AssessGrantProgFunding
dbo,AssessGrantProgNeed,AssessmentID,PK_AssessGrantProgNeed
dbo,AssessHCS,AssessmentID,PK_AssessHCS
dbo,AssessHeadStartDental,AssessmentID,PK_AssessHeadStartDental
dbo,AssessHeadStartDevProfile,AssessmentID,PK_AssessHeadStartDevProfile
dbo,AssessHeadStartMedical,AssessmentID,PK_AssessHeadStartMedical
dbo,AssessHealthConcerns,HealthConcernsID,PK_AssessHealthConcerns
dbo,AssessHealthDiagnosis,AssessmentID,PK_AssessHealthDiagnosis
dbo,AssessHealthFacilities,AssessmentID,PK_AssessHealthFacilities
dbo,AssessHealthFacilities,FacilityID,PK_AssessHealthFacilities
dbo,AssessHealthHistory,AssessmentID,PK_AssessHealthHistory
dbo,AssessHealthHistoryFoodRestrictions,HealthHistoryFoodRestrictionsID,PK_AssessHealthHistoryFoodRestrictions
dbo,AssessHealthHistoryOther,AssessmentID,PK_AssessHealthHistoryOther
dbo,AssessHealthInsurance,AssessHealthInsuranceID,PK_AssessHealthInsurance
dbo,AssessHealthInsuranceOtherInfo,AssessHealthInsuranceID,PK_AssessHealthInsuranceOther
dbo,AssessHIV,AssessmentID,PK_AssessHIV
dbo,AssessHIVRiskFactors,AssessHIVRiskFactorID,PK_AssessHIVRiskFactors
dbo,AssessHOPWAOutcome,AssessmentID,PK_AssessHOPWAOutcome
dbo,AssessHousing,AssessmentID,PK_AssessHousing
dbo,AssessHousingInspection,AssessHousingInspectionID,PK_AssessHousingInspection
dbo,AssessHousingInspectionFollowUp,AssessHousingInspectionFollowUpID,PK_AssessHousingInspection_FollowUp
dbo,AssessHousingLease,AssessmentID,PK_AssessHousingLease
dbo,AssessHousingLeaseHistory,AssessHousingLeaseHistoryID,PK_AssessHousingLeaseHistory
dbo,AssessHousingNeed,AssessmentID,PK_AssessHousingNeed
dbo,AssessHousingPlacement,AssessmentID,PK_AssessHousingPlacement
dbo,AssessHousingPlacementFollowUp,AssessHousingPlacementFollowUpID,PK_AssessHousingPlacement_FollowUp
dbo,AssessHSUniversal,AssessmentID,PK_AssessHSUniversal
dbo,AssessHUDHOPWA,AssessmentID,PK_AssessHUDHOPWA
dbo,AssessHUDPATH,AssessmentID,PK_AssessHUDPATH
dbo,AssessHUDProgram,AssessmentID,PK_AssessHUDProgram
dbo,AssessHUDProgramOtherInfo,AssessmentID,PK_AssessHUDProgramOtherInfo
dbo,AssessHUDRHY,AssessmentID,PK_AssessHUDRHY
dbo,AssessHUDRHYExit,AssessmentID,PK_AssessHUDRHYExit
dbo,AssessHUDUniversal,AssessmentID,PK_AssessHUDUniversal
dbo,AssessHUDUniversalOtherInfo,AssessmentID,PK_AssessHUDUniversalOtherInfo
dbo,AssessHumanTraffic,AssessmentID,PK_AssessHumanTraffic
dbo,AssessHVRP,AssessmentID,PK_AssessHVRP
dbo,AssessHVRPEmploymentExt,AssessHVRPEmploymentExtID,PK__AssessHV__94211B36DC188999
dbo,AssessHVRPEmploymentPayRate,AssessHVRPEmploymentPayRateID,PK_AssessHVRPEmploymentPayRate
dbo,AssessiADL,OutcomeID,PK_AssessiADL
dbo,AssessiADLSummary,AssessmentID,PK_AssessiADLSummary
dbo,AssessInfDisease,AssessmentID,PK_AssessInfDisease
dbo,AssessInjury,AssessmentID,PK_AssessInjury
dbo,AssessInspectionFinding,AssessInspectionFindingID,PK_AssessInspectionFinding
dbo,AssessIssue,AssessIssueID,PK_AssessIssue
dbo,AssessIssueOtherExt,AssessIssueID,PK_AssessIssueOtherExt
dbo,AssessLeadExposure,AssessmentID,PK_AssessLeadExposure
dbo,AssessLeadExposureOther,AssessmentID,PK_AssessLeadExposureOther
dbo,AssessLeadSourceFood,LeadSourceFoodID,PK_AssessLeadSourceFood
dbo,AssessLeadSourceJobs,LeadSourceJobsID,PK_AssessLeadSourceJobs
dbo,AssessLegalHistory,AssessmentID,PK_AssessLegalHistory
dbo,AssessLevelofCare,AssessmentID,PK_AssessLevelofCare
dbo,AssessLevelOfCareOther,AssessmentID,PK_AssessLevelOfCareOther
dbo,AssessLIHEAPOptions,LIHEAPOptionsID,PK_AssessLIHEAPOptions
dbo,AssessMedicalCare,AssessmentID,PK_AssessMedicalCare
dbo,Assessment,AssessmentID,PK_Assessment
dbo,AssessMentalHealthScreen,AssessmentID,PK_AssessMentalHealthScreen
dbo,AssessmentCatBridge,AssessmentID,PK_AssessmentCatBridge
dbo,AssessmentCatBridge,CategoryID,PK_AssessmentCatBridge
dbo,AssessmentEnrollment,AssessmentEnrollmentID,PK_AssessmentEnrollment
dbo,AssessmentHMIS,AssessmentID,PK_AssessmentHMIS
dbo,AssessmentHMISLabels,HMISLabelID,PK_AssessmentHMISLabels
dbo,AssessmentHomeType,AssessmentID,PK_AssessmentHomeType
dbo,AssessmentHomeType,HomeType,PK_AssessmentHomeType
dbo,AssessmentMilestone,AssessmentID,PK_AssessmentMilestone
dbo,AssessmentStarExt,AssessmentID,PK_AssessmentStarExt
dbo,AssessmentType,AssessmentTypeID,PK_AssessmentType
dbo,AssessMissionImpact,AssessmentID,PK_AssessMissionImpact
dbo,AssessNonCashBenefits,NonCashID,PK_AssessNonCashBenefits
dbo,AssessNutrition,OutcomeID,PK_AssessNutrition
dbo,AssessNutritionSummary,AssessmentID,PK_AssessNutritionSummary
dbo,AssessOralHealth,AssessmentID,PK_AssessOralHealth
dbo,AssessOST,AssessmentID,PK_AssessOST
dbo,AssessOutcomes,OutcomeID,PK_AssessOutcomes
dbo,AssessPhaseEvaluation,AssessPhaseID,PK_AssessPhaseEvaluation
dbo,AssessPrePurchHomebuyer,AssessmentID,PK_AssessPrePurchHomebuyer
dbo,AssessPressureSafety,AssessmentID,PK_AssessPressureSafety
dbo,AssessPRVISPDAT,AssessmentID,PK_AssessPRVISPDAT
dbo,AssessQuestion,AssessQuestionID,PK_AssessQuestion
dbo,AssessQuestionSummary,AssessmentID,PK_AssessQuestionSummary
dbo,AssessReadersHomework,AssessReadersHomeworkID,PK_AssessReadersHomework
dbo,AssessRentCalculation,AssessmentID,PK_AssessRentCalculation
dbo,AssessSeniorFallPrevention,AssessmentID,PK_AssessSeniorFallPrevention
dbo,AssessSeniorServices,AssessmentID,PK_AssessSeniorServices
dbo,AssessSLUMS,AssessmentID,PK_AssessSLUMS
dbo,AssessSNAPWE,AssessmentID,PK_AssessSNAPWEID
dbo,AssessSPDAT,AssessmentID,PK_AssessSPDAT
dbo,AssessSPDATComments,AssessmentID,PK_AssessSPDATComments
dbo,AssessSPDATFamilyComments,AssessmentID,PK_AssessSPDATFamilyComments
dbo,AssessSpirituality,AssessmentID,PK_AssessSpirituality
dbo,AssessStudentGoal,AssessmentID,PK_AssessStudentGoal
dbo,AssessSubstanceAbuse,AssessmentID,PK_AssessSubstanceAbuse
dbo,AssessTayVISPDAT,AssessmentID,PK_AssessTayVISPDAT
dbo,AssessTBExposure,AssessmentID,PK_AssessTBExposure
dbo,AssessTest,AssessTestID,PK_AssessTest
dbo,AssessTobacco,AssessmentID,PK_AssessTobacco
dbo,AssessTobaccoFears,AssessTobaccoFearID,PK_AssessTobaccoFears
dbo,AssessTobaccoOther,AssessmentID,PK_AssessTobaccoOther
dbo,AssessTobaccoStrategies,AssessTobaccoStrategyID,PK_AssessTobaccoStrategies
dbo,AssessTobaccoTriggers,AssessTobaccoTriggerID,PK_AssessTobaccoTriggers
dbo,AssessTobaccoType,AssessTobaccoTypeID,PK_AssessTobaccoType
dbo,AssessTransportation,AssessmentID,PK_AssessTransportation
dbo,AssessTriage,OutcomeID,PK_AssessTriage
dbo,AssessTriageSummary,AssessmentID,PK_AssessTriageSummary
dbo,AssessVeteran,AssessmentID,PK_AssessVeteran
dbo,AssessVeteranTheaterOfOperation,AssessVeteranTheaterOfOperationID,PK_AssessVeteranTheaterOfOperation
dbo,AssessViewMapping,AssessViewMappingID,PK_AssessViewMapping
dbo,AssessVISPDAT,AssessmentID,PK_AssessVISPDAT
dbo,AssessVISPDATOtherInfo,AssessmentID,PK_AssessVISPDATOtherInfo
dbo,AssessVISPDATQuestions,AssessmentID,PK_AssessVISPDATQuestions
dbo,AssessVISPDATQuestionsOtherInfo,AssessmentID,PK_AssessVISPDATQuestionsOtherInfo
dbo,AssessWeatherization,AssessmentID,PK_AssessWeatherization
dbo,AssessWeatherizationChecklist,AssessmentID,PK_AssessWeatherizationChecklist
dbo,AssessWeatherizationScoring,AssessmentID,PK_AssessWeatherizationScoring
dbo,AssessWellCheck,AssessmentID,PK_AssessWellCheck
dbo,AssessWellCheckAbnormal,WellCheckAbnormalID,PK_AssessWellCheckAbnormal
dbo,AssessWIOA,AssessmentID,PK_AssessWIOA
dbo,AssessWorkReadiness,OutcomeID,PK_AssessWorkReadiness
dbo,AssessWorkTherapyReview,AssessWorkTherapyReviewID,PK_AssessWorkTherapyReview
dbo,AssessWTEvaluation,AssessmentID,PK_AssessWTEvaluation
dbo,AssignEncounterTask,AssignEncounterTaskID,PK_AssignEncounterTask
dbo,Asthma,AsthmaID,PK_Asthma
dbo,AsthmaOtherInfo,AsthmaID,PK_AsthmaOtherInfo
dbo,AsthmaTriggers,AsthmaTriggersID,PK_AsthmaTriggers
dbo,AuditTrail,AuditTrailID,PK_AuditTrail
dbo,AuthorizedPersonnel,ID,Pk_AuthorizedPersonnel_EventID
dbo,AuthorizedPersonnelEvent,EventID,Pk_AuthorizedPersonnelEvent_EventID
dbo,AuthorizedPersonnelHistory,AuthorizedPersonnelHistoryID,PK_AuthorizedPersonnelHistory
dbo,BackupDownloadHistory,BackupDownloadHistoryID,PK_BackupDownloadHistory
dbo,BadgeType,BadgeTypeID,PK_BadgeType
dbo,BatchFileExport,TaskID,PK_BatchFileExport
dbo,BatchFrequency,DayOfWeek,PK_BatchFrequency
dbo,BatchInvoice,BatchID,PK_BatchInvoice
dbo,BatchSchedule,ScheduleID,PK_BatchSchedule
dbo,BatchTask,TaskID,PK_BatchTask
dbo,BatchUpdateServiceAccount,BatchUpdateServiceAccountID,PK_BatchUpdateServiceAccount
dbo,BatchUpdateServiceAccountHistory,BatchUpdateServiceAccountHistoryID,PK_BatchUpdateServiceAccountHistory
dbo,BBoardHistory,MessageID,PK_BBoardHistory
dbo,BBoardHistory,EntityID,PK_BBoardHistory
dbo,BBoardMessage,MessageID,PK_BBoardMessage
dbo,BBoardPermission,PermissionID,PK_BBoardPermission
dbo,Benevolence,BenevolenceID,PK_Benevolence
dbo,Bereavement,EntityID,PK_Bereavement
dbo,BillingCredential,BillingCredentialID,PK_BillingCredential
dbo,BillingGroup,BillingGroupID,PK_BillingGroup
dbo,BillingHistory,BillingHistoryID,PK_BillingHistory
dbo,BMIForAgeType,BMIForAgeTypeID,PK_BMIForAgeType
dbo,BucketFundProviderAllocation,AccountID,PK_BucketFundProviderAllocation
dbo,BucketFundType,BucketFundTypeID,PK_BucketFundType
dbo,BucketFundTypeServiceTypeMapping,BucketFundTypeServiceTypeMappingID,PK_BucketFundTypeServiceTypeMapping
dbo,BudgetProgramService,ProgramServiceID,PK_BudgetProgramService
dbo,CalendarTally,CalendarDate,PK_CalendarTally_CalendarDate
dbo,CalendarTransaction,CalendarTransactionID,PK_CalendarTransaction
dbo,CalendarTransactionHis,CalendarTransactionID,PK_CalendarTransactionHis
dbo,CallCenter,CallCenterID,PK_CallCenter
dbo,CallCenterChildren,CallCenterID,PK_CallCenterChildrenID
dbo,CallCenterDV,CallCenterID,PK_CallCenterID
dbo,CallCenterService,CallCenterServiceID,PK_CallCenterService
dbo,Campaign,CampaignID,PK_Campaign
dbo,CampaignEntity,CampaignEntityID,PK_CampaignEntity
dbo,CampaignSchedule,CampaignScheduleID,PK_CampaignSchedule
dbo,CareReceiverService,ServiceID,PK_CareReceiverService
dbo,CareReceiverService,EntityID,PK_CareReceiverService
dbo,CaseManagerAssignment,AssignmentID,PK_CaseManagerAssignment
dbo,CaseNoteNotEntity,CaseNoteID,PK_CaseNoteNotEntity
dbo,CaseNotes,CaseNoteID,PK_CaseNotes
dbo,CaseNotesExtension,CaseNoteID,PK_CaseNotesExtension
dbo,CaseNoteTemplate,TemplateID,PK_CaseNoteTemplate
dbo,CaseNoteTemplateImage,TemplateImageID,PK_CaseNoteTemplateImage
dbo,CategoryContext,CategoryID,PK_CategoryContext
dbo,CategoryType,CategoryTypeID,PK_CategoryType
dbo,CBFormElementType,CBElementTypeID,PK_CBFormElementType
dbo,CCAssessMentalEpisode,AssessmentID,PK__CCAssess__3D2BF83EE1BE0013
dbo,CCTransactions,CCTransactionID,PK_CCTransactions
dbo,CEElements,CEElementsID,PK_CEElements
dbo,CEParticipate,CEParticipateID,PK_CEParticipate
dbo,CEProgramAssessmentEvents,ProgramAssessmentID,PK_CEProgramAssessmentEvents
dbo,CEProgramAssessmentEvents,AssessmentEvent,PK_CEProgramAssessmentEvents
dbo,ChargeEntry,ChargeEntryID,PK_ChargeEntry
dbo,ChargeEntryBatch,ChargeEntryBatchID,PK_ChargeEntryBatch
dbo,ChargeEntryDiagnosis,ChargeEntryDiagnosisID,PK_ChargeEntryDiagnosis
dbo,ChargeEntryService,ChargeEntryServiceID,PK_ChargeEntryService
dbo,CheckServiceLineItems,CheckServiceLineItemsID,PK_CheckServiceLineItems
dbo,ChildEducation,ChildEducationID,PK_ChildEducation
dbo,ChildEducationCourse,ChildEducationCourseID,PK_ChildEducationCourse
dbo,ChildEducationGrade,ChildEducationGradeID,PK_ChildEducationGrade
dbo,ChildEducationProgranParticipant,ChildEducationID,PK_ChildEducationProgranParticipant
dbo,ChildEducationProgranParticipant,ProgranParticipant,PK_ChildEducationProgranParticipant
dbo,ClassGrade,ClassGradeID,PK_ClassGrade
dbo,Client,EntityID,PK_Client
dbo,ClientAccessLog,AccessLogID,PK_ClientAccessLog
dbo,ClientAccount,ClientAccountID,PK_ClientAccount
dbo,ClientAccountSummaryBalances,ClientAccountSumID,PK_ClientAccountSummaryBalances
dbo,ClientAccountTransaction,TransactionID,PK_ClientAccountTransaction
dbo,ClientAccountTransTypeConfig,ID,PK_ClientAccountTransTypeConfig_1
dbo,ClientAddress,AddressID,PK_ClientAddress
dbo,ClientAddressExt,AddressID,PK_ClientAddressExt
dbo,ClientAlerts,AlertID,PK_ClientAlerts
dbo,ClientAlias,AliasID,PK_ClientAlias
dbo,ClientAlternate,ClientAlternateID,PK_ClientAlternate
dbo,ClientBadgeTemplate,BadgeTemplateID,PK_ClientBadgeTemplate
dbo,ClientBatch,ClientPaymentBatchID,PK_ClientBatch_1
dbo,ClientDuplicateStaging,ClientDuplicateStagingID,PK_ClientDuplicateStaging
dbo,ClientETEligHist,ClientETEligHistID,PK_ClientETEligHist
dbo,ClientFingerprint,FingerprintID,PK_ClientFingerprint
dbo,ClientGender,ClientID,PK_ClientGender
dbo,ClientGender,GenderID,PK_ClientGender
dbo,ClientGoalStepExt,ClientGoalStepID,PK_ClientGoalStepExt
dbo,ClientGoalSteps,ClientGoalStepID,PK_ClientGoalSteps
dbo,ClientHousingStatus,ClientHousingStatusID,PK_ClientHousingStatus
dbo,ClientJobExtension,ClientID,PK_ClientJobExtension
dbo,ClientJobSearchDetails,ClientJobSearchDetailsID,PK_ClientJobSearchDetails
dbo,ClientLocker,ClientLockerID,PK_ClientLocker
dbo,ClientMarriage,MarriageID,PK_ClientMarriage
dbo,ClientOtherInfo,ClientID,PK_ClientOtherInfo
dbo,ClientPayment,ClientPaymentID,PK_ClientPayment
dbo,ClientPrintPhoto,ClientID,PK_ClientPrintPhoto
dbo,ClientPropertyHistory,ClientPropertyHistoryID,PK_ClientPropertyHistory
dbo,ClientRace,ClientID,PK_ClientRace
dbo,ClientRace,RaceID,PK_ClientRace
dbo,ClientRelease,ClientReleaseID,PK_ClientRelease
dbo,ClientReleaseException,ClientReleaseExceptionID,PK_ClientReleaseException
dbo,ClientResumes,ResumeID,PK_ClientResumes_ResumeID
dbo,ClientServicePayment,ClientServicePaymentID,PK_ClientServicePayment
dbo,ClientSNAPInfo,EntityID,PK_ClientSNAPInfo
dbo,ClientSummaryInfo,ClientID,PK_ClientSummaryInfo
dbo,ClientWorkTime,ClientWorkTimeID,PK_ClientWorkTime
dbo,CocCode,CocCodeID,PK_CocCode
dbo,CollegeReadiness,CollegeReadinessID,PK_CollegeReadiness
dbo,ComplianceReport,ComplianceReportID,PK_ComplianceReportID
dbo,ComplianceReportLineItem,ComplianceReportLineItemID,PK_ComplianceReportLineItemID
dbo,ComplianceReportLineItemMap,ComplianceReportLineItemMapID,PK_ComplianceReportLineItemMapID
dbo,ComplianceReportLineItemMapMulti,ComplianceReportLineItemID,PK_ComplianceReportLineItemMapMulti
dbo,ComplianceReportLineItemMapMulti,ContextID,PK_ComplianceReportLineItemMapMulti
dbo,ComplianceReportLineItemMapOther,ComplianceReportLineItemMapID,PK_ComplianceReportLineItemMapOther
dbo,ComponentCategory,ComponentCategoryID,PK_ComponentCategoryID
dbo,ComponentProviderTypeMaximum,ComponentProviderTypeMaximumID,PK_ComponentProviderTypeMaximumID
dbo,ComponentType,ComponentTypeID,PK_ComponentType
dbo,ConfigurableForms,ConfigurableFormsID,PK_ConfigurableForms
dbo,ConfigUserForms,ConfigUserFormID,PK_ConfigUserForms
dbo,ContactLog,ContactLogID,PK_ContactLog
dbo,Contacts,ContactID,PK_Contacts
dbo,ContextAssignment,ContextAssignmentID,PK_ContextAssignment
dbo,ContextDocuments,ContextDocID,PK_ContextDocuments
dbo,ContextFatherEngagement,ContextFatherEngagementID,PK_ContextFatherEngagement
dbo,ContextJobType,ContextJobTypeID,PK_ContextJobType
dbo,ContextReview,ContextReviewID,PK_ContextReview
dbo,ContexttoContext,ContexttoContextID,PK_ContexttoContext
dbo,ContextType,ContextTypeID,PK_ContextType
dbo,ContextTypeFollowUpList,ContextTypeFollowUpListID,PK_ContextTypeFollowUpList
dbo,ContractItem,ContractItemID,PK_ContractItem
dbo,ContractServiceItem,ContractServiceItemID,PK_ContractServiceItem
dbo,CopaySetup,CopaySetupID,PK_CopaySetup
dbo,CopyForeignTableConfig,ForeignTableID,PK_CopyForeignTableConfig
dbo,CopyPrimaryTableConfig,PrimaryTableID,PK_CopyPrimaryTableConfig
dbo,CopyTableExcludeColumnConfig,ID,PK_CopyTableExcludeColumnConfig
dbo,Country,CountryID,PK_Country
dbo,CourseTest,CourseTestID,PK_CourseTestID
dbo,CourseType,CourseTypeID,PK_CourseType
dbo,CourseTypeCategory,CourseCategoryID,PK_CourseTypeCategory
dbo,CourseTypeContext,CourseTypeContextID,PK_CourseTypeContext
dbo,Credential,CredentialID,PK_Credential
dbo,CredentialType,CredentialTypeID,PK_CredentialType
dbo,CredentialTypeCategory,CredentialTypeCategoryID,PK__Credenti__FDBD7F3ED77B9EFE
dbo,CredentialTypeCategoryType,CategoryID,PK__Credenti__19093A2B24B814B9
dbo,CredentialTypeContext,CredentialTypeContextID,PK_CredentialTypeContext
dbo,CredentialTypeSkillType,CredentialTypeSkillTypeID,PK__Credenti__37A64432628F26C9
dbo,Crimes,CrimeID,PK_Crimes
dbo,CrimeType,CrimeTypeID,PK_CrimeType
dbo,CrimeTypeCategory,CrimeCategoryID,PK_CrimeTypeCategory
dbo,CU_CIMSAS,CIMSASID,PK_CU_CIMSAS
dbo,Cube,ID,PK_Cube
dbo,CubeAnalytics,ID,PK_CubeAnalytics
dbo,CubePermissionUser,CubePermissionUserID,PK_CubePermissionUser
dbo,CubeTabular,CubeID,PK_CubeTabular
dbo,CurriculumType,CurriculumTypeID,PK_CurriculumType
dbo,CurriculumTypeStep,CurriculumTypeStepID,PK_CurriculumTypeStep
dbo,CustomDescription,CustomDescriptionID,PK__CustomDe__BBC84337DE8B33F8
dbo,CustomerBackupAdmin,CustomerBackupAdminID,PK_CustomerBackupAdmin_Customer
dbo,CustomerVersion,CustomerVersionID,PK_CustomerVersion
dbo,DashboardPage,DBPageID,PK_DashboardPage
dbo,DatabaseLogo,DatabaseLogoID,PK_DatabaseLogo
dbo,DatabasePasswordHistory,ID,PK_DatabasePasswordHistory
dbo,DataQualityRecord,DQID,PK_DataQualityRecord
dbo,DebtPayOffCalc,DebtPayoffCalcID,PK_DebtPayOffCalc
dbo,DecibelMeter,DecibelMeterID,PK_DecibelMeter
dbo,DecibelMeterBehaviorObser,DecibelMeterBehaviorObserID,PK_DecibelMeterBehaviorObser
dbo,DecibelMeterDevice,DecibelMeterDeviceID,PK_DecibelMeterDevice
dbo,DecibelMeterDeviceItem,DecibelMeterDeviceItemID,PK_DecibelMeterDeviceItem
dbo,DefaultProgramService,DefaultProgramServiceID,PK_DefaultProgramService
dbo,DeletedEntity,DeletedEntityID,PK_DeletedEntity
dbo,DeletedEntityHistory,DeletedEntityHistoryID,PK_DeletedEntityHistory
dbo,DeleteTableList,DeleteTableListID,PK_DeleteTableList
dbo,DeleteTableListStatus,DeleteTableListStatusID,PK_DeleteTableListStatus
dbo,DentalExamNoTreatmentReasons,DentalExamNoTreatmentReasonsID,PK_DentalExamNoTreatmentReasons
dbo,DentalExamOtherInfo,AssessmentID,PK_DentalExamOtherInfo
dbo,DentalExamService,AssessmentID,PK_DentalExamService
dbo,DentalExamService,Service,PK_DentalExamService
dbo,DepositAccount,DepositAccountID,PK_DepositAccount
dbo,Distribution,DistributionID,PK_Distribution
dbo,DocumentCheck,DocumentCheckID,PK_DocumentCheck
dbo,DocumentType,DocumentTypeID,PK_DocumentType
dbo,DocumentTypeCategory,DocumentCategoryID,PK_DocumentTypeCategory
dbo,DocumentTypeCategoryType,DocumentTypeID,PK_DocumentTypeCategoryType
dbo,DocumentTypeCategoryType,DocumentCategoryID,PK_DocumentTypeCategoryType
dbo,DocumentTypeContext,DocumentTypeContextID,PK_DocumentTypeContext
dbo,DocuSignDocument,DocumentID,PK_DocuSignDocument
dbo,DocuSignEnvelope,EnvelopeID,PK_DocuSignEnvelope
dbo,DocuSignEnvelopeRecipient,EnvelopeRecipientID,PK_DocuSignEnvelopeRecipient
dbo,DocuSignTemplate,TemplateID,PK_DocuSignTemplate
dbo,DOL_NFJPReport_Setup,ReportID,PK__DOL_NFJP__D5BD48E5F110C188
dbo,DomainCatScoreDef,DomainCatScoreDefID,PK_DomainCatScoreDef
dbo,DomainTypeCategory,DomainTypeID,PK_DomainTypeCategory
dbo,DomainTypeCategory,CategoryID,PK_DomainTypeCategory
dbo,DomainTypeCategoryType,CategoryID,PK_DomainTypeCategoryType
dbo,DomesticViolence,DVID,PK_AssessDomesticViolence
dbo,DomesticViolenceExt,DVID,PK_DomesticViolenceExtID
dbo,DomesticVLAPQuestion,LAPQuestionID,PK_AssessDomesticVLAPQuestion
dbo,DomesticVProtectionOrder,POrderID,PK_AssessDVProtectionOrder
dbo,DomesticVWeapons,WeaponID,PK_AssessDomesticVWeapons
dbo,Donation,DonationID,PK_Donation
dbo,DonorIntake,DonorIntakeID,PK_DonorIntake
dbo,DTCallLog,DTCallLogID,PK_DTCallLog
dbo,DTContactLog,DTContactLogID,PK_DTContactLog
dbo,DTLabel,DTLabelID,PK_DTLabel
dbo,DupeClientExceptions,DupeClientExceptionsID,PK__DupeClie__F7D62E3B643B822A
dbo,DupeClientSearchRefresh,DupeClientSearchRefreshID,PK__DupeClie__13EE775BCDE61364
dbo,DupeClientSearchResults,DupeClientSearchResultsID,PK__DupeClie__F4616E0191554F85
dbo,ECMFeature,FeatureID,PK_ECMFeature
dbo,ECMFeatureMenu,FeatureMenuID,PK_ECMFeatureMenu
dbo,ECMTableSharing,ECMTableSharingID,PK_ECMTableSharing
dbo,EducationCourse,EducationCourseID,PK_EducationCourse
dbo,EducationCourseDOW,EducationCourseID,PK_EducationCourseDOW
dbo,EducationCourseDOW,DaysOfWeek,PK_EducationCourseDOW
dbo,EmailHistory,EmailID,PK_EmailHistory
dbo,EmailMessageLog,EmailMessageLogID,PK_EmailMessageLog
dbo,EmployabilityET,EmployabilityETID,PK_EmployabilityETID
dbo,EmployeePlacementET,AssessmentID,PK_EmployeePlacementETID
dbo,Employer,EmployerID,PK_Employer
dbo,EmployerCorp,CorpID,PK_EmployerCorp
dbo,EmployerSkillInterest,SkillInterestID,PK_EmployerSkillInterest
dbo,EmploymentPlan,EmploymentPlanID,PK_EmploymentPlanID
dbo,EmploymentPlanIntake,EmploymentPlanIntakeID,PK_EmploymentPlanIntake
dbo,EmploymentPlanIntakeFamilyAssistance,EmploymentPlanIntakeFamilyAssistanceID,PK_EmploymentPlanIntakeFamilyAssistance
dbo,EmploymentRetention,EmploymentRetentionID,PK_EmploymentRetention
dbo,EmploymentRetentionFollowUp,EmploymentRetentionFollowUpID,PK_EmploymentRetention_FollowUp
dbo,Encounter,EncounterID,PK_Encounter
dbo,EncounterContact,EncounterContactID,PK_EncounterContact
dbo,EncounterType,EncounterTypeID,PK_EncounterType
dbo,EncounterTypeActivities,EncounterTypeActivitiesID,PK_EncounterTypeActivities
dbo,EnrollGranteeUnitType,EnrollmentID,PK_EnrollGranteeUnitType
dbo,Enrollment,EnrollmentID,PK_Enrollment
dbo,EnrollmentComponent,EnrollmentComponentID,PK_EnrollmentComponentID
dbo,EnrollmentExt,EnrollmentID,PK_EnrollmentExt
dbo,EnrollmentHMIS,EnrollmentID,PK_EnrollmentID
dbo,EnrollmentMember,MemberID,PK_EnrollmentMember
dbo,EnrollmentMemberExt,MemberID,PK_EnrollmentMemberExt
dbo,EnrollmentMemberHMIS,MemberID,PK_EnrollmentMemberHMIS
dbo,EnrollmentMemberStatusHist,EnrollmentMemberStatusHistID,PK_EnrollmentMemberStatusHistID
dbo,EnrollmentServicePlan,EnrollmentServicePlanID,PK_EnrollmentServicePlan
dbo,EnrollmentServicePlanAudit,EnrollmentServicePlanAuditID,PK_EnrollmentServicePlanAudit
dbo,EnrollmentStatusHistory,HistoryID,PK_EnrollmentStatusHistory
dbo,Entity,EntityID,PK_Entity
dbo,EntityAlias,EntityAliasID,PK_EntityAlias
dbo,EntityAssignment,AssignmentID,PK_EntityAssignment
dbo,EntityAssignmentRelationship,EntityAssignmentRelationshipID,PK_EntityAssignmentRelationship
dbo,EntityAuditLog,EntityAuditLogID,PK_EntityAuditLog
dbo,EntityAvailability,EntityAvailabilityID,PK_EntityAvailability
dbo,EntityAvailabilityExt,EntityAvailabilityID,PK_EntityAvailabilityExt
dbo,EntityAvailabilityTemp,EntityAvailabilityTempID,PK_EntityAvailabilityTemp
dbo,EntityBackground,EntityBackgroundID,PK_EntityBackgroundID
dbo,EntityBadge,ID,PK_EntityBadge
dbo,EntityBudget,EntityBudgetID,PK_EntityBudget
dbo,EntityBudgetDetail,EntityBudgetDetailID,PK_EntityBudgetDetail
dbo,EntityContact,EntityID,PK_EntityContact
dbo,EntityContactBoardStaffExt,EntityID,PK_EntityID
dbo,EntityContactExt,EntityID,PK_EntityContactExt
dbo,EntityContactPerpetrator,EntityID,PK_EntityContactPerpetrator_EntityID
dbo,EntityContactPhone,ContactPhoneID,PK__EntityCo__BB212FC0D8DEA90E
dbo,EntityContactPreference,EntityID,PK_EntityContactPreference_EntityID
dbo,EntityContactTypeCategory,EntityContactTypeCategoryID,PK_AssessEntityContactTypeCategory
dbo,EntityContactTypeCategoryType,EntityContactTypeCategoryTypeID,PK_EntityContactTypeCategoryType
dbo,EntityContext,EntityContextID,PK_EntityContext
dbo,EntityCredentials,CredentialID,PK_UserCredentials
dbo,EntityCredentialsExt,CredentialID,PK_EntityCredentialsExt
dbo,EntityDemographic,EntityID,PK_EntityDemographic
dbo,EntityDocumentCheck,DocumentCheckID,PK_EntityDocumentCheck
dbo,EntityDuplicateConfig,EntityDuplicateConfigID,PK_EntityDuplicateConfig
dbo,EntityExpense,EntityExpenseID,PK_EntityExpense
dbo,EntityGoal,EntityGoalID,PK_EntityGoal
dbo,EntityGoalStep,EntityGoalStepID,PK_EntityGoalStep
dbo,EntityHiddenDataPreference,ID,PK_EntityHiddenDataPreference
dbo,EntityHistory,HistoryID,PK_EntityHistory
dbo,EntityInspections,InspectionID,PK_EntityInspections
dbo,EntityIssue,EntityIssueID,PK_EntityIssue
dbo,EntityIssueBarrier,EntityIssueBarrierID,PK_EntityIssueBarrier
dbo,EntityLanguages,EntityLanguageID,PK_EntityLanguages
dbo,EntityMethods,EntityMethodID,PK_EntityMethods
dbo,EntityMinority,EntityMinorityID,PK_EntityMinority
dbo,EntityNameHistory,EntityNameHistoryID,PK_EntityNameHistory
dbo,EntityPlacement,EntityPlacementID,PK_EntityPlacement
dbo,EntityPrintPhoto,EntityID,PK_EntityPrintPhoto
dbo,EntityPrograms,EntityProgramsID,PK_ProviderPrograms
dbo,EntityProgramTypeCategory,EntityProgramTypeCategoryID,PK_EntityProgramTypeCategory
dbo,EntityProgramTypeCategoryType,EntityProgramTypeCategoryTypeID,PK_EntityProgramTypeCategoryType
dbo,EntityQuizSurvey,EntityQuizSurveyID,PK_EntityQuizSurvey
dbo,EntityRace,EntityID,PK_EntityRace
dbo,EntityRace,RaceID,PK_EntityRace
dbo,EntityRate,EntityRateID,PK_EntityRate
dbo,EntityRelease,EntityReleaseID,PK_EntityRelease
dbo,EntityRTC,EntityID,PK_EntityRTC
dbo,EntityRTC,WebSessionID,PK_EntityRTC
dbo,EntityRTC,RTConnectionID,PK_EntityRTC
dbo,EntityRTCArchive,EntityID,PK_EntityRTCArchive
dbo,EntityRTCArchive,WebSessionID,PK_EntityRTCArchive
dbo,EntityRTCArchive,RTConnectionID,PK_EntityRTCArchive
dbo,EntityRTCArchive,ArchiveDate,PK_EntityRTCArchive
dbo,EntityRyanWhite,EntityID,PK_EntityRyanWhite
dbo,EntitySecurity,EntityID,PK_EntitySecurity
dbo,EntityServiceCat,EntityServiceCatID,PK_EntityServiceCat
dbo,EntityServicePlan,EntityServicePlanID,PK_EntityServicePlan
dbo,EntityServicePlanEmployment,EntityServicePlanID,PK_EntityServicePlanEmployment
dbo,EntityServiceType,EntityServiceTypeID,PK_EntityServiceType
dbo,EntitySurvey,EntitySurveyID,PK_EntitySurvey
dbo,EntitySurveyStar,EntitySurveyID,PK_EntitySurveyStar
dbo,EntityType,EntityTypeID,PK_EntityType
dbo,EntityTypeCat,EntityTypeCatID,PK_EntityTypeCat
dbo,EntityTypeCatType,EntityTypeCatTypeID,PK_EntityTypeCatType
dbo,EntityTypeCatType_TypeClass,EntityTypeCatType_TypeClassID,PK_EntityTypeCatType_TypeClass
dbo,EntityVeteranEra,EntityVeteranEraID,PK_EntityVeteranEra
dbo,EntityVeteranInfo,EntityID,PK_EntityVeteranInfo
dbo,EPHomelessness,EPHomelessnessID,PK_EPHomelessness
dbo,ErrorLog,ErrorLogId,PK_ErrorLog
dbo,Escrow,EscrowID,PK_Escrow
dbo,EthnicitySubGroup,EntityID,PK_EthnicitySubGroup
dbo,EthnicitySubGroup,SubEthnicityID,PK_EthnicitySubGroup
dbo,EventLocation,EventLocationID,PK_EventLocation
dbo,EventLocationSchedule,EventLocationScheduleID,PK_EventLocationSchedule
dbo,EventLocationScheduleDefault,EventLocationScheduleDefaultID,PK_EventLocationScheduleDefault
dbo,EventLocationScheduleDetail,EventLocationScheduleDetailID,PK_EventLocationScheduleDetail
dbo,ExcludeClient,ExcludeClientID,PK_ExcludeClient
dbo,Family,FamilyID,PK_Family
dbo,FamilyMember,FamilyMemberID,PK_FamilyMember
dbo,FamilyMemberExt,FamilyMemberID,PK_FamilyMemberExt
dbo,FamilyMemberOtherInfo,FamilyMemberID,PK_FamilyMemberOtherInfo
dbo,FamilyNeeds,FamilyNeedsID,PK_FamilyNeeds
dbo,FamilyNeedsInterests,FamilyNeedsInterestsID,PK_FamilyNeedInterests
dbo,FEMAHousingNeeds,FEMAHousingNeedsID,PK_FEMAHousingNeeds
dbo,Files,FileID,PK_Files
dbo,FinancialHistory,FinancialHistoryID,PK_FinancialHistory
dbo,FinancialHistoryItem,FinancialHistoryItemID,PK_FinancialHistoryItem
dbo,FinancialType,FinancialTypeID,PK_FinancialType
dbo,FinancialTypeCategory,FinancialCategoryID,PK_FinancialTypeCategory
dbo,FinancialTypeCategoryType,FinancialTypeID,PK_FinancialTypeCategoryType
dbo,FinancialTypeCategoryType,FinancialCategoryID,PK_FinancialTypeCategoryType
dbo,FinancialTypeMap,FinancialTypeMapID,PK_FinancialTypeMap_1
dbo,FinancialTypeMapOpt,FinancialMapID,PK_FinancialTypeMap
dbo,FinancialTypeSubCategory,FinancialTypeSubCategoryID,PK_FinancialTypeSubCategory
dbo,FindHelpClientExt,FindhelpClientID,PK_FindHelpClientExt
dbo,FindHelpEvent,FindHelpEventID,PK_FindHelpEvent
dbo,FindHelpMapping,FindHelpMappingID,PK_FindHelpMapping
dbo,FindHelpProviderReferralExt,FindHelpProviderReferralExtID,PK_FindHelpProviderReferralExt_FindHelpProviderReferralExtID
dbo,FindHelpScreenerQuestion,FindHelpScreenerQuestionID,PK_FindHelpScreenerQuestion
dbo,FindHelpStatusMapping,FindHelpStatusMappingID,PK_FindHelpStatusMapping
dbo,FIPSCodes,FIPSID,PK_FIPSCodes
dbo,FiscalCalendar,FiscalCalendarID,PK_FiscalCalendar
dbo,FiscalCalendarMonth,FiscalCalendarMonthID,PK_FiscalCalendarMonth
dbo,FollowUp,FollowUpID,PK_FollowUp
dbo,FollowUpType,FollowUpTypeID,PK_FollowUpType
dbo,ForgotPasswordHistory,ID,PK_ForgotPasswordHistory
dbo,Form,FormID,PK_Form
dbo,FormElement,ElementID,PK_FormElement
dbo,FormElementRule,FormID,PK_FormElementRule
dbo,FormElementRule,RuleID,PK_FormElementRule
dbo,FormElementRule,ElementID,PK_FormElementRule
dbo,FormElementType,ElementTypeID,PK_FormElementType
dbo,FormElementTypeCategory,CategoryID,PK_FormElementTypeCategory
dbo,FormHistory,HistoryID,PK_FormHistory
dbo,FormKeyword,KeywordID,PK_FormKeyword
dbo,FormKeywordMapping,FormID,PK_FormKeywordMapping
dbo,FormKeywordMapping,KeywordID,PK_FormKeywordMapping
dbo,FormLineage,LineageID,PK_FormLineage
dbo,FormLoadTimeLog,FormRequestID,PK_FormLoadTimeLog
dbo,FormLocation,FormLocationID,PK_FormLocation
dbo,FormMask,FormMaskID,PK_FormMask
dbo,FormMaskRole,FormMaskID,PK_{TableName}
dbo,FormMaskRole,RoleID,PK_{TableName}
dbo,FormMaskRule,FormMaskRuleID,PK_FormMaskRule
dbo,FormProperties,PropertyKey,PK_FormProperties
dbo,FormPropertyHelp,PropertyKey,PK_FormPropertyHelp
dbo,FormReport,FormID,PK_FormReport
dbo,FormRule,FormID,PK_FormRule
dbo,FormRule,RuleID,PK_FormRule
dbo,FormScope,FormScopeID,PK_FormScope
dbo,FormTimeRecord,FormTimeRecordID,PK_FormTimeRecord
dbo,FrequencyDetail,FrequencyDetailID,PK_FrequencyDetail
dbo,FrequencyDetailMap,FrequencyDetailMapID,PK_FrequencyDetailMap
dbo,FunctionType,FunctionTypeID,PK_FunctionType
dbo,FunctionTypeCategory,FunctionCategoryID,PK_FunctionTypeCategory
dbo,FunctionTypeCategoryType,FunctionTypeID,PK_FunctionTypeCategoryType
dbo,FunctionTypeCategoryType,CategoryID,PK_FunctionTypeCategoryType
dbo,FundSourceType,FundSourceTypeID,PK_FundSourceType
dbo,FundSourceTypeTransaction,FundSourceTypeTransactionID,PK_FundSourceTypeTransaction
dbo,FundType,FundTypeID,PK_FundType
dbo,GenericTypeCategory,CategoryID,PK_GenericTypeCategory
dbo,Goal,GoalID,PK_Goal
dbo,GoalHistory,GoalHistoryID,PK_GoalHistory
dbo,GoalIssue,GoalIssueID,PK_GoalIssue
dbo,GoalOutcomes,GoalOutcomeID,PK_GoalOutcomes
dbo,GoalReportMapOpt,GoalMapID,PK_GoalReportMap
dbo,GoalStep,GoalStepID,PK_GoalStep
dbo,GoalStepProgress,GoalProgressID,PK_GoalStepProgress
dbo,GoalStepType,GoalStepTypeID,PK_GoalStepType
dbo,GoalType,GoalTypeID,PK_GoalType
dbo,GoalTypeCategory,GoalCategoryID,PK_GoalTypeCategory
dbo,GoalTypeMap,GoalTypeMapID,PK_GoalTypeMap
dbo,GoalTypeOutcomes,GoalOutcomeID,PK_GoalTypeOutcomes
dbo,GoodwillASRSetup,ASRSetupID,PK_GoodwillASRSetup
dbo,GranteeApprovalReqDomains,GranteeApprovalReqDomainsID,PK_GranteeApprovalReqDomains
dbo,GranteeProgramDescription,GranteeProgramDescriptionID,PK_GranteeProgramDescriptionID
dbo,GranteeProgramLocation,GranteeProgramLocationID,PK_GranteeProgramLocationID
dbo,GrantProgActTool,GrantProgActToolID,PK_GrantProgActTool
dbo,GrantProgLocationDays,GranteeProgramLocationID,PK_GrantProgLocationDays
dbo,GrantProgLocationDays,DaysofOperation,PK_GrantProgLocationDays
dbo,GrantProgOutcome,GrantProgOutcomeID,PK_GrantProgOutcome
dbo,GrantProgOutcomeActivity,GrantProgOutcomeActivityID,PK_GrantProgOutcomeActivity
dbo,GrantProgOutcomeActivityStaff,GrantProgOutcomeActivityID,PK_GrantProgOutcomeActivityStaff
dbo,GrantProgOutcomeActivityStaff,Staff,PK_GrantProgOutcomeActivityStaff
dbo,GrantProgOutcomeEval,GrantProgOutcomeEvalID,PK_GrantProgOutcomeEval
dbo,GrantServReqApprovalProcess,GrantServReqApprovalProcessID,PK_GrantServReqApprovalProcess
dbo,GroupClient,GroupClientID,PK_GroupClient
dbo,GroupEncounterInstance,GroupEncounterInstanceID,PK_GroupEncounterInstanceID
dbo,Groups,GroupID,PK_Groups
dbo,HCSReport,HCSReportID,PK_HCSReport
dbo,HCSReportProgram,HCSReportProgramID,PK_HCSReportProgram
dbo,HeadCircumferenceForAgeType,HeadCircumferenceForAgeTypeID,PK_HeadCircumferenceForAgeType
dbo,HealthCare,HealthCareID,PK_HealthCare
dbo,HeightForAgeType,HeightForAgeTypeID,PK_HeightForAgeType
dbo,Help,HelpID,PK_Help
dbo,HICExportFields,HICExportFieldsID,PK_HICExportFields
dbo,HICProgramEntry,HICProgramEntryID,PK_HICProgramEntry
dbo,HICReportSetup,HICSetupID,PK_HICReportSetup
dbo,HMISDataElement,DataElementID,PK_HMISDataElement
dbo,HMISDataQualityTolerance,DataQualityID,PK_HMISDataQualityTolerance
dbo,HMISDQScoreCardSettings,ReportID,PK_HMISDQScoreCardSettings
dbo,HMISDQScoreCriteria,HMISDQScoreCriteriaID,PK_HMISDQScoreCriteria
dbo,HMISDQScoreInstance,HMISDQScoreInstanceID,PK_HMISDQScoreInstance
dbo,HMISDQScoreInstanceResults,HMISDQScoreInstanceResultsID,PK_HMISDQScoreInstanceResults
dbo,HMISDQScorePoints,HMISDQScoreCriteriaID,PK_HMISDQScorePoints
dbo,HMISDropDownListMapping,HMISDropDownListMappingID,PK_HMISDropDownListMapping
dbo,HMISLanguageList,HMISLanguageListID,PK_HMISLanguageList
dbo,HMISProgramType,HMISProgramTypeID,PK_HMISProgramType
dbo,HMISScoreBenchmarks,HMISScoreBenchmarksID,PK_HMISScoreBenchmarks
dbo,HMISZipGeoCode,HMISZipGeoCodeID,PK_HMISZipGeoCode
dbo,HolidayType,HolidayTypeID,PK_HolidayType
dbo,HolidayTypeCategory,HolidayCategoryID,PK_HolidayTypeCategory
dbo,HOPWAGrantee,HOPWAGranteeID,PK_HOPWAGrantee
dbo,HOPWAProject,HOPWAProjectID,PK_HOPWAProject
dbo,HOPWASubrecipient,HOPWASubrecipientID,PK_HOPWASubrecipient
dbo,Housing,HousingID,PK_Housing
dbo,HousingExt,HousingID,PK_HousingExt
dbo,HousingLeaseUtilities,UtilitiesID,PK_HousingLeaseUtilities
dbo,HousingPlacementUtilities,UtilitiesID,PK_HousingPlacementUtilities
dbo,HousingRepairs,HousingRepairsID,PK_HousingRepairs
dbo,HousingRetention,HousingRetentionID,PK_HousingRetention
dbo,HousingRetentionFollowUp,HousingRetentionFollowUpID,PK_HousingRetention_FollowUp
dbo,HousingRoommates,HousingRoommatesID,PK_HousingRoommates
dbo,HtmlRendered,HtmlRenderedID,PK_HtmlRendered
dbo,HUD_PerformanceMeasures_MemberID,ReportID,PK_HUD_PerformanceMeasures_MemberID
dbo,HUD_PerformanceMeasures_MemberID,MemberID,PK_HUD_PerformanceMeasures_MemberID
dbo,HUD_PerformanceMeasures_MemberID,LastKnownEnrollment,PK_HUD_PerformanceMeasures_MemberID
dbo,HUD_PerformanceMeasures_Setup,ReportID,PK_HUD_PerformanceMeasures_Setup
dbo,HUD_PerformanceMeasures_Setup_CoCCode,CoCCodeEntryID,PK_CoCCodeEntry
dbo,HUD_PerformanceMeasures_Setup_Organization,OrganizationEntryID,PK_OrganizationEntry
dbo,HUD_PerformanceMeasures_Setup_Program,ProgramEntryID,PK_ProgramEntry
dbo,HUD_PerformanceMeasures_Universe_Metric1,ReportID,PK_HUD_PerformanceMeasures_Universe_Metric1
dbo,HUD_PerformanceMeasures_Universe_Metric1,ClientID,PK_HUD_PerformanceMeasures_Universe_Metric1
dbo,HUD_PerformanceMeasures_Universe_Metric1,Universe,PK_HUD_PerformanceMeasures_Universe_Metric1
dbo,HUD_PerformanceMeasures_Universe_Metric2,ReportID,PK_HUD_PerformanceMeasures_Universe_Metric2
dbo,HUD_PerformanceMeasures_Universe_Metric2,ClientID,PK_HUD_PerformanceMeasures_Universe_Metric2
dbo,HUD_PerformanceMeasures_Universe_Metric4,ReportID,PK_HUD_PerformanceMeasures_Universe_Metric4
dbo,HUD_PerformanceMeasures_Universe_Metric4,ClientID,PK_HUD_PerformanceMeasures_Universe_Metric4
dbo,HUD_PerformanceMeasures_Universe_Metric5_1,ReportID,PK_HUD_PerformanceMeasures_Universe_Metric5_1
dbo,HUD_PerformanceMeasures_Universe_Metric5_1,ClientID,PK_HUD_PerformanceMeasures_Universe_Metric5_1
dbo,HUD_PerformanceMeasures_Universe_Metric5_2,ReportID,PK_HUD_PerformanceMeasures_Universe_Metric5_2
dbo,HUD_PerformanceMeasures_Universe_Metric5_2,ClientID,PK_HUD_PerformanceMeasures_Universe_Metric5_2
dbo,HUD_PerformanceMeasures_Universe_Metric6,ReportID,PK_HUD_PerformanceMeasures_Universe_Metric6
dbo,HUD_PerformanceMeasures_Universe_Metric6,ClientID,PK_HUD_PerformanceMeasures_Universe_Metric6
dbo,HUD_PerformanceMeasures_Universe_Metric6_c1,ReportID,PK_HUD_PerformanceMeasures_Universe_Metric6_c1
dbo,HUD_PerformanceMeasures_Universe_Metric6_c1,ClientID,PK_HUD_PerformanceMeasures_Universe_Metric6_c1
dbo,HUD_PerformanceMeasures_Universe_Metric6_c2,ReportID,PK_HUD_PerformanceMeasures_Universe_Metric6_c2
dbo,HUD_PerformanceMeasures_Universe_Metric6_c2,ClientID,PK_HUD_PerformanceMeasures_Universe_Metric6_c2
dbo,HUD_PerformanceMeasures_Universe_Metric7_a1,ReportID,PK_HUD_PerformanceMeasures_Universe_Metric7_a1
dbo,HUD_PerformanceMeasures_Universe_Metric7_a1,ClientID,PK_HUD_PerformanceMeasures_Universe_Metric7_a1
dbo,HUD_PerformanceMeasures_Universe_Metric7_b1,ReportID,PK_HUD_PerformanceMeasures_Universe_Metric7_b1
dbo,HUD_PerformanceMeasures_Universe_Metric7_b1,ClientID,PK_HUD_PerformanceMeasures_Universe_Metric7_b1
dbo,HUD_PerformanceMeasures_Universe_Metric7_b2,ReportID,PK_HUD_PerformanceMeasures_Universe_Metric7_b2
dbo,HUD_PerformanceMeasures_Universe_Metric7_b2,ClientID,PK_HUD_PerformanceMeasures_Universe_Metric7_b2
dbo,HUD_Warehouse_RefreshHistory,HUD_Warehouse_RefreshHistoryID,PK_UD_Warehouse_RefreshHistory
dbo,IconMap,IconID,PK_IconMap
dbo,IEPProviderMonthlyForm,IEPProviderMonthlyFormID,PK_IEPProviderMonthlyFormID
dbo,IEPWeeklyAttendance,IEPWeeklyAttendanceID,PK_IEPWeeklyAttendanceID
dbo,ImageCategory,ImageCategoryID,PK_ImageCategory
dbo,ImageTypeCategory,ImageCategoryID,PK_ImageTypeCategory
dbo,ImageTypeDesign,ImageTypeDesignID,PK_ImageTypeDesign
dbo,Immunizations,ImmunizationID,PK_Immunizations
dbo,ImmunizationsDose,ImmunizationDoseID,PK_ImmunizationsDose
dbo,ImmunizationSummary,ImmunizationSummaryID,PK_ImmunizationSummary
dbo,ImmunizationType,ImmuTypeID,PK_ImmunizationType
dbo,ImmunizationTypeCategory,ImmunizationCategoryID,PK_ImmunizationTypeCategory
dbo,ImmunizationTypeDose,ImmuTypeDoseID,PK_ImmunizationTypeDose
dbo,Impersonation,ImpersonateID,PK_Impersonation
dbo,IMThread,IMThreadID,PK_IMThread
dbo,IMThreadMessage,IMThreadID,PK_IMThreadMessage
dbo,IMThreadMessage,MessageID,PK_IMThreadMessage
dbo,Incident,IncidentID,PK_Incident
dbo,IncidentBehavior,IncidentBehaviorID,PK_IncidentBehavior
dbo,IncidentFunctions,IncidentFunctionsID,PK_IncidentFunctions
dbo,IncidentOtherInfo,IncidentID,PK_IncidentOtherInfo
dbo,IncidentPartFactors,IncidentPartFactorsID,PK_IncidentPartFactors
dbo,IncidentPartFactorsNonVerbal,IncidentPartFactorsNonVerbalID,PK_IncidentPartFactorsNonVerbal
dbo,IncidentParticipant,ParticipantID,PK_IncidentParticipant
dbo,IncidentSchool,IncidentID,PK_IncidentSchool
dbo,IncidentTriggers,IncidentTriggersID,PK_IncidentTriggers
dbo,IncomeLimits,IncomeLimitsID,PK_IncomeLimits
dbo,Inspection,InspectionID,PK_Inspection
dbo,InspectionDetail,InspectionDetailID,PK_InspectionDetail
dbo,InspectionType,InspectionTypeID,PK_InspectionType
dbo,Insurance,InsuranceID,PK_Insurance
dbo,InterestArea,InterestAreaID,PK_InterestArea
dbo,Inventory,InventoryID,PK_Inventory
dbo,InventoryActivity,InventoryActivityID,PK_InventoryActivity
dbo,InventoryAuto,InventoryAutoID,PK_InventoryAuto
dbo,InventoryBOM,InventoryBOMID,PK_InventoryBOM
dbo,InventoryBook,InventoryBookID,PK_InventoryBook
dbo,InventoryCategory,InventoryID,PK_InventoryCategory
dbo,InventoryCategory,InventoryTypeCategoryID,PK_InventoryCategory
dbo,InventoryDisposition,InventoryDispositionID,PK_InventoryDisposition
dbo,InventoryExt,InventoryID,PK_InventoryExt
dbo,InventoryReceipt,ProviderContractItemID,PK_ProviderContractItemID
dbo,InventoryRMA,InventoryRMAID,PK_InventoryRMA
dbo,Inventoryroom,InventoryroomID,PK_Inventoryroom
dbo,InventorySerial,InventorySerialID,PK_InventorySerial
dbo,InventoryTypeCategory,InventoryTypeCategoryID,PK_InventoryTypeCategory
dbo,InventoryTypeCategoryType,InventoryID,PK_InventoryTypeCategoryType
dbo,InventoryTypeCategoryType,InventoryTypeCategory,PK_InventoryTypeCategoryType
dbo,InventoryWZ,InventoryID,PK_InventoryWZ
dbo,Invoice,InvoiceID,PK_Invoice
dbo,InvoiceBatch,InvoiceBatchID,PK_InvoiceBatch
dbo,InvoiceHeader,InvoiceHeaderID,PK_InvoiceHeader
dbo,InvoiceItem,InvoiceItemID,PK_InvoiceItem
dbo,InvoiceLine,InvoiceLineID,PK_InvoiceLine
dbo,InvoiceLineItem,InvoiceLineItemID,PK_InvoiceLineItem
dbo,Issue,IssueID,PK_Issue
dbo,IssueAddiction,IssueID,PK_IssueAddiction
dbo,IssueExt,IssueID,PK_IssueExt
dbo,IssueMentalHealth,IssueID,PK_IssueMentalHealth
dbo,IssueNoTreatmentReasons,IssueNoTreatmentReasonsID,PK_IssueNoTreatmentReasons
dbo,IssueOtherInfo,IssueID,PK_IssueOtherInfo
dbo,IssueReportMapOpt,ReportMapID,PK_IssueReportMap
dbo,IssueTracking,IssueTrackingID,PK_IssueTracking
dbo,IssueTrackingActivity,IssueTrackingActivityID,PK_IssueTrackingActivity
dbo,IssueTrackingHistory,IssueTrackingHistoryID,PK_IssueTrackingHistory
dbo,IssueTrackingUser,IssueTrackingID,PK_IssueTrackingUser
dbo,IssueTrackingUser,UserID,PK_IssueTrackingUser
dbo,IssueTrackingVersion,IssueTrackingID,PK_IssueTrackingVersion
dbo,IssueTrackingVersion,VersionID,PK_IssueTrackingVersion
dbo,IssueTreatmentInfo,IssueID,PK_IssueTreatmentInfo
dbo,IssueType,IssueTypeID,PK_IssueType
dbo,IssueTypeCategory,IssueCategoryID,PK_IssueTypeCategory
dbo,IssueTypeCategoryT,IssueTypeID,PK_IssueTypeCategoryT
dbo,IssueTypeCategoryT,CategoryID,PK_IssueTypeCategoryT
dbo,IssueTypeExtended,IssueTypeID,PK_IssueTypeExtended
dbo,IssueTypeMap,IssueTypeMapID,PK_IssueTypeMap
dbo,ITransaction,TransactionID,PK_ITransaction
dbo,ITransactionCategory,TransactionCategoryID,PK_ITransactionCategory
dbo,ITransactionExt,TransactionID,PK_ITransactionExt
dbo,ITransactionType,TransactionTypeID,PK_ITransactionType
dbo,JobClubCategory,JobClubCategoryID,PK_JobClubCategory
dbo,JobClubGroupMemberPost,PostID,Pk_JobClubGroupMemberPost_PostID
dbo,JobClubGroupMembers,JobClubGroupMemberID,Pk_JobClubGroupMembers_GroupMemberID
dbo,JobClubGroupPhoto,JobClubGroupID,PK_JobClubGroupPhoto
dbo,JobClubGroupPostLikes,LikeID,Pk_JobClubGroupPostLikes_LikeID
dbo,JobClubGroupPostReview,ReviewID,Pk_JobClubGroupPostReview_ReviewID
dbo,JobClubGroupRules,RuleID,Pk_JobClubGroupRules_RuleID
dbo,JobClubGroups,JobClubGroupID,Pk_JobClubGroups_GroupID
dbo,JobClubTypeCategoryType,JobClubGroupID,PK_JobClubTypeCategoryType
dbo,JobClubTypeCategoryType,JobClubTypeCategory,PK_JobClubTypeCategoryType
dbo,JobCode,JobCodeID,PK_JobCode
dbo,JobLocation,ContextJobTypeID,PK_JobLocation
dbo,JobLocation,GranteeProgramLocationID,PK_JobLocation
dbo,JobMatchResults,JobMatchResultsID,PK__JobMatch__E2A26871297A4987
dbo,JobMatchStatus,JobMatchStatusID,PK__JobMatch__49BB7B65C494C010
dbo,JobOrder,JobOrderID,PK_JobOrder
dbo,JobOrderCrimeType,JobOrderCrimeTypeID,PK_JobOrderCrimeType
dbo,JobOrderIssueType,JobOrderID,PK_JobOrderIssueType
dbo,JobOrderIssueType,IssueTypeID,PK_JobOrderIssueType
dbo,JobOrderSkillType,JobOrderSkillTypeID,PK_JobOrderSkillType
dbo,JobOrderSkillTypeOr,JobOrderSkillTypeOrID,PK_JobOrderSkillTypeOr
dbo,JobProcess,JobProcessID,PK_JobProcess
dbo,JobProcessItem,JobProcessItemID,PK_JobProcessItem
dbo,JobProcessTableName,JobProcessTableNameID,PK_JobProcessTableName
dbo,JobProcessTest,JobProcessTestID,PK_JobProcessTest
dbo,JobType,JobTypeID,PK_JobType
dbo,JobTypeCategory,CategoryID,PK_JobTypeCategory
dbo,JOFIInvitationIntegration,JOFIInvitationIntegrationID,PK__JOFIInvi__632F3CA31B13056D
dbo,JOFIProfileData,JOFIProfileDataID,PK_JOFIProfileData
dbo,JunctionAssessment,JunctionAssessmentID,PK_JunctionAssessment
dbo,JunctionCaseNote,JunctionCaseNoteID,PK_JunctionCaseNote
dbo,JunctionCategoryType,JunctionCategoryTypeID,PK_JunctionCategoryType
dbo,JunctionDocument,JunctionDocumentID,PK_JunctionDocument
dbo,JunctionEncounter,JunctionEncounterID,PK_JunctionEncounter
dbo,JunctionEnrollment,JunctionEnrollmentID,PK_JunctionEnrollment
dbo,JunctionEntity,JunctionEntityID,PK_JunctionEntity
dbo,JunctionEntityDocumentCheck,JunctionEntityDocumentCheckID,PK_JunctionEntityDocumentCheck
dbo,JunctionFile,JunctionFileID,PK_JunctionFile
dbo,JunctionGranteeProgramCopy,JunctionGranteeProgramCopyID,PK_JunctionGranteeProgramCopy
dbo,JunctionGranteeProgramDescription,JunctionGranteeProgramDescriptionID,PK_JunctionGranteeProgramDescription
dbo,JunctionGrantScoreStatus,JunctionGrantScoreStatusID,PK_JunctionGrantScoreStatus
dbo,JunctionGrantTotalScore,JunctionGrantTotalScoreID,PK_JunctionGrantTotalScore
dbo,JunctionProgram,JunctionProgramID,PK_JunctionProgram
dbo,JunctionService,JunctionServiceID,PK_JunctionService
dbo,JunctionTime,JunctionTimeID,PK_JunctionTime
dbo,JunctionUsage,JunctionUsageID,PK_JunctionUsage
dbo,JunctionUsageEnroll,JunctionUsageEnrollID,PK_JunctionUsageEnroll
dbo,Jurisdiction,JurisdictionID,PK_Jurisdiction
dbo,JurisdictionZipCodes,JurisdictionZipCodesID,PK_JurisdictionZipCodes
dbo,KeywordMapping,KeywordMappingID,PK__KeywordM__4A4CBCDBC0A4A788
dbo,Keywords,KeywordID,PK__Keywords__37C135C143357635
dbo,KeywordType,KeywordTypeID,PK__KeywordT__C25947521E2CC984
dbo,KeywordTypeCategoryType,CategoryID,PK__KeywordT__19093A2B5D5D2F86
dbo,Language,LanguageID,PK_Language
dbo,Lead,LeadID,PK_Leads
dbo,LeadSource,LeadSourceID,PK_LeadSource
dbo,LeasePaymentTerms,LeasePayTermsID,PK_LeasePaymentTerms
dbo,LeasePayTermService,LeasePayTermsID,PK_LeasePayTermService
dbo,LeasePayTermService,ServiceTypeID,PK_LeasePayTermService
dbo,LevelOfCareAdditional,LevelOfCareAdditionalID,PK_LevelOfCareAdditional
dbo,LevelOfCareAssignments,LevelOfCareAssignmentsID,PK_LevelOfCareAssignments
dbo,LevelOfCareBehSupport,LevelOfCareBehSupportID,PK_LevelOfCareBehSupport
dbo,LevelOfCareExpComm,LevelOfCareExpCommID,PK_LevelOfCareExpComm
dbo,LevelOfCareImpairment,LevelOfCareImpairmentID,PK_LevelOfCareImpairment
dbo,LevelOfCareRates,LevelOfCareRatesID,PK_LevelOfCareRates
dbo,LevelOfCareRecComm,LevelOfCareRecCommID,PK_LevelOfCareRecComm
dbo,LevelOfCareService,LevelOfCareServiceID,PK_LevelOfCareService
dbo,LevelOfCareToiletAssists,LevelOfCareToiletAssistsID,PK_LevelOfCareToiletAssists
dbo,LevelsOfCare,LevelsOfCareID,PK_LevelsOfCare
dbo,LifeEventMultiRelation,LifeEventMultiRelationID,PK_LifeEventMultiRelation
dbo,LifeEventSubscriptions,LifeEventSubscriptionID,PK_LifeEventSubscription
dbo,LifeEventTableField,LifeEventTableFieldID,PK_LifeEventTableField
dbo,ListItem,ListItemID,PK_ListItem
dbo,ListItemConfiguration,ListItemID,PK_ListItemConfiguration
dbo,ListItemLanguage,ListItemLanguageID,PK_ListItemLanguage_1
dbo,Lists,ListID,PK_Lists
dbo,LiveChatMissed,LiveChatMissedID,PK_LiveChatMissed
dbo,LMSCourseActivity,LMSCourseActivityID,PK_LMSCourseActivity
dbo,LMSModuleActivity,LMSModuleActivityID,PK_LMSModuleActivity
dbo,LmsUserGroupEnrollment,ID,PK__LmsUserG__3214EC27EB1959D3
dbo,LMSUsers,UserID,PK_LMSUsers
dbo,LocationCapture,LocationCaptureID,PK_LocationCapture
dbo,Locker,LockerID,PK_Locker
dbo,LongListItem,ListItemID,PK_LongListItem
dbo,LSA_BedNightRefreshHistory,LSA_BedNightRefreshHistoryID,PK__LSA_BedN__F8F730E608B30E89
dbo,LSA_Report,ReportID,PK__LSA_Repo__D5BD48E52B90BDB8
dbo,LSAReportSetup_Organization,OrganizationEntryID,PK__LSARepor__5CB92936AAEB1CD8
dbo,LSAReportSetup_Program,ProgramEntryID,PK__LSARepor__48B4F1FC902352CB
dbo,MailChimpCampaign,CampaignID,PK_MailChimpCampaign
dbo,MailChimpList,ListID,PK_MailChimpList
dbo,MailChimpListCategory,ListCategoryID,PK_MailChimpListCategory
dbo,MailChimpListMember,ListMemberID,PK_MailChimpListMember
dbo,MailList,MailListID,PK_MailList
dbo,MailListQuery,MailListID,PK_MailListQuery
dbo,MailListQuery,QueryID,PK_MailListQuery
dbo,MajorType,MajorTypeID,PK_MajorType
dbo,MajorTypeStep,MajorTypeStepID,PK_MajorTypeStep
dbo,MasterMapping,ID,PK_MasterMapping
dbo,MasterReferral,MasterReferralID,PK_MasterReferral
dbo,MasterReferralBatch,MasterReferralBatchID,PK_MasterReferralBatch
dbo,MasterReferralOutcome,MasterReferralOutcomeID,PK_MasterReferralOutcome
dbo,MasterReferralServiceType,MasterReferralServiceTypeID,PK_MasterReferralServiceType
dbo,MasterReferralSrvcNeed,MasterReferralSrvcNeedID,PK_MasterReferralSrvcNeed
dbo,MatchJunction,MatchID,PK_MatchJunction
dbo,MediaRelease,MediaReleaseID,PK_MediaRelease
dbo,MedicalBillingTracking,ChargeEntryID,pk_Tracking
dbo,MedicalBillingTracking,DocumentID,pk_Tracking
dbo,MedicalBillingTrigger,CustomerOrgID,pk_Trigger
dbo,MedicalBillingTrigger,PayerEntityID,pk_Trigger
dbo,MedicalBillingTrigger,JMS_QueueExt,pk_Trigger
dbo,MedicationAdmin,MedicationAdminID,PK_MedicationAdminID
dbo,MedicationAdminMedication,MedicationAdminMedicationID,PK_MedicationAdminMedication
dbo,MedicationAdminMedicationOtherInfo,MedicationAdminMedicationID,PK_MedicationAdminMedicationOtherInfo
dbo,MedicationDispenseSchedule,MedicationDispenseScheduleID,PK_MedicationDispenseSchedule
dbo,MedicationMasterRefill,MedicationMasterRefillID,PK_MedicationMasterRefill
dbo,MedicationPurpose,MedicationID,PK_MedicationPurpose
dbo,MedicationPurpose,Purpose,PK_MedicationPurpose
dbo,MedicationRefill,MedicationRefillID,PK_MedicationRefill
dbo,MedicationRefillDispenseSchedule,MedicationRefillDispenseScheduleID,PK_MedicationRefillDispenseSchedule
dbo,MedicationRefillOtherInfo,MedicationRefillID,PK_MedicationRefillOtherInfo
dbo,Medications,MedicationID,PK_Medications
dbo,MedicationsOtherInfo,MedicationID,PK_MedicationsOtherInfo
dbo,MedicationType,MedicationTypeID,PK_MedicationType
dbo,MedicationTypeCategory,MedicationCategoryID,PK_MedicationTypeCategory
dbo,MedicationTypeCategoryType,MedicationTypeID,PK_MedicationTypeCategoryType
dbo,MedicationTypeCategoryType,CategoryID,PK_MedicationTypeCategoryType
dbo,MedWaiverType,MedWaiverTypeID,PK_MedWaiverTypeID
dbo,MentalHealthHistory,MentalHealthHistoryID,PK_MentalHealthHistory
dbo,MentalHealthHistoryEvents,MentalHealthHistoryID,PK_MentalHealthHistoryEvents
dbo,MentalHealthHistoryEvents,EventID,PK_MentalHealthHistoryEvents
dbo,Menu,MenuID,PK_Menu
dbo,MenuRule,MenuID,PK_MenuRule
dbo,MenuRule,RuleID,PK_MenuRule
dbo,MergedClients,MergedClientsID,PK_MergedClients
dbo,MergedClientSumm,MergedClientSummID,PK_MergedClientSumm
dbo,MergedError,MergedErrorID,PK_MergedError
dbo,MergeTableSync,MergeTableSyncID,PK_MergeTableSync
dbo,MergeTableSyncStatus,StatusID,PK__MergeTab__C8EE20432626374A
dbo,Mortgage,ClientAccountID,PK_Mortgage
dbo,MortgageRateFactor,MortgageRateFactorID,PK_MortgageRateFactor
dbo,MultiSelectValue,MultiSelectValueID,PK_MultiSelectValue
dbo,NAICSType,NAICSTypeID,PK_NAICSType
dbo,NAICSTypeCategory,CategoryID,PK_NAICSTypeCategory
dbo,NewJobHistory,NewJobID,PK_NewJobHistory
dbo,NewsFeed,NewsFeedID,PK_NewsFeed
dbo,NewsFeedType,NewsFeedTypeID,PK_NewsFeedType
dbo,NonAssessmentType,NonAssessmentTypeID,PK_NonAssessmentType
dbo,NonEntitySecurity,NonEntitySecurityID,PK_NonEntitySecurity
dbo,NPICategory,NPICategoryID,PK_NPICategory
dbo,NPIList,NPIListID,PK_NPIList
dbo,NPIListGoalType,NPIListGoalTypeID,PK_NPIListGoalType
dbo,NPIOrganization,NPIOrganizationID,PK_NPIOrganization
dbo,NPIProgram,NPIProgramID,PK_NPIProgram
dbo,NPIRoma,NPIRomaID,PK_NPIRoma
dbo,NPIService,NPIServiceID,PK_NPIService
dbo,NPIType,NPITypeID,PK_NPIType
dbo,Observation,ObservationID,PK_Observation
dbo,ObservationArea,ObservationID,PK_ObservationArea
dbo,ObservationArea,ObservationArea,PK_ObservationArea
dbo,ONETCodes,ONETID,PK_ONETCodes
dbo,Opportunity,OpportunityID,PK_Opportunity
dbo,Organization,EntityID,PK_Organization
dbo,OrganizationExt,OrganizationID,PK_OrganizationExt
dbo,OrganizationFile,OrganizationID,PK_OrganizationFile_1
dbo,OrganizationTypeCategory,OrganizationTypeCategoryID,PK_OrganizationTypeCategory
dbo,OrganizationTypeCategoryType,OrganizationTypeCategoryTypeID,PK_OrganizationTypeCategoryType
dbo,OrgAuditTypes,OrgAuditTypesID,PK_OrgAuditTypes
dbo,OrgGroup,OrgGroupID,PK_OrgGroup
dbo,OrgGroupMember,OrgGroupID,PK_OrgGroupMember
dbo,OrgGroupMember,OrganizationID,PK_OrgGroupMember
dbo,Outcome,OutcomeID,PK_Outcome
dbo,OutcomeDomain,DomainID,PK_OutcomeDomain
dbo,OutcomeDomainExt,OutcomeDomainID,PK_OutcomeDomainExt
dbo,OutcomeDomainNotes,OutcomeDomainNotesID,PK__OutcomeD__2B30181279397851
dbo,OutcomeMatrixScore,OutcomeMatrixScoreID,PK_OutcomeMatrixScoreExt
dbo,OutcomeScore,ScoreID,PK_OutcomeScore
dbo,OutcomeScoreGroup,ScoreGroupID,PK_OutcomeScoreGroup
dbo,OutcomeScoreRepo,ScoreRepoID,PK_OutcomeScoreRepo
dbo,P_ActivityType,P_ActivityTypeID,PK_P_ActivityType
dbo,P_CourtOrderIntake,P_CourtOrderIntakeID,PK_P_CourtOrderIntake
dbo,P_CourtOrderIntakeStoreLoc,P_CourtOrderIntakeID,PK_P_CourtOrderIntakeStoreLoc
dbo,P_VolunteerIntake,P_VolunteerIntakeID,PK_P_VolunteerIntake
dbo,P_VolunteerIntakeDay,P_VolunteerIntakeID,PK_P_VolunteerIntakeDay
dbo,P_VolunteerIntakeDay,DayID,PK_P_VolunteerIntakeDay
dbo,P_VolunteerIntakeMediaExc,P_VolunteerIntakeID,PK_P_VolunteerIntakeMediaExc
dbo,P_VolunteerIntakeMediaExc,MediaExcID,PK_P_VolunteerIntakeMediaExc
dbo,P_VolunteerIntakeReferred,P_VolunteerIntakeID,PK_P_VolunteerIntakeReferred
dbo,P_VolunteerIntakeReferred,ReferredID,PK_P_VolunteerIntakeReferred
dbo,P_VolunteerIntakeStoreLoc,P_VolunteerIntakeID,PK_P_VolunteerIntakeStoreLoc
dbo,P_VolunteerIntakeStoreLoc,StoreLocID,PK_P_VolunteerIntakeStoreLoc
dbo,P_VolunteerIntakeTime,P_VolunteerIntakeID,PK_P_VolunteerIntakeTime
dbo,P_VolunteerIntakeTime,TimeID,PK_P_VolunteerIntakeTime
dbo,P_VolunteerIntakeVitaExt,P_VolunteerIntakeID,PK_P_VolunteerIntakeID
dbo,ParentEntityEntityContact,ParentEntityEntityContactID,PK_ParentEntityEntityContact
dbo,PaymentMethod,PaymentMethodID,PK_PaymentMethod
dbo,PaymentMethodCard,PaymentMethodCardID,PK_PaymentMethodCard
dbo,PaymentMethodCheck,PaymentMethodCheckID,PK_PaymentMethodCheck
dbo,PaymentMethodLog,PaymentMethodLogID,PK_PaymentMethodLog
dbo,PaymentTransaction,PaymentTransactionID,PK_dbo.PaymentTransaction
dbo,PDFExportMapping,PDFID,PK_PDFExportMapping
dbo,PhoneTextingLog,PhoneTextingLogID,PK_PhoneTextingLog
dbo,PinPage,PinPageID,PK_PinPage
dbo,PIRProvider,PIRProviderID,PK_PIRProvider
dbo,PIRReportInfo,PIRReportInfoID,PK_PIRReportInfo
dbo,PITProgramEntry,PITProgramEntryID,PK_PITProgramEntry
dbo,PITReportSetup,PITSetupID,PK_PITReportSetup
dbo,PivotData,RowID,PK_PivotData
dbo,PivotInstance,PivotInstanceID,PK_PivotInstance
dbo,PivotView,ID,PK_PivotView
dbo,PlannedEncounterGroup,PlannedEncounterGroupID,PK_PlannedEncounterGroupID
dbo,PlannedEncounterGroupDependency,PlannedEncounterGroupDependencyID,PK_PlannedEncounterGroupDependency
dbo,PlannedEncounterGroupItem,PlannedEncounterGroupItemID,PK_PlannedEncounterGroupItem
dbo,PlanType,PlanTypeID,PK_PlanType
dbo,PlanTypeCategory,PlanTypeCategoryID,PK_PlanTypeCategory
dbo,PlanTypeCategoryType,PlanTypeID,PK_PlanTypeCategoryType
dbo,PlanTypeCategoryType,PlanCategoryID,PK_PlanTypeCategoryType
dbo,PlanTypeGoal,PlanTypeGoalID,PK_PlanTypeGoal
dbo,PlanTypeGoalOutcome,PlanTypeGoalOutcomeID,PK_PlanTypeGoalOutcome
dbo,PlanTypeGoalStep,PlanTypeGoalStepID,PK_PlanTypeGoalStep
dbo,PlanTypeIssue,PlanTypeIssueID,PK_PlanTypeIssue
dbo,PlanTypeOutcome,PlanTypeOutcomeID,PK_PlanTypeOutcome
dbo,PlanTypeProgram,PlanTypeProgramID,PK_PlanTypeProgram
dbo,Pledge,PledgeID,PK_Pledge
dbo,PledgeDetail,PledgeDetailID,PK_PledgeDetail
dbo,PledgePmtSchedule,PledgeScheduleID,PK_PledgePmtSchedule
dbo,PortalRoleSetting,PortalRoleSettingID,PK_PortalRoleSetting
dbo,PortalSetting,PortalSettingID,PK_PortalSetting
dbo,PortalThemeConfig,PortalThemeConfigID,PK_PortalThemeConfiguration
dbo,PovertyServicePricing,PovertyServicePricingID,PK_PovertyServicePricing
dbo,PRDRelease,PRDReleaseID,PK_PRDRelease
dbo,PRDReleaseComments,PRDReleaseID,PK_PRDReleaseComments
dbo,PRDReleaseHotfix,PRDReleaseID,PK_PRDReleaseHotfix
dbo,Pregnancy,PregnancyID,PK_Pregnancy
dbo,PrintFormsCategory,PrintFormsCategoryID,PK_PrintFormsCategory
dbo,PrintFormsCategoryForm,PrintFormsCategoryFormID,PK_PrintFormsCategoryForm
dbo,PrintFormsContext,PrintFormsContextID,PK_PrintFormsContext
dbo,PrisonReentry,ReentryID,PK_PrisonReentry
dbo,Probation,ProbationID,PK_Probation
dbo,Program,ProgramID,PK_Program
dbo,ProgramAccount,ProgramAccountID,PK_ProgramAccount
dbo,ProgramAssessment,ProgramAssessmentID,PK_ProgramAssessment
dbo,ProgramAssessmentEvents,ProgramAssessmentID,PK_ProgramAssessmentEvents
dbo,ProgramAssessmentEvents,AssessmentEvent,PK_ProgramAssessmentEvents
dbo,ProgramAssessmentRule,AssessmentRuleID,PK_ProgramAssessmentRule
dbo,ProgramBarList,BarListID,PK_ProgramBarList
dbo,ProgramBilling,ProgramID,PK_ProgramBilling
dbo,ProgramBudget,ProgramBudgetID,PK_ProgramBudget
dbo,ProgramBudgetDetail,ProgramBudgetDetailID,PK_ProgramBudgetDetail
dbo,ProgramDocuments,ProgramDocID,PK_ProgramDocuments
dbo,ProgramDomainCategory,ProgramDomainCategoryID,PK_ProgramDomainCategory
dbo,ProgramEligibilityResults,EligibilityResultsID,PK_ProgramEligibilityResults_1
dbo,ProgramEligibilityRule,ProgramID,PK_ProgramEligibilityRule
dbo,ProgramEligibilityRule,EligibilityRuleChainID,PK_ProgramEligibilityRule
dbo,ProgramEligibilityRule,RuleID,PK_ProgramEligibilityRule
dbo,ProgramEligibilityRuleChain,EligibilityRuleChainID,PK_ProgramEligibilityRuleChain
dbo,ProgramEligibleRule,EligibleRuleID,PK_ProgramEligibleRule
dbo,ProgramFinancialTypes,ProgramFinancialTypeID,PK_ProgramFinancialTypes
dbo,ProgramHMIS,ProgramID,PK_ProgramHMIS
dbo,ProgramHMISParticipate,ProgramHMISParticipateID,PK_ProgramHMISParticipate
dbo,ProgramNonAssessment,ProgramNonAssessmentID,PK_ProgramNonAssessment
dbo,ProgramNonAssessmentRule,NonAssessmentRuleID,PK_ProgramNonAssessmentRule
dbo,ProgramOrganizationDetails,ProgramOrganizationDetailsID,PK_ProgramOrganizationDetails
dbo,ProgramOutcomes,ProgramOutcomeID,PK_ProgramOutcomes
dbo,ProgramReferral,ProgramReferralID,PK_ProgramReferral
dbo,ProgramReferralService,ProgramReferralServiceID,PK_ProgramReferralService
dbo,ProgramReferralServiceType,ProgramReferralServiceTypeID,PK_ProgramReferralServiceType
dbo,ProgramService,ProgramServiceID,PK_ProgramService
dbo,ProgramServiceBillingRate,ProgramServiceBillingRateID,PK_ProgramServiceBillingRate
dbo,ProgramServiceEligibility,ProgramServiceEligibilityID,PK_ProgramServiceEligibility
dbo,ProgramServiceItem,ProgramServiceItemID,PK_ProgramServiceItem
dbo,ProgramServiceMulti,ProgramServiceMultiID,PK_ProgramServiceMulti
dbo,ProgramServiceMultiService,ProgramServiceMultiServiceID,PK_ProgramServiceMultiService
dbo,ProgramServiceRate,ProgramServiceRateID,PK_ProgramServiceRate
dbo,ProgramServiceRateMap,ProgramServiceRateMapID,PK_ProgramServiceRateMap
dbo,ProgramStationCode,ProgramStationCodeID,PK_[ProgramStationCode
dbo,programTypeCategory,programTypeCategoryID,PK_programTypeCategory
dbo,programTypeCategoryType,programTypeCategoryTypeID,PK_programTypeCategoryType
dbo,ProgramWaitList,WaitListID,PK_ProgramWaitList
dbo,ProgressReport,ProgressReportID,PK_ProgressReport
dbo,Project,ProjectID,PK_Project
dbo,ProjectTask,ProjectTaskID,PK_ProjectTask
dbo,ProjectTaskMeasures,ProjectTaskID,PK_ProjectTaskMeasures
dbo,ProjectTransaction,ProjectTransactionID,PK_ProjectTransaction
dbo,ProjectTransactionExt,ProjectTransactionID,PK_ProjectTransactionExt
dbo,Proposal,ProposalID,PK_ProposalID
dbo,Provider,EntityID,PK_Provider
dbo,ProviderComponentServiceType,ProviderComponentServiceTypeID,PK_ComponentServiceType
dbo,ProviderContact,ProviderContactID,PK_ProviderContact
dbo,ProviderContract,ProviderContractID,PK_ProviderContract
dbo,ProviderContractGroup,ProviderContractGroupID,PK_ProviderContractGroupID
dbo,ProviderContractGroupHis,ProviderContractGroupHisID,PK_ProviderContractGroupHisID
dbo,ProviderContractHold,ProviderContractHoldID,PK_ProviderContractHoldID
dbo,ProviderContractItem,ProviderContractItemID,PK_ProviderContractItem
dbo,ProviderCRM,ProviderID,PK_ProviderCRM
dbo,ProviderEmail,ProviderEmailID,PK_ProviderEmail
dbo,ProviderExtension,ProviderID,PK_ProviderExtension
dbo,ProviderFile,ProviderID,PK_ProviderFile_1
dbo,ProviderGrantee,ProviderID,PK_ProviderID
dbo,ProviderHCS,ProviderID,PK_ProviderHCS
dbo,ProviderHMIS,ProviderID,PK_ProviderHMIS
dbo,ProviderInsuranceExtension,ProviderID,PK_ProviderInsuranceExtension
dbo,ProviderProgramUsage,UsageID,PK_ProviderProgramUsage
dbo,ProviderProperty,ProviderPropertyID,PK_ProviderProperty
dbo,ProviderPropertyHistory,ProviderPropertyHistoryID,PK_ProviderPropertyHistory
dbo,ProviderPropertyUtility,ProviderPropertyUtilityID,PK_ProviderPropertyUtility
dbo,ProviderReferral,ProviderReferralID,PK_ProviderReferral
dbo,ProviderReferralExt,ProviderReferralID,PK_ProviderReferralExt
dbo,ProviderReferralHold,HoldID,PK_ProviderReferralHold
dbo,ProviderReferralOther,ReferralOtherID,PK_ProviderReferralOther_1
dbo,ProviderReferralParent,ProviderReferralParentID,PK_ProviderReferralParent
dbo,ProviderReferralParentAlter,ProviderReferralParentID,PK_ProviderReferralParentAlter
dbo,ProviderReferralParentAlter,AlterID,PK_ProviderReferralParentAlter
dbo,ProviderReferralService,ProviderReferralID,PK_ProviderReferralUsage
dbo,ProviderReferralService,ServiceTypeID,PK_ProviderReferralUsage
dbo,ProviderReferralServiceType,ProviderReferralServiceTypeID,PK_ProviderReferralServiceType
dbo,ProviderReferralVoucher,ProviderReferralID,PK_ProviderReferralVoucher
dbo,ProviderRegion,ProviderRegionID,PK_ProviderRegion
dbo,ProviderService,ProviderServiceID,PK_ProviderService
dbo,ProviderServiceExtension,ProviderServiceID,PK_ProviderServiceExtension
dbo,ProviderServiceRegion,ProviderServiceRegionID,PK_ProviderServiceRegion
dbo,ProviderTeams,ProviderTeamID,PK_ProviderTeams
dbo,ProviderTypeCategory,ProviderTypeCategoryID,PK_AssessProviderTypeCategory
dbo,ProviderTypeCategoryType,ProviderTypeCategoryTypeID,PK_ProviderTypeCategoryType
dbo,ProvServInfo,ProvServInfoID,PK_ProvServInfo
dbo,Query,QueryID,PK_Query
dbo,QueryCategory,QueryCategoryID,PK_QueryCategory
dbo,QueryDataType,DataTypeID,PK_QueryDataType
dbo,QueryFilter,QueryID,PK_QueryFilter_1
dbo,QueryFilter,RuleID,PK_QueryFilter_1
dbo,QueryHistory,QueryHistoryID,PK_QueryHistory
dbo,QueryKeyword,KeywordID,PK_QueryKeyword
dbo,QueryKeywordMapping,QueryKeywordID,PK_QueryKeywordMapping
dbo,QueryParameter,QueryID,PK_QueryParameter
dbo,QueryParameter,ParameterName,PK_QueryParameter
dbo,QuerySelect,QueryID,PK_QuerySelect
dbo,QuerySelect,QueryTableID,PK_QuerySelect
dbo,QuerySelect,ColumnName,PK_QuerySelect
dbo,QuerySelect,ColumnAlias,PK_QuerySelect
dbo,QueryTable,QueryTableID,PK_QueryTable
dbo,Question,QuestionID,PK_Question
dbo,QuestionAnswer,QuestionAnswerID,PK_QuestionAnswer
dbo,QuestionJunction,QuestionJunctionID,PK_QuestionJunction
dbo,QuestionMulti,QuestionID,PK_QuestionMulti
dbo,QuestionMulti,AnswerID,PK_QuestionMulti
dbo,QuestionType,QuestionTypeID,PK_QuestionType
dbo,QuestionTypeCategory,QuestionTypeCategoryID,PK_QuestionTypeCategory
dbo,QuizSurveyQuestion,QuizSurveyQuestionID,PK_QuizSurveyQuestion
dbo,QuizSurveyResults,QuizSurveyResultsID,PK_QuizSurveyResults
dbo,RaceSubGroup,EntityID,PK_RaceSubGroup
dbo,RaceSubGroup,SubRaceID,PK_RaceSubGroup
dbo,RandomizerRequirements,RandomizerRequirementsID,PK_RandomizerRequirements
dbo,RateSchedule,RateScheduleID,PK_RateSchedule
dbo,Rating,RatingID,PK_Rating
dbo,RatingItem,RatingItemID,PK_RatingItem
dbo,ref_lsaColumns,FileNumber,PK__ref_lsaC__E5D0D7A39E81DBE9
dbo,ref_lsaColumns,ColumnNumber,PK__ref_lsaC__E5D0D7A39E81DBE9
dbo,ref_lsaFiles,FileNumber,PK__ref_lsaF__8BD00B70FB042F53
dbo,ref_lsaValues,FileNumber,PK__ref_lsaV__F71C2A10E341CEBC
dbo,ref_lsaValues,ColumnNumber,PK__ref_lsaV__F71C2A10E341CEBC
dbo,ref_lsaValues,intValue,PK__ref_lsaV__F71C2A10E341CEBC
dbo,ReferenceCheck,ReferenceCheckID,PK_ReferenceCheck
dbo,ReferralHMISExtension,ReferralHMISExtensionID,PK_ReferralHMISExtension
dbo,RefugeeIntake,ClientID,PK_RefugeeIntake
dbo,Region,RegionID,PK_Region
dbo,ReportingHierarchy,ReportingHierarchyID,PK_ReportingHierarchy
dbo,ReportingHierarchyEntity,ReportingHierarchyEntityID,PK_ReportingHierarchyEntity
dbo,ReportingHierarchyUserEntity,UserEntityID,PK_ReportingHierarchyUserEntity
dbo,ReportingPeriod,ReportingPeriodID,PK_ReportingPeriod
dbo,ReportInstance,ReportInstanceID,PK_ReportInstance
dbo,ReportSchedule,ReportScheduleID,PK_ReportSchedule
dbo,ReportScheduleTeam,ReportScheduleTeamID,PK_ReportScheduleTeam
dbo,Request,RequestID,PK_Request
dbo,Resource,ResourceID,PK_Resource
dbo,ResourceAbsence,AbsenceID,PK_ResourceAbsence
dbo,ResourceBarList,BarListID,PK_ResourceBarList
dbo,ResourceHousing,ResourceID,PK_ResourceHousing
dbo,ResourceHousingInventory,HousingInventoryID,PK_ResourceHousingInventory
dbo,ResourceLog,LogID,PK_ResourceLog
dbo,ResourceNote,ResourceNoteID,PK_ResourceNote
dbo,ResourceSlotAllocation,AllocationID,PK_ResourceSlotAllocation
dbo,ResourceSlotAttribute,ResourceAttributeID,PK_ResourceSlotAttribute
dbo,ResourceSlotAttrType,SlotAttributeTypeID,PK_ResourceSlotAttrType
dbo,ResourceUsage,UsageID,PK_ResourceUsage
dbo,ResourceUsageDefaults,ResourceUsageDefaultsID,PK_ResourceUsageDefaults
dbo,ResourceUsageEnroll,UsageEnrollmentID,PK_ResourceUsageEnroll
dbo,ResourceUsageEnrollFoster,UsageEnrollmentID,PK_ResourceUsageEnrollFoster
dbo,ResourceUsageEnrollMedication,ResourceUsageEnrollMedicationID,PK_ResourceUsageEnrollMedication
dbo,ResourceUsageEnrollPattern,ResourceUsageEnrollPatternID,PK_ResourceUsageEnrollPattern
dbo,ResourceUsageEnrollServiceType,ResourceUsageEnrollServiceTypeID,PK_ResourceUsageEnrollServiceType
dbo,ResourceUsageExt,UsageID,PK_ResourceUsageExt
dbo,ResourceUsageFacility,ResourceUsageFacilityID,PK_ResourceUsageFacility
dbo,ResourceUsageHist,ResourceUsageHistID,PK_ResourceUsageHistID
dbo,ResourceUsageHold,UsageHoldID,PK_ResourceUsageHold
dbo,ResourceUsageHousing,UsageID,PK_ResourceUsageHousing
dbo,ResourceUsageInventory,ResourceUsageInventoryID,PK_ResourceUsageInventory
dbo,ResourceUsagePattern,PatternID,PK_ResourceUsagePattern
dbo,ResourceUsageRecurrence,RecurrencePatternID,PK_ResourceUsageRecurrence
dbo,ResourceUsageRecurrenceSlot,RecurrencePatternSlotID,PK_ResourceUsageRecurrenceSlot
dbo,ResourceUsageServiceType,UsageID,PK_ResourceUsageServiceType
dbo,ResourceUsageServiceType,ServiceTypeID,PK_ResourceUsageServiceType
dbo,ResourceUsageServiceType,ResourceUsageServiceTypeID,PK_ResourceUsageServiceType
dbo,ResourceUsageSlot,SlotID,PK_ResourceUsageSlot
dbo,ResourceUsageSlotTypeCategory,ResourceUsageSlotTypeCategoryID,PK_AssessResourceUsageSlotTypeCategory
dbo,ResourceUsageSlotTypeCategoryType,ResourceUsageSlotTypeCategoryTypeID,PK_ResourceUsageSlotTypeCategoryType
dbo,ResourceUsageTypeCategory,ResourceUsageTypeCategoryID,PK_AssessResourceUsageTypeCategory
dbo,ResourceUsageTypeCategoryType,ResourceUsageTypeCategoryTypeID,PK_ResourceUsageTypeCategoryType
dbo,ResourceWaitList,WaitListID,PK_ResourceWaitList
dbo,Review,ReviewID,PK_Review
dbo,RFPExtensionTable,RFPExtensionTableID,PK_RFPExtensionTable
dbo,ROI,ROIID,PK_ROI
dbo,ROIEntityRelease,ROIEntityReleaseID,PK_ROIEntityReleaseID
dbo,ROIIncludeRecordsMulti,ROIIncludeRecordsMulti,PK_ROIIncludeRecordsMulti
dbo,ROITypesRecMulti,ROITypesRecMultiID,PK_ROITypesRecMulti
dbo,RoleDefaults,RoleID,PK_RoleDefaults
dbo,RoleDefaults,EntityTypeID,PK_RoleDefaults
dbo,RoleDefinition,RoleID,PK_UserRole
dbo,RolePreferences,RoleID,PK_RolePreferences
dbo,RolePreferences,EntityTypeID,PK_RolePreferences
dbo,RolePreferences,PreferenceTypeID,PK_RolePreferences
dbo,RoundingType,RoundingTypeID,PK_RoundingType
dbo,Rule,RuleID,PK_QueryFilter
dbo,RunRandomizer,RunRandomizerID,PK_RunRandomizer
dbo,RunRandomizerDrug,RunRandomizerDrugID,PK_RunRandomizerDrug
dbo,RunRandomizerDrugItem,RunRandomizerDrugItemID,PK_RunRandomizerDrugItem
dbo,RunRandomizerItem,RunRandomizerItemID,PK_RunRandomizerItem
dbo,RunRandomizerUsage,RunRandomizerUsageID,PK_RunRandomizerUsage
dbo,RyanWhiteDataEntry,RyanWhiteReportID,PK_RyanWhiteDataEntry
dbo,RyanWhiteOrganizationEntry,RyanWhiteOrganizationEntryID,PK_RyanWhiteOrganizationEntry
dbo,RyanWhiteProgramEntry,RyanWhiteProgramEntryID,PK_RyanWhiteProgramEntry
dbo,SavedReportParamPermission,SavedReportParamPermissionID,PK_SavedReportParamPermission
dbo,ScanCardIdentifier,ScanCardIdentifierID,PK_ScanCardIdentifier
dbo,SeasonalBed,ResourceUsageSeasonalID,PK_SeasonalBed
dbo,SecureURLData,UrlID,PK_SecureURLData
dbo,SecurityException,SecurityExceptionID,PK_SecurityException
dbo,SecurityHash,HashID,PK_SecurityHash
dbo,SecurityMOU,MouID,PK_SecurityMOU
dbo,SecurityMOUProgram,SecurityMOUProgramID,PK_SecurityMOUProgram
dbo,Seizures,SeizureID,PK_Seizures
dbo,SeizuresOtherInfo,SeizureID,PK_SeizuresOtherInfo
dbo,SeizureTriggers,SeizureTriggersID,PK_SeizureTriggers
dbo,SeizureWarningSigns,SeizureWarningSignsID,PK_SeizureWarningSigns
dbo,SerEligibilityDocument,SerEligibilityDocumentID,PK_SerEligibilityDocument
dbo,SerEligibilityIncomeLevel,EnrollmentID,PK_SerEligibilityIncomeLevel
dbo,SerEligibilityIncomeLevelHistory,SerEligibilityIncomeLevelHistoryID,PK_SerEligibilityIncomeLevelHistory
dbo,Service,ServiceID,PK_Service
dbo,ServiceActivityType,ServiceActivityTypeID,PK_ServiceActivityType
dbo,ServiceAuthoEligibility,ServiceAuthoEligibilityID,PK_ServiceAuthoEligibility
dbo,ServiceAuthoEligibilityHistory,ServiceAuthoEligibilityHistoryID,PK_ServiceAuthoEligibilityHistory
dbo,ServiceAuthoEligibilityService,ServiceAuthoEligibilityServiceID,PK_ServiceAuthoEligibilityService
dbo,ServiceAuthorization,ServiceAuthorizationID,PK_ServiceAuthorization
dbo,ServiceAuthorizationOther,ServiceAuthorizationOtherID,PK_ServiceAuthorizationOther
dbo,ServiceAuthorizationOtherService,ServiceAuthorizationOtherServiceID,PK_ServiceAuthorizationOtherService
dbo,ServiceAuthorizationSummary,ServiceAuthSumID,PK_ServiceAuthorizationSummary
dbo,ServiceBarList,BarListID,PK_ServiceBarList
dbo,ServiceBillingExtension,ServiceBillingExtensionID,PK_ServiceBillingExtensionID
dbo,ServiceCheckBatch,BatchID,PK_ServiceCheckBatch
dbo,ServiceChildCareCheckIn,ServiceID,PK_ServiceChildCareDCheckIn
dbo,ServiceChildCareDailyLog,ServiceID,PK_ServiceChildCareDailyLog
dbo,ServiceClientTransaction,ClientAccountTransactionID,PK_ServiceClientTransaction_1
dbo,ServiceDocumentationGoal,ServiceDocumentationGoalID,PK_ServiceDocumentationGoalID
dbo,ServiceEligibility,ServiceEligibilityID,PK_ServiceEligibility
dbo,ServiceEligibilityDetail,ServiceEligibilityDetailID,PK_ServiceEligibilityDetail
dbo,ServiceEligibilityRemainTemp,ServiceEligibilityRemainTempID,PK_ServiceEligibilityRemainTemp
dbo,ServiceEmploymentReportPrograms,ServiceEmploymentReportProgramsID,PK_ServiceEmploymentReportPrograms
dbo,ServiceEmploymentReportServices,ServiceEmploymentReportServicesID,PK_ServiceEmploymentReportServices
dbo,ServiceEmploymentReportSetup,ServiceEmploymentReportSetupID,PK_ServiceEmploymentReportSetup
dbo,ServiceExtension,ServiceID,PK_ServiceExtension
dbo,ServiceHistoryJournal,ServiceHistoryJournal,PK_ServiceHistoryJournal
dbo,ServiceHMISExtension,ServiceID,PK_ServiceHMISExtension
dbo,ServiceIndirect,ServiceID,PK_ServiceIndirect
dbo,ServiceIssueType,ServiceID,PK_ServiceIssueType
dbo,ServiceIssueType,IssueTypeID,PK_ServiceIssueType
dbo,ServiceItem,ServiceItemID,PK_ServiceItem
dbo,ServiceLease,ServiceID,PK_ServiceLease
dbo,ServiceLeaseClient,ServiceID,PK_ServiceLeaseClient
dbo,ServiceMedicalExt,ServiceID,PK_ServiceMedicalExt
dbo,ServicePayment,PaymentID,PK_ServicePayment
dbo,ServicePaymentCheck,CheckID,PK_ServicePaymentCheck
dbo,ServicePlanComponentType,ServicePlanComponentTypeID,PK_ServicePlanComponentType
dbo,ServicePlanComponentTypeAudit,ServicePlanComponentTypeAuditID,PK_ServicePlanComponentTypeAudit
dbo,ServicePlanGoalOutcome,ServicePlanGoalOutcomeID,PK_ServicePlanGoalOutcome
dbo,ServicePlanGoals,PlanGoalID,PK_ServicePlanGoals
dbo,ServicePlanHistory,PlanHistoryID,PK_PlanHistory
dbo,ServicePlanIEP,EnrollmentServicePlanID,PK_ServicePlanIEP
dbo,ServicePlanIEPAudit,EnrollmentServicePlanAuditID,PK_ServicePlanIEPAudit
dbo,ServicePlanOutcome,ServicePlanOutcomeID,PK_ServicePlanOutcome
dbo,ServicePlanServiceType,ServicePlanServiceTypeID,PK_ServicePlanServiceType
dbo,ServicePost,ServicePostID,PK_ServicePost
dbo,ServiceReceipt,ReceiptID,PK_Receipt
dbo,ServiceReferral,ServiceID,PK_ServiceReferral
dbo,ServiceReportingMap,ReportingMapID,PK_ServiceReportingMap
dbo,ServiceReportingMapOpt,MapOptID,PK_ServiceReportingMapOpt
dbo,ServiceResource,ServiceID,PK_ServiceResource
dbo,ServiceResourceEnroll,ServiceID,PK_ServiceResourceEnroll
dbo,ServiceResourceServiceType,ServiceResourceServiceTypeID,PK_ServiceResourceServiceType
dbo,ServiceResourceServiceType,UsageEnrollmentID,PK_ServiceResourceServiceType
dbo,ServiceResourceServiceType,ServiceTypeID,PK_ServiceResourceServiceType
dbo,ServiceTardyExtension,ServiceID,PK_ServiceTardyExtension
dbo,ServiceTransaction,TransactionID,PK_ServiceTransaction_1
dbo,ServiceType,ServiceTypeID,PK_ServiceType
dbo,ServiceTypeCategory,ServiceTypeID,PK_ServiceTypeCategory
dbo,ServiceTypeCategory,CategoryID,PK_ServiceTypeCategory
dbo,ServiceTypeCategoryType,CategoryID,PK_ServiceTypeCategoryType
dbo,ServiceTypeDuplicate,ServiceTypeID,PK_ServiceTypeDuplicate
dbo,ServiceTypeDuplicate,ServiceDuplicate,PK_ServiceTypeDuplicate
dbo,ServiceTypeExt,ServiceTypeID,PK_ServiceTypeExt
dbo,ServiceTypeHCBSExt,ServiceTypeID,PK_ServiceTypeHCBSExt
dbo,ServiceTypeHistory,ServiceTypeHistoryID,PK_ServiceTypeHistory
dbo,ServiceTypeMap,ServiceTypeMapID,PK_ServiceTypeMap
dbo,ServiceTypeMedicalExt,ServiceTypeID,PK_ServiceTypeMedicalExt
dbo,ServiceTypeUnitValue,ServiceTypeUnitValueID,PK_ServiceTypeUnitValue
dbo,ServiceTypeUsage,ServiceTypeID,PK_ServiceTypeUsage
dbo,ServiceTypeUsage,ServiceUsage,PK_ServiceTypeUsage
dbo,ServiceTypeUValue,ServiceTypeUValueID,PK_ServiceTypeUValue
dbo,ServiceTypeWZDetails,ServiceTypeWZDetailsID,PK_ServiceTypeWZDetails
dbo,ServiceWaitList,WaitListID,PK_ServiceWaitList
dbo,SexualAssaultTracking,SexualAssaultTrackingID,PK_SexualAssaultTracking
dbo,SICNAICSBridge,SICNAICSBridgeID,PK_SICNAICSBridge
dbo,SICType,SICTypeID,PK_SICType
dbo,SICTypeCategory,CategoryID,PK_SICTypeCategory
dbo,SignatoryType,SignatoryTypeID,PK_SignatoryType
dbo,Signature,SignatureID,PK_Signature_New
dbo,SignatureNote,NoteSignatureID,PK_SignatureNote
dbo,SignaturesAssessHousingLease,SignaturesAssessHousingLeaseID,PK_SignaturesAssessHousingLease
dbo,SignaturesAssessHousingLeaseUser,SignaturesAssessHousingLeaseUserID,PK_SignaturesAssessHousingLeaseUser
dbo,SignaturesCaseNotes,CaseNotesSignaturesID,PK_CaseNotesSignatures
dbo,SiteVisit,SiteVisitID,PK_SiteVisitID
dbo,Skills,SkillID,PK_Skills
dbo,SkillType,SkillTypeID,PK_SkillType
dbo,SlotHistory,SlotHistoryID,PK_SlotHistory
dbo,SlotInterval,SlotIntervalID,PK_SlotInterval
dbo,SMSFromPhoneNumber,EntityID,PK_SMSFromPhoneNumber
dbo,SMSHandler,SMSHandlerID,PK_SMSHandler
dbo,SMSLog,SMSLogID,PK_SMSLog
dbo,SNAPProgramatic,SNAPProgramaticID,PK_SNAPProgramaticID
dbo,SOCType,SOCTypeID,PK_SOCType
dbo,SOCTYPEBROADCATEGORYTYPE,SOCTYPEBROADCATEGORYTYPEID,PK_SOCTYPEBROADCATEGORYTYPE
dbo,SOCTYPEMAJORCATEGORYTYPE,SOCTYPEMAJORCATEGORYTYPEID,PK_SOCTYPEMAJORCATEGORYTYPE
dbo,SOCTYPEMINORCATEGORYTYPE,SOCTYPEMINORCATEGORYTYPEID,PK_SOCTYPEMINORCATEGORYTYPE
dbo,SourceTargetJunction,SourceTargetJunctionID,PK_SourceTargetJunction
dbo,SSOApplication,SSOApplicationID,PK_SSOApplication
dbo,SSOProjectsResidentialProjects,SSOProgramID,PK_SSOProjectsResidentialProjects
dbo,SSOProjectsResidentialProjects,ResidentialProgramID,PK_SSOProjectsResidentialProjects
dbo,StatusHistory,StatusHistoryID,PK_StatusHistory_StatusHistoryID
dbo,Stock,StockID,PK_Stock
dbo,StoredAssessmentType,StoredAssessmentTypeID,PK_StoredAssessmentType
dbo,SUAServiceUnitRequeue,SUAServiceUnitRequeueID,PK_SUAServiceUnitRequeue
dbo,SUAServiceUnitRequeueServices,SUAServiceUnitRequeueServicesID,PK_SUAServiceUnitRequeueServices
dbo,SubstanceAbuseLineItem,SubstanceAbuseLineItemID,PK_SubstanceAbuseLineItemID
dbo,SubStatusJournal,SubStatusJournalID,PK_SubStatusJournal
dbo,SubTestType,SubTestTypeID,PK_SubTestType
dbo,SuccessStory,SuccessStoryID,PK_SuccessStory
dbo,SuggestDefaultTypeAndTable,SuggestID,PK_SuggestDefaultTypeAndTable
dbo,SuggestGoalOutcome,SuggestID,PK_SuggestGoalOutcome
dbo,SuggestIssueGoal,SuggestID,PK_SuggestIssueGoal
dbo,SuggestIssueOutcome,SuggestID,PK_SuggestIssueOutcome
dbo,SuggestIssueProgram,SuggestID,PK_SuggestIssueProgram
dbo,SuggestIssueService,SuggestID,PK_SuggestIssueService
dbo,SuggestIssueUsage,SuggestID,PK_SuggestIssueUsage
dbo,SuggestPlanTypeProgramGoal,SuggestID,PK_SuggestPlanTypeProgramGoal
dbo,SuggestProgramGoal,SuggestID,PK_SuggestProgramGoal
dbo,SuggestQuestionTypeCategoryProgram,SuggestID,PK_SuggestQuestionTypeCategoryProgram
dbo,SuggestUsageProgram,SuggestID,PK_SuggestUsageProgram
dbo,SurveyCatBridge,EntitySurveyID,PK_SurveyCatBridge
dbo,SurveyCatBridge,CategoryID,PK_SurveyCatBridge
dbo,SurveyQuestionCategoryType,SurveyQuestionCategoryTypeID,PK_SurveyQuestionCategoryType
dbo,SurveyType,SurveyTypeID,PK_SurveyType
dbo,SurveyTypeQuestionType,SurveyTypeQuestionTypeID,PK_SurveyTypeQuestionType
dbo,sysdiagrams,diagram_id,PK__sysdiagrams__7D78A4E7
dbo,TaskMgmtObjectMap,TaskMgmtObjectMapID,PK_TaskMgmtObjectMap
dbo,TaxCredit,TaxCreditID,PK_TaxCredit
dbo,TaxCreditTransaction,TaxCreditTransactionID,PK_TaxCreditTransaction
dbo,TaxType,TaxTypeID,PK_TaxType
dbo,TemplateCustomFields,TemplateID,PK_TemplateCustomFields
dbo,TemplateCustomFields,CustomField,PK_TemplateCustomFields
dbo,TestResults,TestResultID,PK_TestResults
dbo,TestResultsDevelopmental,TestResultID,PK_TestResultsDevelopmental
dbo,TestResultsEducation,TestResultID,PK_TestResultsEducation
dbo,TestResultsMedical,TestResultID,PK_TestResultsMedical
dbo,TestResultsVisionHearing,TestResultID,PK_TestResultsVisionHearing
dbo,TestType,TestTypeID,PK_TestType
dbo,TestTypeContext,TestTypeContextID,PK_TestTypeContext
dbo,TestTypeSubTest,TestTypeSubTestID,PK_TestTypeSubTest
dbo,Thread,ThreadID,PK_Thread
dbo,ThreadSummary,ThreadSummaryID,PK_ThreadSummary
dbo,ThreadUser,ThreadUserID,PK_ThreadUser
dbo,Time,TimeID,PK_Time
dbo,TimeActivityLocation,TimeActivityLocationID,PK_TimeActivityLocation
dbo,TimeCostCenters,CostCenterID,PK_TimeCostCenters
dbo,TimeEntry,TimeID,PK_TimeEntry
dbo,TimeOff,TimeOffID,PK_TimeOff
dbo,TimePhase,TimePhaseID,PK_TimePhase_TimePhaseID
dbo,TrainingCertificate,ModuleID,PK_TrainingCertificate
dbo,TrainingCourse,CourseID,PK_TrainingCourse
dbo,TrainingCourseInstance,CourseInstanceID,PK_TrainingInstance
dbo,TrainingCourseInstanceScore,CourseInstanceScoreID,PK_TrainingCourseInstanceScore
dbo,TrainingCourseVersion,CourseVersionID,PK_TrainingCourseVersion
dbo,TrainingGrade,GradeID,PK_TrainingGrade
dbo,TrainingLMSModule,ModuleID,PK_TrainingLMSModule
dbo,TrainingModule,ModuleID,PK_TrainingModule
dbo,TrainingOption,OptionID,PK_TrainingOption
dbo,TrainingQuestion,QuestionID,PK_TrainingQuestion
dbo,TrainingScoring,ScoringID,PK_TrainingScoring
dbo,TrainingSlide,SlideID,PK_TrainingSlide
dbo,TransactionType,TransactionTypeID,PK_TransactionType
dbo,TransactionTypeConfig,ID,PK_TransactionTypeConfig_1
dbo,TransactionTypeConfigExt,ID,PK_TransactionTypeConfigExt
dbo,TransportationRequest,TransportationRequestID,PK_TransportationRequest
dbo,TypeClass,TypeClassID,PK_TypeClass
dbo,UnitedWayComplDetail,UnitedWayComplDetailID,CON_PK_UnitedWayComplDetail
dbo,UnitedWayCompliance,UWComplianceID,PK_UnitedWayCompliance
dbo,UnitedWayComplianceDetail,UWComplianceDetailID,PK_UnitedWayComplianceDetail
dbo,UnitedWayProgClient,UnitedWayProgClientID,CON_PK_UnitedWayProgClient
dbo,UnitValueType,UnitValueTypeID,PK_UnitValueType
dbo,UnitValueTypeCategoryType,CategoryID,PK_UnitValueTypeCategoryType
dbo,UnShelteredBed,UnShelteredBedID,PK_UnShelteredBed
dbo,UpdatedClientList,EntityID,PK_UpdatedClientList
dbo,URLLibrary,URLLibraryID,PK_URLLibrary
dbo,UsageEndReservation,UsageEndReservationID,PK_UsageEndReservation
dbo,UsageEndReservationUsage,UsageEndReservationID,PK_UsageEndReservationUsage
dbo,UsageEndReservationUsage,UsageID,PK_UsageEndReservationUsage
dbo,UsefulTip,UsefulTipID,PK_UsefulTip
dbo,UserCalendarSync,UserID,PK_UserCalendarSync
dbo,UserClientTime,UserClientTimeID,PK_UserClientTime
dbo,UserExt,EntityID,PK_UserExt_1
dbo,UserFormDefault,UserFormDefaultId,PK_UserFormDefault
dbo,UserHistory,SessionID,PK_UserHistory
dbo,UserLanguage,UserLanguageID,PK_UserLanguage
dbo,UserLoginHistory,ID,PK_UserLoginHistory
dbo,UserOrganization,UserOrganizationID,PK_UserOrganization
dbo,UserPasswordHistory,HistoryID,PK_UserPasswordHistory
dbo,UserPortalLocation,UserID,PK_UserPortalLocation
dbo,UserProviders,UserProviderID,PK_UserProviders
dbo,UserRole,UserRoleID,PK_UserRole_1
dbo,Users,EntityID,PK_Users
dbo,UserSkills,SkillID,PK_UserSkills
dbo,UserSkillTypes,SkillTypeID,PK_UserSkillTypes
dbo,UserSpeechProfile,UserSpeechProfileId,PK_UserSpeechProfile
dbo,UserSupervisorHistory,UserSupervisorHistoryID,PK_UserSupervisorHistory
dbo,UsersUsage,UsersUsageID,PK_UsersUsageID
dbo,UserTokens,TokenID,Pk_UserTokens
dbo,UserTypeCategory,UserTypeCategoryID,PK_UserTypeCategory
dbo,UserTypeCategoryType,UserTypeCategoryTypeID,PK_UserTypeCategoryType
dbo,VAMCStationCodes,VAMCStationCodeID,PK_VAMCStationCode
dbo,VersionHistory,VersionHistoryID,PK_VersionHistory
dbo,VeteranEra,VeteranEraID,PK_VeteranEra
dbo,VeteranEraType,VeteranEraTypeID,PK_VeteranEraType
dbo,ViewedAssessments,ViewedAssessmentsID,PK_ViewedAssessmentsID
dbo,ViewJob,ViewJobID,PK_ViewJob
dbo,Vital,VitalID,PK_Vital
dbo,VolunteerTime,VolunteerTimeID,PK_VolunteerTime
dbo,WaitListPoints,WaitListPointsID,PK_WaitListPoints
dbo,WebServiceDatabind,WebServiceID,PK_WebServiceDatabind
dbo,WeightForAgeType,WeightForAgeTypeID,PK_WeightForAgeType
dbo,WIOAServiceExtension,ServiceID,PK_WIOAServiceExtension
dbo,Workflow,WorkflowID,PK_Workflow
dbo,WorkflowImport,WorkflowImportID,PK_WorkflowImport
dbo,WorkflowImportXmlData,WorkflowImportXmlDataID,PK_WorkflowImportXmlData
dbo,WorkflowInstance,WorkflowInstanceID,PK_WorkflowInstance
dbo,WorkflowInstanceStatus,WorkflowInstanceID,PK_WorkflowInstanceStatus
dbo,WorkflowInstanceStatus,WorkflowStepID,PK_WorkflowInstanceStatus
dbo,WorkflowRouting,RoutingID,PK_WorkflowRouting
dbo,WorkflowStep,WorkflowStepID,PK_WorkflowStep
dbo,WorkflowStepDependency,ID,PK_WorkflowStepDependency
dbo,WorkflowStepRule,WorkflowStepID,PK_WorkflowStepRule
dbo,WorkflowStepRule,RuleID,PK_WorkflowStepRule
dbo,WorkflowStepType,StepTypeID,PK_WorkflowStepType
dbo,WorkHistory,WorkHistoryID,PK_WorkHistory
dbo,WorkHistoryBenefitType,BenefitTypeID,PK_WorkHistoryBenefitType
dbo,WorkHistoryBenefitType,WorkHistoryID,PK_WorkHistoryBenefitType
dbo,WorkHistoryJournal,WorkHistoryJournalID,PK_WorkHistoryJournal
dbo,WorkHistoryOtherInfo,WorkHistoryID,PK_WorkHistoryOtherInfo
dbo,WorkReferral,WorkReferralID,PK_WorkReferral
dbo,WriteOffs,WriteOffID,PK_WriteOffs
dbo,WZEnergyBTU,WZEnergyBTUID,PK_WZEnergyBTU
dbo,WZJobCompletion,WZJobCompletionID,PK_WZJobCompletionID
dbo,WZOwnerInvestment,WZOwnerInvestmentID,PK_WZOwnerInvestmentID
dbo,WZQualityControlInspection,ProjectID,PK_WZQualityControlInspection
dbo,ZipCode,ZipCode,PK_ZipCode
dbo,ZipCodeJunction,ZipCodeJunctionID,PK_ProviderZipCodes
dbo,ZipState,State,PK_ZipState
DW,Age,AgeID,PK_DW_Age
DW,DaysInProgram,DaysInProgramID,PK_DW_DaysInProgram
DW,EnrollmentStatus,EnrollmentStatusID,PK_DW_EnrollmentStatus
DW,FamilySize,FamilySizeID,PK_DW_FamilySize
flyingstarts,Module,ModuleID,PK_Module
import,Crosswalk,CrosswalkID,PK_Crosswalk
import,CrosswalkMap,CrosswalkMapID,PK_CrosswalkMap
import,EntityMetaData,EntityMetaDataID,PK_EntityMetaData
import,ExportType,ExportTypeID,PK_ExportType
import,HMISImportMapping_Client,CW_ClientID,PK_HMISImportMapping_Client
import,HMISImportMapping_ProjectCoC,CW_ProjectCoCID,PK_HMISImportMapping_ProjectCoC
import,HMISImportSettings,ImportID,PK_HMISImportSettings
import,HMISImportStaging_Affiliation,CW_AffiliationID,PK_HMISImportStaging_Affiliation
import,HMISImportStaging_Assessment,CW_AssessmentID,PK_HMISImportStaging_Assessment
import,HMISImportStaging_AssessmentQuestions,CW_AssessmentQuestionsID,PK_HMISImportStaging_AssessmentQuestions
import,HMISImportStaging_AssessmentResults,CW_AssessmentResultsID,PK_HMISImportStaging_AssessmentResults
import,HMISImportStaging_CEParticipation,CW_CEParticipationID,PK_HMISImportStaging_CEParticipation
import,HMISImportStaging_Client,CW_ClientID,PK_HMISImportStaging_Client
import,HMISImportStaging_CurrentLivingSituation,CW_CurrentLivingSituationID,PK_HMISImportStaging_CurrentLivingSituation
import,HMISImportStaging_Disabilities,CW_DisabilitiesID,PK_HMISImportStaging_Disabilities
import,HMISImportStaging_EmploymentEducation,CW_EmploymentEducationID,PK_HMISImportStaging_EmploymentEducation
import,HMISImportStaging_Enrollment,CW_EnrollmentID,PK_HMISImportStaging_Enrollment
import,HMISImportStaging_Event,CW_EventID,PK_HMISImportStaging_Event
import,HMISImportStaging_Exit,CW_ExitID,PK_HMISImportStaging_Exit
import,HMISImportStaging_Export,CW_ExportID,PK_HMISImportStaging_Export
import,HMISImportStaging_Funder,CW_FunderID,PK_HMISImportStaging_Funder
import,HMISImportStaging_HealthAndDV,CW_HealthAndDVID,PK_HMISImportStaging_HealthAndDV
import,HMISImportStaging_HMISParticipation,CW_HMISParticipationID,PK_HMISImportStaging_HMISParticipation
import,HMISImportStaging_IncomeBenefits,CW_IncomeBenefitsID,PK_HMISImportStaging_IncomeBenefits
import,HMISImportStaging_Inventory,CW_InventoryID,PK_HMISImportStaging_Inventory
import,HMISImportStaging_Organization,CW_OrganizationID,PK_HMISImportStaging_Organization
import,HMISImportStaging_Project,CW_ProjectID,PK_HMISImportStaging_Project
import,HMISImportStaging_ProjectCoC,CW_ProjectCoCID,PK_HMISImportStaging_ProjectCoC
import,HMISImportStaging_Services,CW_ServicesID,PK_HMISImportStaging_Services
import,HMISImportStaging_User,CW_UserID,PK_HMISImportStaging_User
import,HMISImportStaging_YouthEducationStatus,CW_YouthEducationStatusID,PK_HMISImportStaging_YouthEducationStatus
import,Import,ImportID,PK_Import
import,ImportConfiguration,ImportConfigurationID,PK_ImportConfiguration
import,ImportConfigurationContextType,ImportConfigurationContextTypeID,PK_ImportConfigurationContextType
import,ImportCrosswalkMapJunction,ImportCrosswalkMapJunctionID,PK_ImportCrosswalkMapJunction
import,ImportEntityMetaDataJunction,ImportEntityMetaDataJunctionID,PK_ImportEntityMetaDataJunction
import,ImportError,ImportErrorID,PK_ImportError
import,ImportSource,ImportSourceID,PK_ImportSource
import,ImportSourceCode,ImportSourceCodeID,PK_ImportSourceCode
import,ImportSourceEntity,ImportSourceEntityID,PK_ImportSourceEntity
import,ImportSourceModule,ImportSourceModuleID,PK_ImportSourceModule
import,ImportSourceServTrackerConfig,ImportSourceID,PK_ImportSourceServTrackerConfig
import,ImportType,ImportTypeID,PK_ImportType
import,ImportTypeStep,ImportTypeStepID,PK_ImportTypeStep
import,IntegrationModule,IntegrationModuleID,PK_IntegrationModule
import,ModuleExecution,ModuleExecutionID,PK_ModuleExecution
import,ServTrackerDemographicSyncAudit,ServTrackerDemographicSyncAuditID,PK__ServTrac__98CF3AC5C830D90E
import,ServTrackerIntegration_Service,ServTrackerIntegration_ServiceID,PK_ServTrackerIntegration_Service
import,ServTrackerIntegration_ServiceValidationQueue,ServTrackerIntegration_ServiceValidationQueueID,PK_ServTrackerIntegration_ServiceValidationQueue
import,ServTrackerReferralStatus,ProviderReferralID,PK_ServTrackerReferralStatus
import,ServTrackerServiceUnitSyncStatus,ServTrackerServiceUnitSyncStatusID,PK__ServTrac__D9DE471CAB8262A0
powerbi,powerbi_DataChangeLogging,ID,PK_ID
rpt,CalendarReportDaysAndTimes,CalendarReportDaysAndTimesID,PK_rptCalendarReportDaysAndTimes
rpt,Dates,DateID,PK_rptDates
rpt,DateTime,DateTimeID,PK_rpt_DateTime
rpt,HOPWAProgAcct,HOPWAProgAcctID,PK_HOPWAProgAcct
sync,ChildObject,ChildObjectID,PK_ChildObject
sync,ChildObject,ChildObjectTypeID,PK_ChildObject
sync,ChildObjectType,ChildObjectTypeID,PK_ChildObjectType
sync,ImportHistory,ImportHistoryID,PK_ImportHistory
sync,ImportHistoryObject,ImportHistoryObjectID,PK_ImportHistoryObject
sync,ImportHistorySchema,ImportHistorySchemaID,PK_ImportHistorySchema
sync,ImportHistoryTable,ImportHistoryTableID,PK_ImportHistoryTable
sync,Object,ObjectID,PK_ObjectSync
sync,Object,ObjectTypeID,PK_ObjectSync
sync,ObjectType,ObjectTypeID,PK_ObjectType
sync,SyncAction,SyncActionID,PK_SyncAction
sync,SyncError,SyncErrorID,PK_SyncError
sync,VersionRelease,VersionReleaseID,PK_VersionRelease
sync,VersionReleaseObject,VersionReleaseObjectID,PK_VersionReleaseObject
temp,TemplateBackup,TemplateBackupID,PK_TemplateBackup
test,AsmntTable,AssessmentID,PK_AsmntTable
test,TransactionTable,TransactionTableID,PK_TransactionTable
